Warning: Layer 'li1' is missing the optional 'edge capacitance' attribute. (PSYN-101)
Warning: Layer 'met1' is missing the optional 'edge capacitance' attribute. (PSYN-101)
Warning: Layer 'met2' is missing the optional 'edge capacitance' attribute. (PSYN-101)
Warning: Layer 'met3' is missing the optional 'edge capacitance' attribute. (PSYN-101)
Warning: Layer 'met4' is missing the optional 'edge capacitance' attribute. (PSYN-101)
Warning: Layer 'met5' is missing the optional 'edge capacitance' attribute. (PSYN-101)
 
****************************************
Report : area
Design : conv
Version: S-2021.06-SP5-4
Date   : Fri Feb 21 21:33:56 2025
****************************************

Library(s) Used:

    sky130_fd_sc_hd__tt_025C_1v80 (File: /home/users/sophiadu/ee272/ee272_syn/ConvVerilog/build/16-synopsys-dc-synthesis-clock_period-6.0/inputs/adk/stdcells.db)
    sky130_sram_1kbyte_1rw1r_32x256_8_TT_1p8V_25C_lib (File: /home/users/sophiadu/ee272/ee272_syn/ConvVerilog/build/16-synopsys-dc-synthesis-clock_period-6.0/inputs/sram_256_32_tt_1p8V_25C.db)

Number of ports:                         6131
Number of nets:                        216147
Number of cells:                       188848
Number of combinational cells:         162660
Number of sequential cells:             25331
Number of macros/black boxes:             416
Number of buf/inv:                      46825
Number of references:                     185

Combinational area:            1039848.535875
Buf/Inv area:                   218693.489225
Noncombinational area:          510081.693779
Macro/Black Box area:         80105727.000000
Net Interconnect area:      undefined  (No wire load specified)

Total cell area:              81655657.229654
Total area:                 undefined

Core Area:                   3673047
Aspect Ratio:                 1.0011
Utilization Ratio:            0.6357


The above information was reported from the logical library. The following are from the physical library:

  Total moveable cell area: 2796313.1
  Total fixed cell area: 0.0
  Total physical cell area: 2796313.1
 Core area: 0.000, 0.000, 1915.440, 1917.600

Hierarchical area distribution
------------------------------

                                  Global cell area                    Local cell area
                                  ----------------------  ---------------------------------------- 
Hierarchical cell                 Absolute       Percent  Combi-        Noncombi-    Black-
                                  Total          Total    national      national     boxes          Design
--------------------------------  -------------  -------  ------------  -----------  -------------  -----------------------------------------------------------------------------------------------------------------------------------------------------------------------------------------------------------------------------------------------------------------------------------------------
conv                              81655657.2297    100.0   278284.3916   45922.7924  80105727.0000  conv
conv_controller_inst_clk_gate_config_r_reg_0_       18.7680     0.0       0.0000     18.7680        0.0000 conv_SNPS_CLOCK_GATE_HIGH_conv_controller_IFMAP_WIDTH8_WEIGHT_WIDTH8_OFMAP_WIDTH32_ARRAY_WIDTH16_ARRAY_HEIGHT16_WEIGHT_BANK_ADDR_WIDTH13_WEIGHT_BANK_DEPTH8192_IFMAP_BANK_ADDR_WIDTH12_IFMAP_BANK_DEPTH4096_OFMAP_BANK_ADDR_WIDTH8_OFMAP_BANK_DEPTH256_CONFIG_ADDR_WIDTH8_CONFIG_DATA_WIDTH8_5
conv_controller_inst_clk_gate_config_r_reg_10_       18.7680     0.0       0.0000     18.7680        0.0000 conv_SNPS_CLOCK_GATE_HIGH_conv_controller_IFMAP_WIDTH8_WEIGHT_WIDTH8_OFMAP_WIDTH32_ARRAY_WIDTH16_ARRAY_HEIGHT16_WEIGHT_BANK_ADDR_WIDTH13_WEIGHT_BANK_DEPTH8192_IFMAP_BANK_ADDR_WIDTH12_IFMAP_BANK_DEPTH4096_OFMAP_BANK_ADDR_WIDTH8_OFMAP_BANK_DEPTH256_CONFIG_ADDR_WIDTH8_CONFIG_DATA_WIDTH8_14
conv_controller_inst_clk_gate_config_r_reg_11_       18.7680     0.0       0.0000     18.7680        0.0000 conv_SNPS_CLOCK_GATE_HIGH_conv_controller_IFMAP_WIDTH8_WEIGHT_WIDTH8_OFMAP_WIDTH32_ARRAY_WIDTH16_ARRAY_HEIGHT16_WEIGHT_BANK_ADDR_WIDTH13_WEIGHT_BANK_DEPTH8192_IFMAP_BANK_ADDR_WIDTH12_IFMAP_BANK_DEPTH4096_OFMAP_BANK_ADDR_WIDTH8_OFMAP_BANK_DEPTH256_CONFIG_ADDR_WIDTH8_CONFIG_DATA_WIDTH8_15
conv_controller_inst_clk_gate_config_r_reg_12_       18.7680     0.0       0.0000     18.7680        0.0000 conv_SNPS_CLOCK_GATE_HIGH_conv_controller_IFMAP_WIDTH8_WEIGHT_WIDTH8_OFMAP_WIDTH32_ARRAY_WIDTH16_ARRAY_HEIGHT16_WEIGHT_BANK_ADDR_WIDTH13_WEIGHT_BANK_DEPTH8192_IFMAP_BANK_ADDR_WIDTH12_IFMAP_BANK_DEPTH4096_OFMAP_BANK_ADDR_WIDTH8_OFMAP_BANK_DEPTH256_CONFIG_ADDR_WIDTH8_CONFIG_DATA_WIDTH8_16
conv_controller_inst_clk_gate_config_r_reg_13_       18.7680     0.0       0.0000     18.7680        0.0000 conv_SNPS_CLOCK_GATE_HIGH_conv_controller_IFMAP_WIDTH8_WEIGHT_WIDTH8_OFMAP_WIDTH32_ARRAY_WIDTH16_ARRAY_HEIGHT16_WEIGHT_BANK_ADDR_WIDTH13_WEIGHT_BANK_DEPTH8192_IFMAP_BANK_ADDR_WIDTH12_IFMAP_BANK_DEPTH4096_OFMAP_BANK_ADDR_WIDTH8_OFMAP_BANK_DEPTH256_CONFIG_ADDR_WIDTH8_CONFIG_DATA_WIDTH8_17
conv_controller_inst_clk_gate_config_r_reg_14_       18.7680     0.0       0.0000     18.7680        0.0000 conv_SNPS_CLOCK_GATE_HIGH_conv_controller_IFMAP_WIDTH8_WEIGHT_WIDTH8_OFMAP_WIDTH32_ARRAY_WIDTH16_ARRAY_HEIGHT16_WEIGHT_BANK_ADDR_WIDTH13_WEIGHT_BANK_DEPTH8192_IFMAP_BANK_ADDR_WIDTH12_IFMAP_BANK_DEPTH4096_OFMAP_BANK_ADDR_WIDTH8_OFMAP_BANK_DEPTH256_CONFIG_ADDR_WIDTH8_CONFIG_DATA_WIDTH8_18
conv_controller_inst_clk_gate_config_r_reg_15_       18.7680     0.0       0.0000     18.7680        0.0000 conv_SNPS_CLOCK_GATE_HIGH_conv_controller_IFMAP_WIDTH8_WEIGHT_WIDTH8_OFMAP_WIDTH32_ARRAY_WIDTH16_ARRAY_HEIGHT16_WEIGHT_BANK_ADDR_WIDTH13_WEIGHT_BANK_DEPTH8192_IFMAP_BANK_ADDR_WIDTH12_IFMAP_BANK_DEPTH4096_OFMAP_BANK_ADDR_WIDTH8_OFMAP_BANK_DEPTH256_CONFIG_ADDR_WIDTH8_CONFIG_DATA_WIDTH8_19
conv_controller_inst_clk_gate_config_r_reg_16_       18.7680     0.0       0.0000     18.7680        0.0000 conv_SNPS_CLOCK_GATE_HIGH_conv_controller_IFMAP_WIDTH8_WEIGHT_WIDTH8_OFMAP_WIDTH32_ARRAY_WIDTH16_ARRAY_HEIGHT16_WEIGHT_BANK_ADDR_WIDTH13_WEIGHT_BANK_DEPTH8192_IFMAP_BANK_ADDR_WIDTH12_IFMAP_BANK_DEPTH4096_OFMAP_BANK_ADDR_WIDTH8_OFMAP_BANK_DEPTH256_CONFIG_ADDR_WIDTH8_CONFIG_DATA_WIDTH8_20
conv_controller_inst_clk_gate_config_r_reg_17_       18.7680     0.0       0.0000     18.7680        0.0000 conv_SNPS_CLOCK_GATE_HIGH_conv_controller_IFMAP_WIDTH8_WEIGHT_WIDTH8_OFMAP_WIDTH32_ARRAY_WIDTH16_ARRAY_HEIGHT16_WEIGHT_BANK_ADDR_WIDTH13_WEIGHT_BANK_DEPTH8192_IFMAP_BANK_ADDR_WIDTH12_IFMAP_BANK_DEPTH4096_OFMAP_BANK_ADDR_WIDTH8_OFMAP_BANK_DEPTH256_CONFIG_ADDR_WIDTH8_CONFIG_DATA_WIDTH8_21
conv_controller_inst_clk_gate_config_r_reg_18_       18.7680     0.0       0.0000     18.7680        0.0000 conv_SNPS_CLOCK_GATE_HIGH_conv_controller_IFMAP_WIDTH8_WEIGHT_WIDTH8_OFMAP_WIDTH32_ARRAY_WIDTH16_ARRAY_HEIGHT16_WEIGHT_BANK_ADDR_WIDTH13_WEIGHT_BANK_DEPTH8192_IFMAP_BANK_ADDR_WIDTH12_IFMAP_BANK_DEPTH4096_OFMAP_BANK_ADDR_WIDTH8_OFMAP_BANK_DEPTH256_CONFIG_ADDR_WIDTH8_CONFIG_DATA_WIDTH8_22
conv_controller_inst_clk_gate_config_r_reg_19_       18.7680     0.0       0.0000     18.7680        0.0000 conv_SNPS_CLOCK_GATE_HIGH_conv_controller_IFMAP_WIDTH8_WEIGHT_WIDTH8_OFMAP_WIDTH32_ARRAY_WIDTH16_ARRAY_HEIGHT16_WEIGHT_BANK_ADDR_WIDTH13_WEIGHT_BANK_DEPTH8192_IFMAP_BANK_ADDR_WIDTH12_IFMAP_BANK_DEPTH4096_OFMAP_BANK_ADDR_WIDTH8_OFMAP_BANK_DEPTH256_CONFIG_ADDR_WIDTH8_CONFIG_DATA_WIDTH8_23
conv_controller_inst_clk_gate_config_r_reg_1_       18.7680     0.0       0.0000     18.7680        0.0000 conv_SNPS_CLOCK_GATE_HIGH_conv_controller_IFMAP_WIDTH8_WEIGHT_WIDTH8_OFMAP_WIDTH32_ARRAY_WIDTH16_ARRAY_HEIGHT16_WEIGHT_BANK_ADDR_WIDTH13_WEIGHT_BANK_DEPTH8192_IFMAP_BANK_ADDR_WIDTH12_IFMAP_BANK_DEPTH4096_OFMAP_BANK_ADDR_WIDTH8_OFMAP_BANK_DEPTH256_CONFIG_ADDR_WIDTH8_CONFIG_DATA_WIDTH8_6
conv_controller_inst_clk_gate_config_r_reg_20_       18.7680     0.0       0.0000     18.7680        0.0000 conv_SNPS_CLOCK_GATE_HIGH_conv_controller_IFMAP_WIDTH8_WEIGHT_WIDTH8_OFMAP_WIDTH32_ARRAY_WIDTH16_ARRAY_HEIGHT16_WEIGHT_BANK_ADDR_WIDTH13_WEIGHT_BANK_DEPTH8192_IFMAP_BANK_ADDR_WIDTH12_IFMAP_BANK_DEPTH4096_OFMAP_BANK_ADDR_WIDTH8_OFMAP_BANK_DEPTH256_CONFIG_ADDR_WIDTH8_CONFIG_DATA_WIDTH8_24
conv_controller_inst_clk_gate_config_r_reg_21_       18.7680     0.0       0.0000     18.7680        0.0000 conv_SNPS_CLOCK_GATE_HIGH_conv_controller_IFMAP_WIDTH8_WEIGHT_WIDTH8_OFMAP_WIDTH32_ARRAY_WIDTH16_ARRAY_HEIGHT16_WEIGHT_BANK_ADDR_WIDTH13_WEIGHT_BANK_DEPTH8192_IFMAP_BANK_ADDR_WIDTH12_IFMAP_BANK_DEPTH4096_OFMAP_BANK_ADDR_WIDTH8_OFMAP_BANK_DEPTH256_CONFIG_ADDR_WIDTH8_CONFIG_DATA_WIDTH8_25
conv_controller_inst_clk_gate_config_r_reg_22_       18.7680     0.0       0.0000     18.7680        0.0000 conv_SNPS_CLOCK_GATE_HIGH_conv_controller_IFMAP_WIDTH8_WEIGHT_WIDTH8_OFMAP_WIDTH32_ARRAY_WIDTH16_ARRAY_HEIGHT16_WEIGHT_BANK_ADDR_WIDTH13_WEIGHT_BANK_DEPTH8192_IFMAP_BANK_ADDR_WIDTH12_IFMAP_BANK_DEPTH4096_OFMAP_BANK_ADDR_WIDTH8_OFMAP_BANK_DEPTH256_CONFIG_ADDR_WIDTH8_CONFIG_DATA_WIDTH8_26
conv_controller_inst_clk_gate_config_r_reg_23_       18.7680     0.0       0.0000     18.7680        0.0000 conv_SNPS_CLOCK_GATE_HIGH_conv_controller_IFMAP_WIDTH8_WEIGHT_WIDTH8_OFMAP_WIDTH32_ARRAY_WIDTH16_ARRAY_HEIGHT16_WEIGHT_BANK_ADDR_WIDTH13_WEIGHT_BANK_DEPTH8192_IFMAP_BANK_ADDR_WIDTH12_IFMAP_BANK_DEPTH4096_OFMAP_BANK_ADDR_WIDTH8_OFMAP_BANK_DEPTH256_CONFIG_ADDR_WIDTH8_CONFIG_DATA_WIDTH8_27
conv_controller_inst_clk_gate_config_r_reg_24_       18.7680     0.0       0.0000     18.7680        0.0000 conv_SNPS_CLOCK_GATE_HIGH_conv_controller_IFMAP_WIDTH8_WEIGHT_WIDTH8_OFMAP_WIDTH32_ARRAY_WIDTH16_ARRAY_HEIGHT16_WEIGHT_BANK_ADDR_WIDTH13_WEIGHT_BANK_DEPTH8192_IFMAP_BANK_ADDR_WIDTH12_IFMAP_BANK_DEPTH4096_OFMAP_BANK_ADDR_WIDTH8_OFMAP_BANK_DEPTH256_CONFIG_ADDR_WIDTH8_CONFIG_DATA_WIDTH8_28
conv_controller_inst_clk_gate_config_r_reg_25_       18.7680     0.0       0.0000     18.7680        0.0000 conv_SNPS_CLOCK_GATE_HIGH_conv_controller_IFMAP_WIDTH8_WEIGHT_WIDTH8_OFMAP_WIDTH32_ARRAY_WIDTH16_ARRAY_HEIGHT16_WEIGHT_BANK_ADDR_WIDTH13_WEIGHT_BANK_DEPTH8192_IFMAP_BANK_ADDR_WIDTH12_IFMAP_BANK_DEPTH4096_OFMAP_BANK_ADDR_WIDTH8_OFMAP_BANK_DEPTH256_CONFIG_ADDR_WIDTH8_CONFIG_DATA_WIDTH8_29
conv_controller_inst_clk_gate_config_r_reg_26_       18.7680     0.0       0.0000     18.7680        0.0000 conv_SNPS_CLOCK_GATE_HIGH_conv_controller_IFMAP_WIDTH8_WEIGHT_WIDTH8_OFMAP_WIDTH32_ARRAY_WIDTH16_ARRAY_HEIGHT16_WEIGHT_BANK_ADDR_WIDTH13_WEIGHT_BANK_DEPTH8192_IFMAP_BANK_ADDR_WIDTH12_IFMAP_BANK_DEPTH4096_OFMAP_BANK_ADDR_WIDTH8_OFMAP_BANK_DEPTH256_CONFIG_ADDR_WIDTH8_CONFIG_DATA_WIDTH8_30
conv_controller_inst_clk_gate_config_r_reg_27_       18.7680     0.0       0.0000     18.7680        0.0000 conv_SNPS_CLOCK_GATE_HIGH_conv_controller_IFMAP_WIDTH8_WEIGHT_WIDTH8_OFMAP_WIDTH32_ARRAY_WIDTH16_ARRAY_HEIGHT16_WEIGHT_BANK_ADDR_WIDTH13_WEIGHT_BANK_DEPTH8192_IFMAP_BANK_ADDR_WIDTH12_IFMAP_BANK_DEPTH4096_OFMAP_BANK_ADDR_WIDTH8_OFMAP_BANK_DEPTH256_CONFIG_ADDR_WIDTH8_CONFIG_DATA_WIDTH8_31
conv_controller_inst_clk_gate_config_r_reg_28_       18.7680     0.0       0.0000     18.7680        0.0000 conv_SNPS_CLOCK_GATE_HIGH_conv_controller_IFMAP_WIDTH8_WEIGHT_WIDTH8_OFMAP_WIDTH32_ARRAY_WIDTH16_ARRAY_HEIGHT16_WEIGHT_BANK_ADDR_WIDTH13_WEIGHT_BANK_DEPTH8192_IFMAP_BANK_ADDR_WIDTH12_IFMAP_BANK_DEPTH4096_OFMAP_BANK_ADDR_WIDTH8_OFMAP_BANK_DEPTH256_CONFIG_ADDR_WIDTH8_CONFIG_DATA_WIDTH8_32
conv_controller_inst_clk_gate_config_r_reg_29_       18.7680     0.0       0.0000     18.7680        0.0000 conv_SNPS_CLOCK_GATE_HIGH_conv_controller_IFMAP_WIDTH8_WEIGHT_WIDTH8_OFMAP_WIDTH32_ARRAY_WIDTH16_ARRAY_HEIGHT16_WEIGHT_BANK_ADDR_WIDTH13_WEIGHT_BANK_DEPTH8192_IFMAP_BANK_ADDR_WIDTH12_IFMAP_BANK_DEPTH4096_OFMAP_BANK_ADDR_WIDTH8_OFMAP_BANK_DEPTH256_CONFIG_ADDR_WIDTH8_CONFIG_DATA_WIDTH8_33
conv_controller_inst_clk_gate_config_r_reg_2_       18.7680     0.0       0.0000     18.7680        0.0000 conv_SNPS_CLOCK_GATE_HIGH_conv_controller_IFMAP_WIDTH8_WEIGHT_WIDTH8_OFMAP_WIDTH32_ARRAY_WIDTH16_ARRAY_HEIGHT16_WEIGHT_BANK_ADDR_WIDTH13_WEIGHT_BANK_DEPTH8192_IFMAP_BANK_ADDR_WIDTH12_IFMAP_BANK_DEPTH4096_OFMAP_BANK_ADDR_WIDTH8_OFMAP_BANK_DEPTH256_CONFIG_ADDR_WIDTH8_CONFIG_DATA_WIDTH8_7
conv_controller_inst_clk_gate_config_r_reg_30_       18.7680     0.0       0.0000     18.7680        0.0000 conv_SNPS_CLOCK_GATE_HIGH_conv_controller_IFMAP_WIDTH8_WEIGHT_WIDTH8_OFMAP_WIDTH32_ARRAY_WIDTH16_ARRAY_HEIGHT16_WEIGHT_BANK_ADDR_WIDTH13_WEIGHT_BANK_DEPTH8192_IFMAP_BANK_ADDR_WIDTH12_IFMAP_BANK_DEPTH4096_OFMAP_BANK_ADDR_WIDTH8_OFMAP_BANK_DEPTH256_CONFIG_ADDR_WIDTH8_CONFIG_DATA_WIDTH8_34
conv_controller_inst_clk_gate_config_r_reg_31_       18.7680     0.0       0.0000     18.7680        0.0000 conv_SNPS_CLOCK_GATE_HIGH_conv_controller_IFMAP_WIDTH8_WEIGHT_WIDTH8_OFMAP_WIDTH32_ARRAY_WIDTH16_ARRAY_HEIGHT16_WEIGHT_BANK_ADDR_WIDTH13_WEIGHT_BANK_DEPTH8192_IFMAP_BANK_ADDR_WIDTH12_IFMAP_BANK_DEPTH4096_OFMAP_BANK_ADDR_WIDTH8_OFMAP_BANK_DEPTH256_CONFIG_ADDR_WIDTH8_CONFIG_DATA_WIDTH8_35
conv_controller_inst_clk_gate_config_r_reg_32_       18.7680     0.0       0.0000     18.7680        0.0000 conv_SNPS_CLOCK_GATE_HIGH_conv_controller_IFMAP_WIDTH8_WEIGHT_WIDTH8_OFMAP_WIDTH32_ARRAY_WIDTH16_ARRAY_HEIGHT16_WEIGHT_BANK_ADDR_WIDTH13_WEIGHT_BANK_DEPTH8192_IFMAP_BANK_ADDR_WIDTH12_IFMAP_BANK_DEPTH4096_OFMAP_BANK_ADDR_WIDTH8_OFMAP_BANK_DEPTH256_CONFIG_ADDR_WIDTH8_CONFIG_DATA_WIDTH8_36
conv_controller_inst_clk_gate_config_r_reg_33_       18.7680     0.0       0.0000     18.7680        0.0000 conv_SNPS_CLOCK_GATE_HIGH_conv_controller_IFMAP_WIDTH8_WEIGHT_WIDTH8_OFMAP_WIDTH32_ARRAY_WIDTH16_ARRAY_HEIGHT16_WEIGHT_BANK_ADDR_WIDTH13_WEIGHT_BANK_DEPTH8192_IFMAP_BANK_ADDR_WIDTH12_IFMAP_BANK_DEPTH4096_OFMAP_BANK_ADDR_WIDTH8_OFMAP_BANK_DEPTH256_CONFIG_ADDR_WIDTH8_CONFIG_DATA_WIDTH8_37
conv_controller_inst_clk_gate_config_r_reg_3_       18.7680     0.0       0.0000     18.7680        0.0000 conv_SNPS_CLOCK_GATE_HIGH_conv_controller_IFMAP_WIDTH8_WEIGHT_WIDTH8_OFMAP_WIDTH32_ARRAY_WIDTH16_ARRAY_HEIGHT16_WEIGHT_BANK_ADDR_WIDTH13_WEIGHT_BANK_DEPTH8192_IFMAP_BANK_ADDR_WIDTH12_IFMAP_BANK_DEPTH4096_OFMAP_BANK_ADDR_WIDTH8_OFMAP_BANK_DEPTH256_CONFIG_ADDR_WIDTH8_CONFIG_DATA_WIDTH8_8
conv_controller_inst_clk_gate_config_r_reg_4_       18.7680     0.0       0.0000     18.7680        0.0000 conv_SNPS_CLOCK_GATE_HIGH_conv_controller_IFMAP_WIDTH8_WEIGHT_WIDTH8_OFMAP_WIDTH32_ARRAY_WIDTH16_ARRAY_HEIGHT16_WEIGHT_BANK_ADDR_WIDTH13_WEIGHT_BANK_DEPTH8192_IFMAP_BANK_ADDR_WIDTH12_IFMAP_BANK_DEPTH4096_OFMAP_BANK_ADDR_WIDTH8_OFMAP_BANK_DEPTH256_CONFIG_ADDR_WIDTH8_CONFIG_DATA_WIDTH8_9
conv_controller_inst_clk_gate_config_r_reg_6_       18.7680     0.0       0.0000     18.7680        0.0000 conv_SNPS_CLOCK_GATE_HIGH_conv_controller_IFMAP_WIDTH8_WEIGHT_WIDTH8_OFMAP_WIDTH32_ARRAY_WIDTH16_ARRAY_HEIGHT16_WEIGHT_BANK_ADDR_WIDTH13_WEIGHT_BANK_DEPTH8192_IFMAP_BANK_ADDR_WIDTH12_IFMAP_BANK_DEPTH4096_OFMAP_BANK_ADDR_WIDTH8_OFMAP_BANK_DEPTH256_CONFIG_ADDR_WIDTH8_CONFIG_DATA_WIDTH8_10
conv_controller_inst_clk_gate_config_r_reg_7_       18.7680     0.0       0.0000     18.7680        0.0000 conv_SNPS_CLOCK_GATE_HIGH_conv_controller_IFMAP_WIDTH8_WEIGHT_WIDTH8_OFMAP_WIDTH32_ARRAY_WIDTH16_ARRAY_HEIGHT16_WEIGHT_BANK_ADDR_WIDTH13_WEIGHT_BANK_DEPTH8192_IFMAP_BANK_ADDR_WIDTH12_IFMAP_BANK_DEPTH4096_OFMAP_BANK_ADDR_WIDTH8_OFMAP_BANK_DEPTH256_CONFIG_ADDR_WIDTH8_CONFIG_DATA_WIDTH8_11
conv_controller_inst_clk_gate_config_r_reg_8_       18.7680     0.0       0.0000     18.7680        0.0000 conv_SNPS_CLOCK_GATE_HIGH_conv_controller_IFMAP_WIDTH8_WEIGHT_WIDTH8_OFMAP_WIDTH32_ARRAY_WIDTH16_ARRAY_HEIGHT16_WEIGHT_BANK_ADDR_WIDTH13_WEIGHT_BANK_DEPTH8192_IFMAP_BANK_ADDR_WIDTH12_IFMAP_BANK_DEPTH4096_OFMAP_BANK_ADDR_WIDTH8_OFMAP_BANK_DEPTH256_CONFIG_ADDR_WIDTH8_CONFIG_DATA_WIDTH8_12
conv_controller_inst_clk_gate_config_r_reg_9_       18.7680     0.0       0.0000     18.7680        0.0000 conv_SNPS_CLOCK_GATE_HIGH_conv_controller_IFMAP_WIDTH8_WEIGHT_WIDTH8_OFMAP_WIDTH32_ARRAY_WIDTH16_ARRAY_HEIGHT16_WEIGHT_BANK_ADDR_WIDTH13_WEIGHT_BANK_DEPTH8192_IFMAP_BANK_ADDR_WIDTH12_IFMAP_BANK_DEPTH4096_OFMAP_BANK_ADDR_WIDTH8_OFMAP_BANK_DEPTH256_CONFIG_ADDR_WIDTH8_CONFIG_DATA_WIDTH8_13
conv_controller_inst_clk_gate_ifmap_wadr_r_reg       18.7680     0.0       0.0000     18.7680        0.0000 conv_SNPS_CLOCK_GATE_HIGH_conv_controller_IFMAP_WIDTH8_WEIGHT_WIDTH8_OFMAP_WIDTH32_ARRAY_WIDTH16_ARRAY_HEIGHT16_WEIGHT_BANK_ADDR_WIDTH13_WEIGHT_BANK_DEPTH8192_IFMAP_BANK_ADDR_WIDTH12_IFMAP_BANK_DEPTH4096_OFMAP_BANK_ADDR_WIDTH8_OFMAP_BANK_DEPTH256_CONFIG_ADDR_WIDTH8_CONFIG_DATA_WIDTH8_4
conv_controller_inst_clk_gate_oc1_r_reg       18.7680     0.0       0.0000     18.7680        0.0000 conv_SNPS_CLOCK_GATE_HIGH_conv_controller_IFMAP_WIDTH8_WEIGHT_WIDTH8_OFMAP_WIDTH32_ARRAY_WIDTH16_ARRAY_HEIGHT16_WEIGHT_BANK_ADDR_WIDTH13_WEIGHT_BANK_DEPTH8192_IFMAP_BANK_ADDR_WIDTH12_IFMAP_BANK_DEPTH4096_OFMAP_BANK_ADDR_WIDTH8_OFMAP_BANK_DEPTH256_CONFIG_ADDR_WIDTH8_CONFIG_DATA_WIDTH8_38
conv_controller_inst_clk_gate_ofmap_skew_en_reg       18.7680     0.0       0.0000     18.7680        0.0000 conv_SNPS_CLOCK_GATE_HIGH_conv_controller_IFMAP_WIDTH8_WEIGHT_WIDTH8_OFMAP_WIDTH32_ARRAY_WIDTH16_ARRAY_HEIGHT16_WEIGHT_BANK_ADDR_WIDTH13_WEIGHT_BANK_DEPTH8192_IFMAP_BANK_ADDR_WIDTH12_IFMAP_BANK_DEPTH4096_OFMAP_BANK_ADDR_WIDTH8_OFMAP_BANK_DEPTH256_CONFIG_ADDR_WIDTH8_CONFIG_DATA_WIDTH8_0
conv_controller_inst_clk_gate_ofmap_switch_banks_reg       18.7680     0.0       0.0000     18.7680        0.0000 conv_SNPS_CLOCK_GATE_HIGH_conv_controller_IFMAP_WIDTH8_WEIGHT_WIDTH8_OFMAP_WIDTH32_ARRAY_WIDTH16_ARRAY_HEIGHT16_WEIGHT_BANK_ADDR_WIDTH13_WEIGHT_BANK_DEPTH8192_IFMAP_BANK_ADDR_WIDTH12_IFMAP_BANK_DEPTH4096_OFMAP_BANK_ADDR_WIDTH8_OFMAP_BANK_DEPTH256_CONFIG_ADDR_WIDTH8_CONFIG_DATA_WIDTH8_2
conv_controller_inst_clk_gate_ofmap_wbadr_r_reg       18.7680     0.0       0.0000     18.7680        0.0000 conv_SNPS_CLOCK_GATE_HIGH_conv_controller_IFMAP_WIDTH8_WEIGHT_WIDTH8_OFMAP_WIDTH32_ARRAY_WIDTH16_ARRAY_HEIGHT16_WEIGHT_BANK_ADDR_WIDTH13_WEIGHT_BANK_DEPTH8192_IFMAP_BANK_ADDR_WIDTH12_IFMAP_BANK_DEPTH4096_OFMAP_BANK_ADDR_WIDTH8_OFMAP_BANK_DEPTH256_CONFIG_ADDR_WIDTH8_CONFIG_DATA_WIDTH8_1
conv_controller_inst_clk_gate_weight_wadr_r_reg       18.7680     0.0       0.0000     18.7680        0.0000 conv_SNPS_CLOCK_GATE_HIGH_conv_controller_IFMAP_WIDTH8_WEIGHT_WIDTH8_OFMAP_WIDTH32_ARRAY_WIDTH16_ARRAY_HEIGHT16_WEIGHT_BANK_ADDR_WIDTH13_WEIGHT_BANK_DEPTH8192_IFMAP_BANK_ADDR_WIDTH12_IFMAP_BANK_DEPTH4096_OFMAP_BANK_ADDR_WIDTH8_OFMAP_BANK_DEPTH256_CONFIG_ADDR_WIDTH8_CONFIG_DATA_WIDTH8_3
ifmap_aggregator_inst_clk_gate_receiver_data_unpacked_reg_0_       18.7680     0.0       0.0000     18.7680        0.0000 conv_SNPS_CLOCK_GATE_HIGH_aggregator_DATA_WIDTH32_FETCH_WIDTH4_0_4
ifmap_aggregator_inst_clk_gate_receiver_data_unpacked_reg_1_       18.7680     0.0       0.0000     18.7680        0.0000 conv_SNPS_CLOCK_GATE_HIGH_aggregator_DATA_WIDTH32_FETCH_WIDTH4_0_3
ifmap_aggregator_inst_clk_gate_receiver_data_unpacked_reg_2_       18.7680     0.0       0.0000     18.7680        0.0000 conv_SNPS_CLOCK_GATE_HIGH_aggregator_DATA_WIDTH32_FETCH_WIDTH4_0_2
ifmap_aggregator_inst_clk_gate_receiver_data_unpacked_reg_3_       18.7680     0.0       0.0000     18.7680        0.0000 conv_SNPS_CLOCK_GATE_HIGH_aggregator_DATA_WIDTH32_FETCH_WIDTH4_0_1
ifmap_double_buffer_inst_ram_clk_gate_radr_reg_reg       18.7680     0.0       0.0000     18.7680        0.0000 conv_SNPS_CLOCK_GATE_HIGH_ram_sync_1r1w_128_13_00002000_0
ifmap_fifo_inst_fifo_inst_clk_gate_D_OUT_reg       18.7680     0.0       0.0000     18.7680        0.0000 conv_SNPS_CLOCK_GATE_HIGH_SizedFIFO_p1width32_p2depth3_p3cntr_width1_16_4
ifmap_fifo_inst_fifo_inst_clk_gate_arr_reg_0_       18.7680     0.0       0.0000     18.7680        0.0000 conv_SNPS_CLOCK_GATE_HIGH_SizedFIFO_p1width32_p2depth3_p3cntr_width1_16_5
ifmap_fifo_inst_fifo_inst_clk_gate_arr_reg_1_       18.7680     0.0       0.0000     18.7680        0.0000 conv_SNPS_CLOCK_GATE_HIGH_SizedFIFO_p1width32_p2depth3_p3cntr_width1_16_6
ifmap_radr_gen_inst_clk_gate_config_IX0_reg       18.7680     0.0       0.0000     18.7680        0.0000 conv_SNPS_CLOCK_GATE_HIGH_ifmap_radr_gen_BANK_ADDR_WIDTH12_1
ifmap_radr_gen_inst_clk_gate_fy_reg       18.7680     0.0       0.0000      18.7680         0.0000  conv_SNPS_CLOCK_GATE_HIGH_ifmap_radr_gen_BANK_ADDR_WIDTH12_2
ifmap_radr_gen_inst_clk_gate_oy0_reg       18.7680     0.0       0.0000     18.7680         0.0000  conv_SNPS_CLOCK_GATE_HIGH_ifmap_radr_gen_BANK_ADDR_WIDTH12_0
ifmap_wadr_gen_inst_clk_gate_adr_r_reg       18.7680     0.0       0.0000     18.7680        0.0000 conv_SNPS_CLOCK_GATE_HIGH_adr_gen_sequential_BANK_ADDR_WIDTH12_0
ofmap_deaggregator_inst              46684.7730      0.1    13171.3821   32593.7590         0.0000  conv_deaggregator_DATA_WIDTH32_FETCH_WIDTH16_0
ofmap_deaggregator_inst/clk_gate_select_r_reg       18.7680     0.0       0.0000     18.7680        0.0000 conv_SNPS_CLOCK_GATE_HIGH_deaggregator_DATA_WIDTH32_FETCH_WIDTH16_0
ofmap_deaggregator_inst/instantiate_fifos_0__fifo_inst_fifo_inst_clk_gate_D_OUT_reg       18.7680     0.0       0.0000     18.7680        0.0000 conv_SNPS_CLOCK_GATE_HIGH_SizedFIFO_p1width32_p2depth3_p3cntr_width1_0_43
ofmap_deaggregator_inst/instantiate_fifos_0__fifo_inst_fifo_inst_clk_gate_arr_reg_0_       18.7680     0.0       0.0000     18.7680        0.0000 conv_SNPS_CLOCK_GATE_HIGH_SizedFIFO_p1width32_p2depth3_p3cntr_width1_0_44
ofmap_deaggregator_inst/instantiate_fifos_0__fifo_inst_fifo_inst_clk_gate_arr_reg_1_       18.7680     0.0       0.0000     18.7680        0.0000 conv_SNPS_CLOCK_GATE_HIGH_SizedFIFO_p1width32_p2depth3_p3cntr_width1_0_45
ofmap_deaggregator_inst/instantiate_fifos_10__fifo_inst_fifo_inst_clk_gate_D_OUT_reg       18.7680     0.0       0.0000     18.7680        0.0000 conv_SNPS_CLOCK_GATE_HIGH_SizedFIFO_p1width32_p2depth3_p3cntr_width1_0_13
ofmap_deaggregator_inst/instantiate_fifos_10__fifo_inst_fifo_inst_clk_gate_arr_reg_0_       18.7680     0.0       0.0000     18.7680        0.0000 conv_SNPS_CLOCK_GATE_HIGH_SizedFIFO_p1width32_p2depth3_p3cntr_width1_0_14
ofmap_deaggregator_inst/instantiate_fifos_10__fifo_inst_fifo_inst_clk_gate_arr_reg_1_       18.7680     0.0       0.0000     18.7680        0.0000 conv_SNPS_CLOCK_GATE_HIGH_SizedFIFO_p1width32_p2depth3_p3cntr_width1_0_15
ofmap_deaggregator_inst/instantiate_fifos_11__fifo_inst_fifo_inst_clk_gate_D_OUT_reg       18.7680     0.0       0.0000     18.7680        0.0000 conv_SNPS_CLOCK_GATE_HIGH_SizedFIFO_p1width32_p2depth3_p3cntr_width1_0_10
ofmap_deaggregator_inst/instantiate_fifos_11__fifo_inst_fifo_inst_clk_gate_arr_reg_0_       18.7680     0.0       0.0000     18.7680        0.0000 conv_SNPS_CLOCK_GATE_HIGH_SizedFIFO_p1width32_p2depth3_p3cntr_width1_0_11
ofmap_deaggregator_inst/instantiate_fifos_11__fifo_inst_fifo_inst_clk_gate_arr_reg_1_       18.7680     0.0       0.0000     18.7680        0.0000 conv_SNPS_CLOCK_GATE_HIGH_SizedFIFO_p1width32_p2depth3_p3cntr_width1_0_12
ofmap_deaggregator_inst/instantiate_fifos_12__fifo_inst_fifo_inst_clk_gate_D_OUT_reg       18.7680     0.0       0.0000     18.7680        0.0000 conv_SNPS_CLOCK_GATE_HIGH_SizedFIFO_p1width32_p2depth3_p3cntr_width1_0_7
ofmap_deaggregator_inst/instantiate_fifos_12__fifo_inst_fifo_inst_clk_gate_arr_reg_0_       18.7680     0.0       0.0000     18.7680        0.0000 conv_SNPS_CLOCK_GATE_HIGH_SizedFIFO_p1width32_p2depth3_p3cntr_width1_0_8
ofmap_deaggregator_inst/instantiate_fifos_12__fifo_inst_fifo_inst_clk_gate_arr_reg_1_       18.7680     0.0       0.0000     18.7680        0.0000 conv_SNPS_CLOCK_GATE_HIGH_SizedFIFO_p1width32_p2depth3_p3cntr_width1_0_9
ofmap_deaggregator_inst/instantiate_fifos_13__fifo_inst_fifo_inst_clk_gate_D_OUT_reg       18.7680     0.0       0.0000     18.7680        0.0000 conv_SNPS_CLOCK_GATE_HIGH_SizedFIFO_p1width32_p2depth3_p3cntr_width1_0_4
ofmap_deaggregator_inst/instantiate_fifos_13__fifo_inst_fifo_inst_clk_gate_arr_reg_0_       18.7680     0.0       0.0000     18.7680        0.0000 conv_SNPS_CLOCK_GATE_HIGH_SizedFIFO_p1width32_p2depth3_p3cntr_width1_0_5
ofmap_deaggregator_inst/instantiate_fifos_13__fifo_inst_fifo_inst_clk_gate_arr_reg_1_       18.7680     0.0       0.0000     18.7680        0.0000 conv_SNPS_CLOCK_GATE_HIGH_SizedFIFO_p1width32_p2depth3_p3cntr_width1_0_6
ofmap_deaggregator_inst/instantiate_fifos_14__fifo_inst_fifo_inst_clk_gate_D_OUT_reg       18.7680     0.0       0.0000     18.7680        0.0000 conv_SNPS_CLOCK_GATE_HIGH_SizedFIFO_p1width32_p2depth3_p3cntr_width1_0_1
ofmap_deaggregator_inst/instantiate_fifos_14__fifo_inst_fifo_inst_clk_gate_arr_reg_0_       18.7680     0.0       0.0000     18.7680        0.0000 conv_SNPS_CLOCK_GATE_HIGH_SizedFIFO_p1width32_p2depth3_p3cntr_width1_0_2
ofmap_deaggregator_inst/instantiate_fifos_14__fifo_inst_fifo_inst_clk_gate_arr_reg_1_       18.7680     0.0       0.0000     18.7680        0.0000 conv_SNPS_CLOCK_GATE_HIGH_SizedFIFO_p1width32_p2depth3_p3cntr_width1_0_3
ofmap_deaggregator_inst/instantiate_fifos_15__fifo_inst_fifo_inst_clk_gate_D_OUT_reg       18.7680     0.0       0.0000     18.7680        0.0000 conv_SNPS_CLOCK_GATE_HIGH_SizedFIFO_p1width32_p2depth3_p3cntr_width1_0_46
ofmap_deaggregator_inst/instantiate_fifos_15__fifo_inst_fifo_inst_clk_gate_arr_reg_0_       18.7680     0.0       0.0000     18.7680        0.0000 conv_SNPS_CLOCK_GATE_HIGH_SizedFIFO_p1width32_p2depth3_p3cntr_width1_0_47
ofmap_deaggregator_inst/instantiate_fifos_15__fifo_inst_fifo_inst_clk_gate_arr_reg_1_       18.7680     0.0       0.0000     18.7680        0.0000 conv_SNPS_CLOCK_GATE_HIGH_SizedFIFO_p1width32_p2depth3_p3cntr_width1_0_0
ofmap_deaggregator_inst/instantiate_fifos_1__fifo_inst_fifo_inst_clk_gate_D_OUT_reg       18.7680     0.0       0.0000     18.7680        0.0000 conv_SNPS_CLOCK_GATE_HIGH_SizedFIFO_p1width32_p2depth3_p3cntr_width1_0_40
ofmap_deaggregator_inst/instantiate_fifos_1__fifo_inst_fifo_inst_clk_gate_arr_reg_0_       18.7680     0.0       0.0000     18.7680        0.0000 conv_SNPS_CLOCK_GATE_HIGH_SizedFIFO_p1width32_p2depth3_p3cntr_width1_0_41
ofmap_deaggregator_inst/instantiate_fifos_1__fifo_inst_fifo_inst_clk_gate_arr_reg_1_       18.7680     0.0       0.0000     18.7680        0.0000 conv_SNPS_CLOCK_GATE_HIGH_SizedFIFO_p1width32_p2depth3_p3cntr_width1_0_42
ofmap_deaggregator_inst/instantiate_fifos_2__fifo_inst_fifo_inst_clk_gate_D_OUT_reg       18.7680     0.0       0.0000     18.7680        0.0000 conv_SNPS_CLOCK_GATE_HIGH_SizedFIFO_p1width32_p2depth3_p3cntr_width1_0_37
ofmap_deaggregator_inst/instantiate_fifos_2__fifo_inst_fifo_inst_clk_gate_arr_reg_0_       18.7680     0.0       0.0000     18.7680        0.0000 conv_SNPS_CLOCK_GATE_HIGH_SizedFIFO_p1width32_p2depth3_p3cntr_width1_0_38
ofmap_deaggregator_inst/instantiate_fifos_2__fifo_inst_fifo_inst_clk_gate_arr_reg_1_       18.7680     0.0       0.0000     18.7680        0.0000 conv_SNPS_CLOCK_GATE_HIGH_SizedFIFO_p1width32_p2depth3_p3cntr_width1_0_39
ofmap_deaggregator_inst/instantiate_fifos_3__fifo_inst_fifo_inst_clk_gate_D_OUT_reg       18.7680     0.0       0.0000     18.7680        0.0000 conv_SNPS_CLOCK_GATE_HIGH_SizedFIFO_p1width32_p2depth3_p3cntr_width1_0_34
ofmap_deaggregator_inst/instantiate_fifos_3__fifo_inst_fifo_inst_clk_gate_arr_reg_0_       18.7680     0.0       0.0000     18.7680        0.0000 conv_SNPS_CLOCK_GATE_HIGH_SizedFIFO_p1width32_p2depth3_p3cntr_width1_0_35
ofmap_deaggregator_inst/instantiate_fifos_3__fifo_inst_fifo_inst_clk_gate_arr_reg_1_       18.7680     0.0       0.0000     18.7680        0.0000 conv_SNPS_CLOCK_GATE_HIGH_SizedFIFO_p1width32_p2depth3_p3cntr_width1_0_36
ofmap_deaggregator_inst/instantiate_fifos_4__fifo_inst_fifo_inst_clk_gate_D_OUT_reg       18.7680     0.0       0.0000     18.7680        0.0000 conv_SNPS_CLOCK_GATE_HIGH_SizedFIFO_p1width32_p2depth3_p3cntr_width1_0_31
ofmap_deaggregator_inst/instantiate_fifos_4__fifo_inst_fifo_inst_clk_gate_arr_reg_0_       18.7680     0.0       0.0000     18.7680        0.0000 conv_SNPS_CLOCK_GATE_HIGH_SizedFIFO_p1width32_p2depth3_p3cntr_width1_0_32
ofmap_deaggregator_inst/instantiate_fifos_4__fifo_inst_fifo_inst_clk_gate_arr_reg_1_       18.7680     0.0       0.0000     18.7680        0.0000 conv_SNPS_CLOCK_GATE_HIGH_SizedFIFO_p1width32_p2depth3_p3cntr_width1_0_33
ofmap_deaggregator_inst/instantiate_fifos_5__fifo_inst_fifo_inst_clk_gate_D_OUT_reg       18.7680     0.0       0.0000     18.7680        0.0000 conv_SNPS_CLOCK_GATE_HIGH_SizedFIFO_p1width32_p2depth3_p3cntr_width1_0_28
ofmap_deaggregator_inst/instantiate_fifos_5__fifo_inst_fifo_inst_clk_gate_arr_reg_0_       18.7680     0.0       0.0000     18.7680        0.0000 conv_SNPS_CLOCK_GATE_HIGH_SizedFIFO_p1width32_p2depth3_p3cntr_width1_0_29
ofmap_deaggregator_inst/instantiate_fifos_5__fifo_inst_fifo_inst_clk_gate_arr_reg_1_       18.7680     0.0       0.0000     18.7680        0.0000 conv_SNPS_CLOCK_GATE_HIGH_SizedFIFO_p1width32_p2depth3_p3cntr_width1_0_30
ofmap_deaggregator_inst/instantiate_fifos_6__fifo_inst_fifo_inst_clk_gate_D_OUT_reg       18.7680     0.0       0.0000     18.7680        0.0000 conv_SNPS_CLOCK_GATE_HIGH_SizedFIFO_p1width32_p2depth3_p3cntr_width1_0_25
ofmap_deaggregator_inst/instantiate_fifos_6__fifo_inst_fifo_inst_clk_gate_arr_reg_0_       18.7680     0.0       0.0000     18.7680        0.0000 conv_SNPS_CLOCK_GATE_HIGH_SizedFIFO_p1width32_p2depth3_p3cntr_width1_0_26
ofmap_deaggregator_inst/instantiate_fifos_6__fifo_inst_fifo_inst_clk_gate_arr_reg_1_       18.7680     0.0       0.0000     18.7680        0.0000 conv_SNPS_CLOCK_GATE_HIGH_SizedFIFO_p1width32_p2depth3_p3cntr_width1_0_27
ofmap_deaggregator_inst/instantiate_fifos_7__fifo_inst_fifo_inst_clk_gate_D_OUT_reg       18.7680     0.0       0.0000     18.7680        0.0000 conv_SNPS_CLOCK_GATE_HIGH_SizedFIFO_p1width32_p2depth3_p3cntr_width1_0_22
ofmap_deaggregator_inst/instantiate_fifos_7__fifo_inst_fifo_inst_clk_gate_arr_reg_0_       18.7680     0.0       0.0000     18.7680        0.0000 conv_SNPS_CLOCK_GATE_HIGH_SizedFIFO_p1width32_p2depth3_p3cntr_width1_0_23
ofmap_deaggregator_inst/instantiate_fifos_7__fifo_inst_fifo_inst_clk_gate_arr_reg_1_       18.7680     0.0       0.0000     18.7680        0.0000 conv_SNPS_CLOCK_GATE_HIGH_SizedFIFO_p1width32_p2depth3_p3cntr_width1_0_24
ofmap_deaggregator_inst/instantiate_fifos_8__fifo_inst_fifo_inst_clk_gate_D_OUT_reg       18.7680     0.0       0.0000     18.7680        0.0000 conv_SNPS_CLOCK_GATE_HIGH_SizedFIFO_p1width32_p2depth3_p3cntr_width1_0_19
ofmap_deaggregator_inst/instantiate_fifos_8__fifo_inst_fifo_inst_clk_gate_arr_reg_0_       18.7680     0.0       0.0000     18.7680        0.0000 conv_SNPS_CLOCK_GATE_HIGH_SizedFIFO_p1width32_p2depth3_p3cntr_width1_0_20
ofmap_deaggregator_inst/instantiate_fifos_8__fifo_inst_fifo_inst_clk_gate_arr_reg_1_       18.7680     0.0       0.0000     18.7680        0.0000 conv_SNPS_CLOCK_GATE_HIGH_SizedFIFO_p1width32_p2depth3_p3cntr_width1_0_21
ofmap_deaggregator_inst/instantiate_fifos_9__fifo_inst_fifo_inst_clk_gate_D_OUT_reg       18.7680     0.0       0.0000     18.7680        0.0000 conv_SNPS_CLOCK_GATE_HIGH_SizedFIFO_p1width32_p2depth3_p3cntr_width1_0_16
ofmap_deaggregator_inst/instantiate_fifos_9__fifo_inst_fifo_inst_clk_gate_arr_reg_0_       18.7680     0.0       0.0000     18.7680        0.0000 conv_SNPS_CLOCK_GATE_HIGH_SizedFIFO_p1width32_p2depth3_p3cntr_width1_0_17
ofmap_deaggregator_inst/instantiate_fifos_9__fifo_inst_fifo_inst_clk_gate_arr_reg_1_       18.7680     0.0       0.0000     18.7680        0.0000 conv_SNPS_CLOCK_GATE_HIGH_SizedFIFO_p1width32_p2depth3_p3cntr_width1_0_18
ofmap_fifo_inst_fifo_inst_clk_gate_D_OUT_reg       18.7680     0.0       0.0000     18.7680        0.0000 conv_SNPS_CLOCK_GATE_HIGH_SizedFIFO_p1width32_p2depth3_p3cntr_width1_16_7
ofmap_fifo_inst_fifo_inst_clk_gate_arr_reg_0_       18.7680     0.0       0.0000     18.7680        0.0000 conv_SNPS_CLOCK_GATE_HIGH_SizedFIFO_p1width32_p2depth3_p3cntr_width1_16_8
ofmap_fifo_inst_fifo_inst_clk_gate_arr_reg_1_       18.7680     0.0       0.0000     18.7680        0.0000 conv_SNPS_CLOCK_GATE_HIGH_SizedFIFO_p1width32_p2depth3_p3cntr_width1_16_0
ofmap_radr_gen_inst_clk_gate_adr_r_reg       18.7680     0.0       0.0000     18.7680        0.0000 conv_SNPS_CLOCK_GATE_HIGH_adr_gen_sequential_BANK_ADDR_WIDTH8_0_1
ofmap_skew_registers_inst           101369.7193      0.1    24477.2257   76873.7256         0.0000  conv_skew_registers_DATA_WIDTH32_N16_0
ofmap_skew_registers_inst/row_15__col_13__skew_r_clk_gate_r_reg       18.7680     0.0       0.0000     18.7680        0.0000 conv_SNPS_CLOCK_GATE_HIGH_en_reg_DATA_WIDTH32_120_1
ofmap_wadr_gen_inst_clk_gate_adr_r_reg       18.7680     0.0       0.0000     18.7680        0.0000 conv_SNPS_CLOCK_GATE_HIGH_adr_gen_sequential_BANK_ADDR_WIDTH8_0_2
ofmap_wb_radr_gen_inst_clk_gate_adr_r_reg       18.7680     0.0       0.0000     18.7680        0.0000 conv_SNPS_CLOCK_GATE_HIGH_adr_gen_sequential_BANK_ADDR_WIDTH8_0_0
params_fifo_inst_fifo_inst_clk_gate_D_OUT_reg       18.7680     0.0       0.0000     18.7680        0.0000 conv_SNPS_CLOCK_GATE_HIGH_SizedFIFO_p1width16_p2depth3_p3cntr_width1_1
params_fifo_inst_fifo_inst_clk_gate_arr_reg_0_       18.7680     0.0       0.0000     18.7680        0.0000 conv_SNPS_CLOCK_GATE_HIGH_SizedFIFO_p1width16_p2depth3_p3cntr_width1_2
params_fifo_inst_fifo_inst_clk_gate_arr_reg_1_       18.7680     0.0       0.0000     18.7680        0.0000 conv_SNPS_CLOCK_GATE_HIGH_SizedFIFO_p1width16_p2depth3_p3cntr_width1_0
systolic_array_with_skew_inst_ifmap_skew_registers_row_15__col_14__skew_r_clk_gate_r_reg       18.7680     0.0       0.0000     18.7680        0.0000 conv_SNPS_CLOCK_GATE_HIGH_en_reg_DATA_WIDTH8_0_1
systolic_array_with_skew_inst_ofmap_skew_registers   101353.4537     0.1   24460.9601  76873.7256        0.0000 conv_skew_registers_DATA_WIDTH32_N16_1
systolic_array_with_skew_inst_ofmap_skew_registers/row_15__col_14__skew_r_clk_gate_r_reg       18.7680     0.0       0.0000     18.7680        0.0000 conv_SNPS_CLOCK_GATE_HIGH_en_reg_DATA_WIDTH32_120_0
systolic_array_with_skew_inst_systolic_array_inst   974982.5715     1.2  699454.5763 269616.0753        0.0000 conv_systolic_array_IFMAP_WIDTH8_WEIGHT_WIDTH8_OFMAP_WIDTH32_ARRAY_HEIGHT16_ARRAY_WIDTH16_0
systolic_array_with_skew_inst_systolic_array_inst/row_0__col_0__mac_inst_clk_gate_weight_r_reg       18.7680     0.0       0.0000     18.7680        0.0000 conv_SNPS_CLOCK_GATE_HIGH_mac_IFMAP_WIDTH8_WEIGHT_WIDTH8_OFMAP_WIDTH32_255_0
systolic_array_with_skew_inst_systolic_array_inst/row_0__col_10__mac_inst_clk_gate_weight_r_reg       18.7680     0.0       0.0000     18.7680        0.0000 conv_SNPS_CLOCK_GATE_HIGH_mac_IFMAP_WIDTH8_WEIGHT_WIDTH8_OFMAP_WIDTH32_16_285
systolic_array_with_skew_inst_systolic_array_inst/row_0__col_11__mac_inst_clk_gate_weight_r_reg       18.7680     0.0       0.0000     18.7680        0.0000 conv_SNPS_CLOCK_GATE_HIGH_mac_IFMAP_WIDTH8_WEIGHT_WIDTH8_OFMAP_WIDTH32_16_284
systolic_array_with_skew_inst_systolic_array_inst/row_0__col_12__mac_inst_clk_gate_weight_r_reg       18.7680     0.0       0.0000     18.7680        0.0000 conv_SNPS_CLOCK_GATE_HIGH_mac_IFMAP_WIDTH8_WEIGHT_WIDTH8_OFMAP_WIDTH32_16_283
systolic_array_with_skew_inst_systolic_array_inst/row_0__col_13__mac_inst_clk_gate_weight_r_reg       18.7680     0.0       0.0000     18.7680        0.0000 conv_SNPS_CLOCK_GATE_HIGH_mac_IFMAP_WIDTH8_WEIGHT_WIDTH8_OFMAP_WIDTH32_16_282
systolic_array_with_skew_inst_systolic_array_inst/row_0__col_14__mac_inst_clk_gate_weight_r_reg       18.7680     0.0       0.0000     18.7680        0.0000 conv_SNPS_CLOCK_GATE_HIGH_mac_IFMAP_WIDTH8_WEIGHT_WIDTH8_OFMAP_WIDTH32_16_281
systolic_array_with_skew_inst_systolic_array_inst/row_0__col_15__mac_inst_clk_gate_weight_r_reg       18.7680     0.0       0.0000     18.7680        0.0000 conv_SNPS_CLOCK_GATE_HIGH_mac_IFMAP_WIDTH8_WEIGHT_WIDTH8_OFMAP_WIDTH32_16_280
systolic_array_with_skew_inst_systolic_array_inst/row_0__col_1__mac_inst_clk_gate_weight_r_reg       18.7680     0.0       0.0000     18.7680        0.0000 conv_SNPS_CLOCK_GATE_HIGH_mac_IFMAP_WIDTH8_WEIGHT_WIDTH8_OFMAP_WIDTH32_16_294
systolic_array_with_skew_inst_systolic_array_inst/row_0__col_2__mac_inst_clk_gate_weight_r_reg       18.7680     0.0       0.0000     18.7680        0.0000 conv_SNPS_CLOCK_GATE_HIGH_mac_IFMAP_WIDTH8_WEIGHT_WIDTH8_OFMAP_WIDTH32_16_293
systolic_array_with_skew_inst_systolic_array_inst/row_0__col_3__mac_inst_clk_gate_weight_r_reg       18.7680     0.0       0.0000     18.7680        0.0000 conv_SNPS_CLOCK_GATE_HIGH_mac_IFMAP_WIDTH8_WEIGHT_WIDTH8_OFMAP_WIDTH32_16_292
systolic_array_with_skew_inst_systolic_array_inst/row_0__col_4__mac_inst_clk_gate_weight_r_reg       18.7680     0.0       0.0000     18.7680        0.0000 conv_SNPS_CLOCK_GATE_HIGH_mac_IFMAP_WIDTH8_WEIGHT_WIDTH8_OFMAP_WIDTH32_16_291
systolic_array_with_skew_inst_systolic_array_inst/row_0__col_5__mac_inst_clk_gate_weight_r_reg       18.7680     0.0       0.0000     18.7680        0.0000 conv_SNPS_CLOCK_GATE_HIGH_mac_IFMAP_WIDTH8_WEIGHT_WIDTH8_OFMAP_WIDTH32_16_290
systolic_array_with_skew_inst_systolic_array_inst/row_0__col_6__mac_inst_clk_gate_weight_r_reg       18.7680     0.0       0.0000     18.7680        0.0000 conv_SNPS_CLOCK_GATE_HIGH_mac_IFMAP_WIDTH8_WEIGHT_WIDTH8_OFMAP_WIDTH32_16_289
systolic_array_with_skew_inst_systolic_array_inst/row_0__col_7__mac_inst_clk_gate_weight_r_reg       18.7680     0.0       0.0000     18.7680        0.0000 conv_SNPS_CLOCK_GATE_HIGH_mac_IFMAP_WIDTH8_WEIGHT_WIDTH8_OFMAP_WIDTH32_16_288
systolic_array_with_skew_inst_systolic_array_inst/row_0__col_8__mac_inst_clk_gate_weight_r_reg       18.7680     0.0       0.0000     18.7680        0.0000 conv_SNPS_CLOCK_GATE_HIGH_mac_IFMAP_WIDTH8_WEIGHT_WIDTH8_OFMAP_WIDTH32_16_287
systolic_array_with_skew_inst_systolic_array_inst/row_0__col_9__mac_inst_clk_gate_weight_r_reg       18.7680     0.0       0.0000     18.7680        0.0000 conv_SNPS_CLOCK_GATE_HIGH_mac_IFMAP_WIDTH8_WEIGHT_WIDTH8_OFMAP_WIDTH32_16_286
systolic_array_with_skew_inst_systolic_array_inst/row_10__col_0__mac_inst_clk_gate_weight_r_reg       18.7680     0.0       0.0000     18.7680        0.0000 conv_SNPS_CLOCK_GATE_HIGH_mac_IFMAP_WIDTH8_WEIGHT_WIDTH8_OFMAP_WIDTH32_16_107
systolic_array_with_skew_inst_systolic_array_inst/row_10__col_10__mac_inst_clk_gate_weight_r_reg       18.7680     0.0       0.0000     18.7680        0.0000 conv_SNPS_CLOCK_GATE_HIGH_mac_IFMAP_WIDTH8_WEIGHT_WIDTH8_OFMAP_WIDTH32_16_96
systolic_array_with_skew_inst_systolic_array_inst/row_10__col_11__mac_inst_clk_gate_weight_r_reg       18.7680     0.0       0.0000     18.7680        0.0000 conv_SNPS_CLOCK_GATE_HIGH_mac_IFMAP_WIDTH8_WEIGHT_WIDTH8_OFMAP_WIDTH32_16_95
systolic_array_with_skew_inst_systolic_array_inst/row_10__col_12__mac_inst_clk_gate_ifmap_r_reg       18.7680     0.0       0.0000     18.7680        0.0000 conv_SNPS_CLOCK_GATE_HIGH_mac_IFMAP_WIDTH8_WEIGHT_WIDTH8_OFMAP_WIDTH32_16_93
systolic_array_with_skew_inst_systolic_array_inst/row_10__col_12__mac_inst_clk_gate_weight_r_reg       18.7680     0.0       0.0000     18.7680        0.0000 conv_SNPS_CLOCK_GATE_HIGH_mac_IFMAP_WIDTH8_WEIGHT_WIDTH8_OFMAP_WIDTH32_16_94
systolic_array_with_skew_inst_systolic_array_inst/row_10__col_13__mac_inst_clk_gate_weight_r_reg       18.7680     0.0       0.0000     18.7680        0.0000 conv_SNPS_CLOCK_GATE_HIGH_mac_IFMAP_WIDTH8_WEIGHT_WIDTH8_OFMAP_WIDTH32_16_92
systolic_array_with_skew_inst_systolic_array_inst/row_10__col_14__mac_inst_clk_gate_ifmap_r_reg       18.7680     0.0       0.0000     18.7680        0.0000 conv_SNPS_CLOCK_GATE_HIGH_mac_IFMAP_WIDTH8_WEIGHT_WIDTH8_OFMAP_WIDTH32_16_90
systolic_array_with_skew_inst_systolic_array_inst/row_10__col_14__mac_inst_clk_gate_weight_r_reg       18.7680     0.0       0.0000     18.7680        0.0000 conv_SNPS_CLOCK_GATE_HIGH_mac_IFMAP_WIDTH8_WEIGHT_WIDTH8_OFMAP_WIDTH32_16_91
systolic_array_with_skew_inst_systolic_array_inst/row_10__col_15__mac_inst_clk_gate_weight_r_reg       18.7680     0.0       0.0000     18.7680        0.0000 conv_SNPS_CLOCK_GATE_HIGH_mac_IFMAP_WIDTH8_WEIGHT_WIDTH8_OFMAP_WIDTH32_16_89
systolic_array_with_skew_inst_systolic_array_inst/row_10__col_1__mac_inst_clk_gate_weight_r_reg       18.7680     0.0       0.0000     18.7680        0.0000 conv_SNPS_CLOCK_GATE_HIGH_mac_IFMAP_WIDTH8_WEIGHT_WIDTH8_OFMAP_WIDTH32_16_106
systolic_array_with_skew_inst_systolic_array_inst/row_10__col_2__mac_inst_clk_gate_weight_r_reg       18.7680     0.0       0.0000     18.7680        0.0000 conv_SNPS_CLOCK_GATE_HIGH_mac_IFMAP_WIDTH8_WEIGHT_WIDTH8_OFMAP_WIDTH32_16_105
systolic_array_with_skew_inst_systolic_array_inst/row_10__col_3__mac_inst_clk_gate_weight_r_reg       18.7680     0.0       0.0000     18.7680        0.0000 conv_SNPS_CLOCK_GATE_HIGH_mac_IFMAP_WIDTH8_WEIGHT_WIDTH8_OFMAP_WIDTH32_16_104
systolic_array_with_skew_inst_systolic_array_inst/row_10__col_4__mac_inst_clk_gate_ifmap_r_reg       18.7680     0.0       0.0000     18.7680        0.0000 conv_SNPS_CLOCK_GATE_HIGH_mac_IFMAP_WIDTH8_WEIGHT_WIDTH8_OFMAP_WIDTH32_16_102
systolic_array_with_skew_inst_systolic_array_inst/row_10__col_4__mac_inst_clk_gate_weight_r_reg       18.7680     0.0       0.0000     18.7680        0.0000 conv_SNPS_CLOCK_GATE_HIGH_mac_IFMAP_WIDTH8_WEIGHT_WIDTH8_OFMAP_WIDTH32_16_103
systolic_array_with_skew_inst_systolic_array_inst/row_10__col_5__mac_inst_clk_gate_weight_r_reg       18.7680     0.0       0.0000     18.7680        0.0000 conv_SNPS_CLOCK_GATE_HIGH_mac_IFMAP_WIDTH8_WEIGHT_WIDTH8_OFMAP_WIDTH32_16_101
systolic_array_with_skew_inst_systolic_array_inst/row_10__col_6__mac_inst_clk_gate_weight_r_reg       18.7680     0.0       0.0000     18.7680        0.0000 conv_SNPS_CLOCK_GATE_HIGH_mac_IFMAP_WIDTH8_WEIGHT_WIDTH8_OFMAP_WIDTH32_16_100
systolic_array_with_skew_inst_systolic_array_inst/row_10__col_7__mac_inst_clk_gate_weight_r_reg       18.7680     0.0       0.0000     18.7680        0.0000 conv_SNPS_CLOCK_GATE_HIGH_mac_IFMAP_WIDTH8_WEIGHT_WIDTH8_OFMAP_WIDTH32_16_99
systolic_array_with_skew_inst_systolic_array_inst/row_10__col_8__mac_inst_clk_gate_weight_r_reg       18.7680     0.0       0.0000     18.7680        0.0000 conv_SNPS_CLOCK_GATE_HIGH_mac_IFMAP_WIDTH8_WEIGHT_WIDTH8_OFMAP_WIDTH32_16_98
systolic_array_with_skew_inst_systolic_array_inst/row_10__col_9__mac_inst_clk_gate_weight_r_reg       18.7680     0.0       0.0000     18.7680        0.0000 conv_SNPS_CLOCK_GATE_HIGH_mac_IFMAP_WIDTH8_WEIGHT_WIDTH8_OFMAP_WIDTH32_16_97
systolic_array_with_skew_inst_systolic_array_inst/row_11__col_0__mac_inst_clk_gate_ifmap_r_reg       18.7680     0.0       0.0000     18.7680        0.0000 conv_SNPS_CLOCK_GATE_HIGH_mac_IFMAP_WIDTH8_WEIGHT_WIDTH8_OFMAP_WIDTH32_16_87
systolic_array_with_skew_inst_systolic_array_inst/row_11__col_0__mac_inst_clk_gate_weight_r_reg       18.7680     0.0       0.0000     18.7680        0.0000 conv_SNPS_CLOCK_GATE_HIGH_mac_IFMAP_WIDTH8_WEIGHT_WIDTH8_OFMAP_WIDTH32_16_88
systolic_array_with_skew_inst_systolic_array_inst/row_11__col_10__mac_inst_clk_gate_ifmap_r_reg       18.7680     0.0       0.0000     18.7680        0.0000 conv_SNPS_CLOCK_GATE_HIGH_mac_IFMAP_WIDTH8_WEIGHT_WIDTH8_OFMAP_WIDTH32_16_72
systolic_array_with_skew_inst_systolic_array_inst/row_11__col_10__mac_inst_clk_gate_weight_r_reg       18.7680     0.0       0.0000     18.7680        0.0000 conv_SNPS_CLOCK_GATE_HIGH_mac_IFMAP_WIDTH8_WEIGHT_WIDTH8_OFMAP_WIDTH32_16_73
systolic_array_with_skew_inst_systolic_array_inst/row_11__col_11__mac_inst_clk_gate_weight_r_reg       18.7680     0.0       0.0000     18.7680        0.0000 conv_SNPS_CLOCK_GATE_HIGH_mac_IFMAP_WIDTH8_WEIGHT_WIDTH8_OFMAP_WIDTH32_16_71
systolic_array_with_skew_inst_systolic_array_inst/row_11__col_12__mac_inst_clk_gate_weight_r_reg       18.7680     0.0       0.0000     18.7680        0.0000 conv_SNPS_CLOCK_GATE_HIGH_mac_IFMAP_WIDTH8_WEIGHT_WIDTH8_OFMAP_WIDTH32_16_70
systolic_array_with_skew_inst_systolic_array_inst/row_11__col_13__mac_inst_clk_gate_weight_r_reg       18.7680     0.0       0.0000     18.7680        0.0000 conv_SNPS_CLOCK_GATE_HIGH_mac_IFMAP_WIDTH8_WEIGHT_WIDTH8_OFMAP_WIDTH32_16_69
systolic_array_with_skew_inst_systolic_array_inst/row_11__col_14__mac_inst_clk_gate_ifmap_r_reg       18.7680     0.0       0.0000     18.7680        0.0000 conv_SNPS_CLOCK_GATE_HIGH_mac_IFMAP_WIDTH8_WEIGHT_WIDTH8_OFMAP_WIDTH32_16_67
systolic_array_with_skew_inst_systolic_array_inst/row_11__col_14__mac_inst_clk_gate_weight_r_reg       18.7680     0.0       0.0000     18.7680        0.0000 conv_SNPS_CLOCK_GATE_HIGH_mac_IFMAP_WIDTH8_WEIGHT_WIDTH8_OFMAP_WIDTH32_16_68
systolic_array_with_skew_inst_systolic_array_inst/row_11__col_15__mac_inst_clk_gate_weight_r_reg       18.7680     0.0       0.0000     18.7680        0.0000 conv_SNPS_CLOCK_GATE_HIGH_mac_IFMAP_WIDTH8_WEIGHT_WIDTH8_OFMAP_WIDTH32_16_66
systolic_array_with_skew_inst_systolic_array_inst/row_11__col_1__mac_inst_clk_gate_weight_r_reg       18.7680     0.0       0.0000     18.7680        0.0000 conv_SNPS_CLOCK_GATE_HIGH_mac_IFMAP_WIDTH8_WEIGHT_WIDTH8_OFMAP_WIDTH32_16_86
systolic_array_with_skew_inst_systolic_array_inst/row_11__col_2__mac_inst_clk_gate_ifmap_r_reg       18.7680     0.0       0.0000     18.7680        0.0000 conv_SNPS_CLOCK_GATE_HIGH_mac_IFMAP_WIDTH8_WEIGHT_WIDTH8_OFMAP_WIDTH32_16_84
systolic_array_with_skew_inst_systolic_array_inst/row_11__col_2__mac_inst_clk_gate_weight_r_reg       18.7680     0.0       0.0000     18.7680        0.0000 conv_SNPS_CLOCK_GATE_HIGH_mac_IFMAP_WIDTH8_WEIGHT_WIDTH8_OFMAP_WIDTH32_16_85
systolic_array_with_skew_inst_systolic_array_inst/row_11__col_3__mac_inst_clk_gate_weight_r_reg       18.7680     0.0       0.0000     18.7680        0.0000 conv_SNPS_CLOCK_GATE_HIGH_mac_IFMAP_WIDTH8_WEIGHT_WIDTH8_OFMAP_WIDTH32_16_83
systolic_array_with_skew_inst_systolic_array_inst/row_11__col_4__mac_inst_clk_gate_ifmap_r_reg       18.7680     0.0       0.0000     18.7680        0.0000 conv_SNPS_CLOCK_GATE_HIGH_mac_IFMAP_WIDTH8_WEIGHT_WIDTH8_OFMAP_WIDTH32_16_81
systolic_array_with_skew_inst_systolic_array_inst/row_11__col_4__mac_inst_clk_gate_weight_r_reg       18.7680     0.0       0.0000     18.7680        0.0000 conv_SNPS_CLOCK_GATE_HIGH_mac_IFMAP_WIDTH8_WEIGHT_WIDTH8_OFMAP_WIDTH32_16_82
systolic_array_with_skew_inst_systolic_array_inst/row_11__col_5__mac_inst_clk_gate_weight_r_reg       18.7680     0.0       0.0000     18.7680        0.0000 conv_SNPS_CLOCK_GATE_HIGH_mac_IFMAP_WIDTH8_WEIGHT_WIDTH8_OFMAP_WIDTH32_16_80
systolic_array_with_skew_inst_systolic_array_inst/row_11__col_6__mac_inst_clk_gate_ifmap_r_reg       18.7680     0.0       0.0000     18.7680        0.0000 conv_SNPS_CLOCK_GATE_HIGH_mac_IFMAP_WIDTH8_WEIGHT_WIDTH8_OFMAP_WIDTH32_16_78
systolic_array_with_skew_inst_systolic_array_inst/row_11__col_6__mac_inst_clk_gate_weight_r_reg       18.7680     0.0       0.0000     18.7680        0.0000 conv_SNPS_CLOCK_GATE_HIGH_mac_IFMAP_WIDTH8_WEIGHT_WIDTH8_OFMAP_WIDTH32_16_79
systolic_array_with_skew_inst_systolic_array_inst/row_11__col_7__mac_inst_clk_gate_weight_r_reg       18.7680     0.0       0.0000     18.7680        0.0000 conv_SNPS_CLOCK_GATE_HIGH_mac_IFMAP_WIDTH8_WEIGHT_WIDTH8_OFMAP_WIDTH32_16_77
systolic_array_with_skew_inst_systolic_array_inst/row_11__col_8__mac_inst_clk_gate_ifmap_r_reg       18.7680     0.0       0.0000     18.7680        0.0000 conv_SNPS_CLOCK_GATE_HIGH_mac_IFMAP_WIDTH8_WEIGHT_WIDTH8_OFMAP_WIDTH32_16_75
systolic_array_with_skew_inst_systolic_array_inst/row_11__col_8__mac_inst_clk_gate_weight_r_reg       18.7680     0.0       0.0000     18.7680        0.0000 conv_SNPS_CLOCK_GATE_HIGH_mac_IFMAP_WIDTH8_WEIGHT_WIDTH8_OFMAP_WIDTH32_16_76
systolic_array_with_skew_inst_systolic_array_inst/row_11__col_9__mac_inst_clk_gate_weight_r_reg       18.7680     0.0       0.0000     18.7680        0.0000 conv_SNPS_CLOCK_GATE_HIGH_mac_IFMAP_WIDTH8_WEIGHT_WIDTH8_OFMAP_WIDTH32_16_74
systolic_array_with_skew_inst_systolic_array_inst/row_12__col_0__mac_inst_clk_gate_ifmap_r_reg       18.7680     0.0       0.0000     18.7680        0.0000 conv_SNPS_CLOCK_GATE_HIGH_mac_IFMAP_WIDTH8_WEIGHT_WIDTH8_OFMAP_WIDTH32_16_64
systolic_array_with_skew_inst_systolic_array_inst/row_12__col_0__mac_inst_clk_gate_weight_r_reg       18.7680     0.0       0.0000     18.7680        0.0000 conv_SNPS_CLOCK_GATE_HIGH_mac_IFMAP_WIDTH8_WEIGHT_WIDTH8_OFMAP_WIDTH32_16_65
systolic_array_with_skew_inst_systolic_array_inst/row_12__col_10__mac_inst_clk_gate_ifmap_r_reg       18.7680     0.0       0.0000     18.7680        0.0000 conv_SNPS_CLOCK_GATE_HIGH_mac_IFMAP_WIDTH8_WEIGHT_WIDTH8_OFMAP_WIDTH32_16_49
systolic_array_with_skew_inst_systolic_array_inst/row_12__col_10__mac_inst_clk_gate_weight_r_reg       18.7680     0.0       0.0000     18.7680        0.0000 conv_SNPS_CLOCK_GATE_HIGH_mac_IFMAP_WIDTH8_WEIGHT_WIDTH8_OFMAP_WIDTH32_16_50
systolic_array_with_skew_inst_systolic_array_inst/row_12__col_11__mac_inst_clk_gate_weight_r_reg       18.7680     0.0       0.0000     18.7680        0.0000 conv_SNPS_CLOCK_GATE_HIGH_mac_IFMAP_WIDTH8_WEIGHT_WIDTH8_OFMAP_WIDTH32_16_48
systolic_array_with_skew_inst_systolic_array_inst/row_12__col_12__mac_inst_clk_gate_ifmap_r_reg       18.7680     0.0       0.0000     18.7680        0.0000 conv_SNPS_CLOCK_GATE_HIGH_mac_IFMAP_WIDTH8_WEIGHT_WIDTH8_OFMAP_WIDTH32_16_46
systolic_array_with_skew_inst_systolic_array_inst/row_12__col_12__mac_inst_clk_gate_weight_r_reg       18.7680     0.0       0.0000     18.7680        0.0000 conv_SNPS_CLOCK_GATE_HIGH_mac_IFMAP_WIDTH8_WEIGHT_WIDTH8_OFMAP_WIDTH32_16_47
systolic_array_with_skew_inst_systolic_array_inst/row_12__col_13__mac_inst_clk_gate_weight_r_reg       18.7680     0.0       0.0000     18.7680        0.0000 conv_SNPS_CLOCK_GATE_HIGH_mac_IFMAP_WIDTH8_WEIGHT_WIDTH8_OFMAP_WIDTH32_16_45
systolic_array_with_skew_inst_systolic_array_inst/row_12__col_14__mac_inst_clk_gate_ifmap_r_reg       18.7680     0.0       0.0000     18.7680        0.0000 conv_SNPS_CLOCK_GATE_HIGH_mac_IFMAP_WIDTH8_WEIGHT_WIDTH8_OFMAP_WIDTH32_16_43
systolic_array_with_skew_inst_systolic_array_inst/row_12__col_14__mac_inst_clk_gate_weight_r_reg       18.7680     0.0       0.0000     18.7680        0.0000 conv_SNPS_CLOCK_GATE_HIGH_mac_IFMAP_WIDTH8_WEIGHT_WIDTH8_OFMAP_WIDTH32_16_44
systolic_array_with_skew_inst_systolic_array_inst/row_12__col_15__mac_inst_clk_gate_weight_r_reg       18.7680     0.0       0.0000     18.7680        0.0000 conv_SNPS_CLOCK_GATE_HIGH_mac_IFMAP_WIDTH8_WEIGHT_WIDTH8_OFMAP_WIDTH32_16_42
systolic_array_with_skew_inst_systolic_array_inst/row_12__col_1__mac_inst_clk_gate_weight_r_reg       18.7680     0.0       0.0000     18.7680        0.0000 conv_SNPS_CLOCK_GATE_HIGH_mac_IFMAP_WIDTH8_WEIGHT_WIDTH8_OFMAP_WIDTH32_16_63
systolic_array_with_skew_inst_systolic_array_inst/row_12__col_2__mac_inst_clk_gate_ifmap_r_reg       18.7680     0.0       0.0000     18.7680        0.0000 conv_SNPS_CLOCK_GATE_HIGH_mac_IFMAP_WIDTH8_WEIGHT_WIDTH8_OFMAP_WIDTH32_16_61
systolic_array_with_skew_inst_systolic_array_inst/row_12__col_2__mac_inst_clk_gate_weight_r_reg       18.7680     0.0       0.0000     18.7680        0.0000 conv_SNPS_CLOCK_GATE_HIGH_mac_IFMAP_WIDTH8_WEIGHT_WIDTH8_OFMAP_WIDTH32_16_62
systolic_array_with_skew_inst_systolic_array_inst/row_12__col_3__mac_inst_clk_gate_weight_r_reg       18.7680     0.0       0.0000     18.7680        0.0000 conv_SNPS_CLOCK_GATE_HIGH_mac_IFMAP_WIDTH8_WEIGHT_WIDTH8_OFMAP_WIDTH32_16_60
systolic_array_with_skew_inst_systolic_array_inst/row_12__col_4__mac_inst_clk_gate_ifmap_r_reg       18.7680     0.0       0.0000     18.7680        0.0000 conv_SNPS_CLOCK_GATE_HIGH_mac_IFMAP_WIDTH8_WEIGHT_WIDTH8_OFMAP_WIDTH32_16_58
systolic_array_with_skew_inst_systolic_array_inst/row_12__col_4__mac_inst_clk_gate_weight_r_reg       18.7680     0.0       0.0000     18.7680        0.0000 conv_SNPS_CLOCK_GATE_HIGH_mac_IFMAP_WIDTH8_WEIGHT_WIDTH8_OFMAP_WIDTH32_16_59
systolic_array_with_skew_inst_systolic_array_inst/row_12__col_5__mac_inst_clk_gate_weight_r_reg       18.7680     0.0       0.0000     18.7680        0.0000 conv_SNPS_CLOCK_GATE_HIGH_mac_IFMAP_WIDTH8_WEIGHT_WIDTH8_OFMAP_WIDTH32_16_57
systolic_array_with_skew_inst_systolic_array_inst/row_12__col_6__mac_inst_clk_gate_ifmap_r_reg       18.7680     0.0       0.0000     18.7680        0.0000 conv_SNPS_CLOCK_GATE_HIGH_mac_IFMAP_WIDTH8_WEIGHT_WIDTH8_OFMAP_WIDTH32_16_55
systolic_array_with_skew_inst_systolic_array_inst/row_12__col_6__mac_inst_clk_gate_weight_r_reg       18.7680     0.0       0.0000     18.7680        0.0000 conv_SNPS_CLOCK_GATE_HIGH_mac_IFMAP_WIDTH8_WEIGHT_WIDTH8_OFMAP_WIDTH32_16_56
systolic_array_with_skew_inst_systolic_array_inst/row_12__col_7__mac_inst_clk_gate_weight_r_reg       18.7680     0.0       0.0000     18.7680        0.0000 conv_SNPS_CLOCK_GATE_HIGH_mac_IFMAP_WIDTH8_WEIGHT_WIDTH8_OFMAP_WIDTH32_16_54
systolic_array_with_skew_inst_systolic_array_inst/row_12__col_8__mac_inst_clk_gate_ifmap_r_reg       18.7680     0.0       0.0000     18.7680        0.0000 conv_SNPS_CLOCK_GATE_HIGH_mac_IFMAP_WIDTH8_WEIGHT_WIDTH8_OFMAP_WIDTH32_16_52
systolic_array_with_skew_inst_systolic_array_inst/row_12__col_8__mac_inst_clk_gate_weight_r_reg       18.7680     0.0       0.0000     18.7680        0.0000 conv_SNPS_CLOCK_GATE_HIGH_mac_IFMAP_WIDTH8_WEIGHT_WIDTH8_OFMAP_WIDTH32_16_53
systolic_array_with_skew_inst_systolic_array_inst/row_12__col_9__mac_inst_clk_gate_weight_r_reg       18.7680     0.0       0.0000     18.7680        0.0000 conv_SNPS_CLOCK_GATE_HIGH_mac_IFMAP_WIDTH8_WEIGHT_WIDTH8_OFMAP_WIDTH32_16_51
systolic_array_with_skew_inst_systolic_array_inst/row_13__col_0__mac_inst_clk_gate_ifmap_r_reg       18.7680     0.0       0.0000     18.7680        0.0000 conv_SNPS_CLOCK_GATE_HIGH_mac_IFMAP_WIDTH8_WEIGHT_WIDTH8_OFMAP_WIDTH32_16_40
systolic_array_with_skew_inst_systolic_array_inst/row_13__col_0__mac_inst_clk_gate_weight_r_reg       18.7680     0.0       0.0000     18.7680        0.0000 conv_SNPS_CLOCK_GATE_HIGH_mac_IFMAP_WIDTH8_WEIGHT_WIDTH8_OFMAP_WIDTH32_16_41
systolic_array_with_skew_inst_systolic_array_inst/row_13__col_10__mac_inst_clk_gate_ifmap_r_reg       18.7680     0.0       0.0000     18.7680        0.0000 conv_SNPS_CLOCK_GATE_HIGH_mac_IFMAP_WIDTH8_WEIGHT_WIDTH8_OFMAP_WIDTH32_16_26
systolic_array_with_skew_inst_systolic_array_inst/row_13__col_10__mac_inst_clk_gate_weight_r_reg       18.7680     0.0       0.0000     18.7680        0.0000 conv_SNPS_CLOCK_GATE_HIGH_mac_IFMAP_WIDTH8_WEIGHT_WIDTH8_OFMAP_WIDTH32_16_27
systolic_array_with_skew_inst_systolic_array_inst/row_13__col_11__mac_inst_clk_gate_weight_r_reg       18.7680     0.0       0.0000     18.7680        0.0000 conv_SNPS_CLOCK_GATE_HIGH_mac_IFMAP_WIDTH8_WEIGHT_WIDTH8_OFMAP_WIDTH32_16_25
systolic_array_with_skew_inst_systolic_array_inst/row_13__col_12__mac_inst_clk_gate_weight_r_reg       18.7680     0.0       0.0000     18.7680        0.0000 conv_SNPS_CLOCK_GATE_HIGH_mac_IFMAP_WIDTH8_WEIGHT_WIDTH8_OFMAP_WIDTH32_16_24
systolic_array_with_skew_inst_systolic_array_inst/row_13__col_13__mac_inst_clk_gate_weight_r_reg       18.7680     0.0       0.0000     18.7680        0.0000 conv_SNPS_CLOCK_GATE_HIGH_mac_IFMAP_WIDTH8_WEIGHT_WIDTH8_OFMAP_WIDTH32_16_23
systolic_array_with_skew_inst_systolic_array_inst/row_13__col_14__mac_inst_clk_gate_ifmap_r_reg       18.7680     0.0       0.0000     18.7680        0.0000 conv_SNPS_CLOCK_GATE_HIGH_mac_IFMAP_WIDTH8_WEIGHT_WIDTH8_OFMAP_WIDTH32_16_21
systolic_array_with_skew_inst_systolic_array_inst/row_13__col_14__mac_inst_clk_gate_weight_r_reg       18.7680     0.0       0.0000     18.7680        0.0000 conv_SNPS_CLOCK_GATE_HIGH_mac_IFMAP_WIDTH8_WEIGHT_WIDTH8_OFMAP_WIDTH32_16_22
systolic_array_with_skew_inst_systolic_array_inst/row_13__col_15__mac_inst_clk_gate_weight_r_reg       18.7680     0.0       0.0000     18.7680        0.0000 conv_SNPS_CLOCK_GATE_HIGH_mac_IFMAP_WIDTH8_WEIGHT_WIDTH8_OFMAP_WIDTH32_16_20
systolic_array_with_skew_inst_systolic_array_inst/row_13__col_1__mac_inst_clk_gate_weight_r_reg       18.7680     0.0       0.0000     18.7680        0.0000 conv_SNPS_CLOCK_GATE_HIGH_mac_IFMAP_WIDTH8_WEIGHT_WIDTH8_OFMAP_WIDTH32_16_39
systolic_array_with_skew_inst_systolic_array_inst/row_13__col_2__mac_inst_clk_gate_weight_r_reg       18.7680     0.0       0.0000     18.7680        0.0000 conv_SNPS_CLOCK_GATE_HIGH_mac_IFMAP_WIDTH8_WEIGHT_WIDTH8_OFMAP_WIDTH32_16_38
systolic_array_with_skew_inst_systolic_array_inst/row_13__col_3__mac_inst_clk_gate_weight_r_reg       18.7680     0.0       0.0000     18.7680        0.0000 conv_SNPS_CLOCK_GATE_HIGH_mac_IFMAP_WIDTH8_WEIGHT_WIDTH8_OFMAP_WIDTH32_16_37
systolic_array_with_skew_inst_systolic_array_inst/row_13__col_4__mac_inst_clk_gate_ifmap_r_reg       18.7680     0.0       0.0000     18.7680        0.0000 conv_SNPS_CLOCK_GATE_HIGH_mac_IFMAP_WIDTH8_WEIGHT_WIDTH8_OFMAP_WIDTH32_16_35
systolic_array_with_skew_inst_systolic_array_inst/row_13__col_4__mac_inst_clk_gate_weight_r_reg       18.7680     0.0       0.0000     18.7680        0.0000 conv_SNPS_CLOCK_GATE_HIGH_mac_IFMAP_WIDTH8_WEIGHT_WIDTH8_OFMAP_WIDTH32_16_36
systolic_array_with_skew_inst_systolic_array_inst/row_13__col_5__mac_inst_clk_gate_weight_r_reg       18.7680     0.0       0.0000     18.7680        0.0000 conv_SNPS_CLOCK_GATE_HIGH_mac_IFMAP_WIDTH8_WEIGHT_WIDTH8_OFMAP_WIDTH32_16_34
systolic_array_with_skew_inst_systolic_array_inst/row_13__col_6__mac_inst_clk_gate_ifmap_r_reg       18.7680     0.0       0.0000     18.7680        0.0000 conv_SNPS_CLOCK_GATE_HIGH_mac_IFMAP_WIDTH8_WEIGHT_WIDTH8_OFMAP_WIDTH32_16_32
systolic_array_with_skew_inst_systolic_array_inst/row_13__col_6__mac_inst_clk_gate_weight_r_reg       18.7680     0.0       0.0000     18.7680        0.0000 conv_SNPS_CLOCK_GATE_HIGH_mac_IFMAP_WIDTH8_WEIGHT_WIDTH8_OFMAP_WIDTH32_16_33
systolic_array_with_skew_inst_systolic_array_inst/row_13__col_7__mac_inst_clk_gate_weight_r_reg       18.7680     0.0       0.0000     18.7680        0.0000 conv_SNPS_CLOCK_GATE_HIGH_mac_IFMAP_WIDTH8_WEIGHT_WIDTH8_OFMAP_WIDTH32_16_31
systolic_array_with_skew_inst_systolic_array_inst/row_13__col_8__mac_inst_clk_gate_ifmap_r_reg       18.7680     0.0       0.0000     18.7680        0.0000 conv_SNPS_CLOCK_GATE_HIGH_mac_IFMAP_WIDTH8_WEIGHT_WIDTH8_OFMAP_WIDTH32_16_29
systolic_array_with_skew_inst_systolic_array_inst/row_13__col_8__mac_inst_clk_gate_weight_r_reg       18.7680     0.0       0.0000     18.7680        0.0000 conv_SNPS_CLOCK_GATE_HIGH_mac_IFMAP_WIDTH8_WEIGHT_WIDTH8_OFMAP_WIDTH32_16_30
systolic_array_with_skew_inst_systolic_array_inst/row_13__col_9__mac_inst_clk_gate_weight_r_reg       18.7680     0.0       0.0000     18.7680        0.0000 conv_SNPS_CLOCK_GATE_HIGH_mac_IFMAP_WIDTH8_WEIGHT_WIDTH8_OFMAP_WIDTH32_16_28
systolic_array_with_skew_inst_systolic_array_inst/row_14__col_0__mac_inst_clk_gate_weight_r_reg       18.7680     0.0       0.0000     18.7680        0.0000 conv_SNPS_CLOCK_GATE_HIGH_mac_IFMAP_WIDTH8_WEIGHT_WIDTH8_OFMAP_WIDTH32_16_19
systolic_array_with_skew_inst_systolic_array_inst/row_14__col_10__mac_inst_clk_gate_ifmap_r_reg       18.7680     0.0       0.0000     18.7680        0.0000 conv_SNPS_CLOCK_GATE_HIGH_mac_IFMAP_WIDTH8_WEIGHT_WIDTH8_OFMAP_WIDTH32_16_6
systolic_array_with_skew_inst_systolic_array_inst/row_14__col_10__mac_inst_clk_gate_weight_r_reg       18.7680     0.0       0.0000     18.7680        0.0000 conv_SNPS_CLOCK_GATE_HIGH_mac_IFMAP_WIDTH8_WEIGHT_WIDTH8_OFMAP_WIDTH32_16_7
systolic_array_with_skew_inst_systolic_array_inst/row_14__col_11__mac_inst_clk_gate_weight_r_reg       18.7680     0.0       0.0000     18.7680        0.0000 conv_SNPS_CLOCK_GATE_HIGH_mac_IFMAP_WIDTH8_WEIGHT_WIDTH8_OFMAP_WIDTH32_16_5
systolic_array_with_skew_inst_systolic_array_inst/row_14__col_12__mac_inst_clk_gate_ifmap_r_reg       18.7680     0.0       0.0000     18.7680        0.0000 conv_SNPS_CLOCK_GATE_HIGH_mac_IFMAP_WIDTH8_WEIGHT_WIDTH8_OFMAP_WIDTH32_16_3
systolic_array_with_skew_inst_systolic_array_inst/row_14__col_12__mac_inst_clk_gate_weight_r_reg       18.7680     0.0       0.0000     18.7680        0.0000 conv_SNPS_CLOCK_GATE_HIGH_mac_IFMAP_WIDTH8_WEIGHT_WIDTH8_OFMAP_WIDTH32_16_4
systolic_array_with_skew_inst_systolic_array_inst/row_14__col_13__mac_inst_clk_gate_weight_r_reg       18.7680     0.0       0.0000     18.7680        0.0000 conv_SNPS_CLOCK_GATE_HIGH_mac_IFMAP_WIDTH8_WEIGHT_WIDTH8_OFMAP_WIDTH32_16_2
systolic_array_with_skew_inst_systolic_array_inst/row_14__col_14__mac_inst_clk_gate_ifmap_r_reg       18.7680     0.0       0.0000     18.7680        0.0000 conv_SNPS_CLOCK_GATE_HIGH_mac_IFMAP_WIDTH8_WEIGHT_WIDTH8_OFMAP_WIDTH32_16_0
systolic_array_with_skew_inst_systolic_array_inst/row_14__col_14__mac_inst_clk_gate_weight_r_reg       18.7680     0.0       0.0000     18.7680        0.0000 conv_SNPS_CLOCK_GATE_HIGH_mac_IFMAP_WIDTH8_WEIGHT_WIDTH8_OFMAP_WIDTH32_16_1
systolic_array_with_skew_inst_systolic_array_inst/row_14__col_15__mac_inst_clk_gate_weight_r_reg       18.7680     0.0       0.0000     18.7680        0.0000 conv_SNPS_CLOCK_GATE_HIGH_mac_IFMAP_WIDTH8_WEIGHT_WIDTH8_OFMAP_WIDTH32_16_295
systolic_array_with_skew_inst_systolic_array_inst/row_14__col_1__mac_inst_clk_gate_weight_r_reg       18.7680     0.0       0.0000     18.7680        0.0000 conv_SNPS_CLOCK_GATE_HIGH_mac_IFMAP_WIDTH8_WEIGHT_WIDTH8_OFMAP_WIDTH32_16_18
systolic_array_with_skew_inst_systolic_array_inst/row_14__col_2__mac_inst_clk_gate_weight_r_reg       18.7680     0.0       0.0000     18.7680        0.0000 conv_SNPS_CLOCK_GATE_HIGH_mac_IFMAP_WIDTH8_WEIGHT_WIDTH8_OFMAP_WIDTH32_16_17
systolic_array_with_skew_inst_systolic_array_inst/row_14__col_3__mac_inst_clk_gate_weight_r_reg       18.7680     0.0       0.0000     18.7680        0.0000 conv_SNPS_CLOCK_GATE_HIGH_mac_IFMAP_WIDTH8_WEIGHT_WIDTH8_OFMAP_WIDTH32_16_16
systolic_array_with_skew_inst_systolic_array_inst/row_14__col_4__mac_inst_clk_gate_weight_r_reg       18.7680     0.0       0.0000     18.7680        0.0000 conv_SNPS_CLOCK_GATE_HIGH_mac_IFMAP_WIDTH8_WEIGHT_WIDTH8_OFMAP_WIDTH32_16_15
systolic_array_with_skew_inst_systolic_array_inst/row_14__col_5__mac_inst_clk_gate_weight_r_reg       18.7680     0.0       0.0000     18.7680        0.0000 conv_SNPS_CLOCK_GATE_HIGH_mac_IFMAP_WIDTH8_WEIGHT_WIDTH8_OFMAP_WIDTH32_16_14
systolic_array_with_skew_inst_systolic_array_inst/row_14__col_6__mac_inst_clk_gate_ifmap_r_reg       18.7680     0.0       0.0000     18.7680        0.0000 conv_SNPS_CLOCK_GATE_HIGH_mac_IFMAP_WIDTH8_WEIGHT_WIDTH8_OFMAP_WIDTH32_16_12
systolic_array_with_skew_inst_systolic_array_inst/row_14__col_6__mac_inst_clk_gate_weight_r_reg       18.7680     0.0       0.0000     18.7680        0.0000 conv_SNPS_CLOCK_GATE_HIGH_mac_IFMAP_WIDTH8_WEIGHT_WIDTH8_OFMAP_WIDTH32_16_13
systolic_array_with_skew_inst_systolic_array_inst/row_14__col_7__mac_inst_clk_gate_weight_r_reg       18.7680     0.0       0.0000     18.7680        0.0000 conv_SNPS_CLOCK_GATE_HIGH_mac_IFMAP_WIDTH8_WEIGHT_WIDTH8_OFMAP_WIDTH32_16_11
systolic_array_with_skew_inst_systolic_array_inst/row_14__col_8__mac_inst_clk_gate_ifmap_r_reg       18.7680     0.0       0.0000     18.7680        0.0000 conv_SNPS_CLOCK_GATE_HIGH_mac_IFMAP_WIDTH8_WEIGHT_WIDTH8_OFMAP_WIDTH32_16_9
systolic_array_with_skew_inst_systolic_array_inst/row_14__col_8__mac_inst_clk_gate_weight_r_reg       18.7680     0.0       0.0000     18.7680        0.0000 conv_SNPS_CLOCK_GATE_HIGH_mac_IFMAP_WIDTH8_WEIGHT_WIDTH8_OFMAP_WIDTH32_16_10
systolic_array_with_skew_inst_systolic_array_inst/row_14__col_9__mac_inst_clk_gate_weight_r_reg       18.7680     0.0       0.0000     18.7680        0.0000 conv_SNPS_CLOCK_GATE_HIGH_mac_IFMAP_WIDTH8_WEIGHT_WIDTH8_OFMAP_WIDTH32_16_8
systolic_array_with_skew_inst_systolic_array_inst/row_15__col_0__mac_inst_clk_gate_weight_r_reg       18.7680     0.0       0.0000     18.7680        0.0000 conv_SNPS_CLOCK_GATE_HIGH_mac_IFMAP_WIDTH8_WEIGHT_WIDTH8_OFMAP_WIDTH32_0_15
systolic_array_with_skew_inst_systolic_array_inst/row_15__col_10__mac_inst_clk_gate_weight_r_reg       18.7680     0.0       0.0000     18.7680        0.0000 conv_SNPS_CLOCK_GATE_HIGH_mac_IFMAP_WIDTH8_WEIGHT_WIDTH8_OFMAP_WIDTH32_0_4
systolic_array_with_skew_inst_systolic_array_inst/row_15__col_11__mac_inst_clk_gate_weight_r_reg       18.7680     0.0       0.0000     18.7680        0.0000 conv_SNPS_CLOCK_GATE_HIGH_mac_IFMAP_WIDTH8_WEIGHT_WIDTH8_OFMAP_WIDTH32_0_3
systolic_array_with_skew_inst_systolic_array_inst/row_15__col_12__mac_inst_clk_gate_weight_r_reg       18.7680     0.0       0.0000     18.7680        0.0000 conv_SNPS_CLOCK_GATE_HIGH_mac_IFMAP_WIDTH8_WEIGHT_WIDTH8_OFMAP_WIDTH32_0_2
systolic_array_with_skew_inst_systolic_array_inst/row_15__col_13__mac_inst_clk_gate_weight_r_reg       18.7680     0.0       0.0000     18.7680        0.0000 conv_SNPS_CLOCK_GATE_HIGH_mac_IFMAP_WIDTH8_WEIGHT_WIDTH8_OFMAP_WIDTH32_0_1
systolic_array_with_skew_inst_systolic_array_inst/row_15__col_14__mac_inst_clk_gate_weight_r_reg       18.7680     0.0       0.0000     18.7680        0.0000 conv_SNPS_CLOCK_GATE_HIGH_mac_IFMAP_WIDTH8_WEIGHT_WIDTH8_OFMAP_WIDTH32_0_0
systolic_array_with_skew_inst_systolic_array_inst/row_15__col_15__mac_inst_clk_gate_weight_r_reg       18.7680     0.0       0.0000     18.7680        0.0000 conv_SNPS_CLOCK_GATE_HIGH_mac_IFMAP_WIDTH8_WEIGHT_WIDTH8_OFMAP_WIDTH32_0_16
systolic_array_with_skew_inst_systolic_array_inst/row_15__col_1__mac_inst_clk_gate_weight_r_reg       18.7680     0.0       0.0000     18.7680        0.0000 conv_SNPS_CLOCK_GATE_HIGH_mac_IFMAP_WIDTH8_WEIGHT_WIDTH8_OFMAP_WIDTH32_0_14
systolic_array_with_skew_inst_systolic_array_inst/row_15__col_2__mac_inst_clk_gate_weight_r_reg       18.7680     0.0       0.0000     18.7680        0.0000 conv_SNPS_CLOCK_GATE_HIGH_mac_IFMAP_WIDTH8_WEIGHT_WIDTH8_OFMAP_WIDTH32_0_13
systolic_array_with_skew_inst_systolic_array_inst/row_15__col_3__mac_inst_clk_gate_weight_r_reg       18.7680     0.0       0.0000     18.7680        0.0000 conv_SNPS_CLOCK_GATE_HIGH_mac_IFMAP_WIDTH8_WEIGHT_WIDTH8_OFMAP_WIDTH32_0_12
systolic_array_with_skew_inst_systolic_array_inst/row_15__col_4__mac_inst_clk_gate_weight_r_reg       18.7680     0.0       0.0000     18.7680        0.0000 conv_SNPS_CLOCK_GATE_HIGH_mac_IFMAP_WIDTH8_WEIGHT_WIDTH8_OFMAP_WIDTH32_0_11
systolic_array_with_skew_inst_systolic_array_inst/row_15__col_5__mac_inst_clk_gate_ofmap_r_reg       18.7680     0.0       0.0000     18.7680        0.0000 conv_SNPS_CLOCK_GATE_HIGH_mac_IFMAP_WIDTH8_WEIGHT_WIDTH8_OFMAP_WIDTH32_0_9
systolic_array_with_skew_inst_systolic_array_inst/row_15__col_5__mac_inst_clk_gate_weight_r_reg       18.7680     0.0       0.0000     18.7680        0.0000 conv_SNPS_CLOCK_GATE_HIGH_mac_IFMAP_WIDTH8_WEIGHT_WIDTH8_OFMAP_WIDTH32_0_10
systolic_array_with_skew_inst_systolic_array_inst/row_15__col_6__mac_inst_clk_gate_weight_r_reg       18.7680     0.0       0.0000     18.7680        0.0000 conv_SNPS_CLOCK_GATE_HIGH_mac_IFMAP_WIDTH8_WEIGHT_WIDTH8_OFMAP_WIDTH32_0_8
systolic_array_with_skew_inst_systolic_array_inst/row_15__col_7__mac_inst_clk_gate_weight_r_reg       18.7680     0.0       0.0000     18.7680        0.0000 conv_SNPS_CLOCK_GATE_HIGH_mac_IFMAP_WIDTH8_WEIGHT_WIDTH8_OFMAP_WIDTH32_0_7
systolic_array_with_skew_inst_systolic_array_inst/row_15__col_8__mac_inst_clk_gate_weight_r_reg       18.7680     0.0       0.0000     18.7680        0.0000 conv_SNPS_CLOCK_GATE_HIGH_mac_IFMAP_WIDTH8_WEIGHT_WIDTH8_OFMAP_WIDTH32_0_6
systolic_array_with_skew_inst_systolic_array_inst/row_15__col_9__mac_inst_clk_gate_weight_r_reg       18.7680     0.0       0.0000     18.7680        0.0000 conv_SNPS_CLOCK_GATE_HIGH_mac_IFMAP_WIDTH8_WEIGHT_WIDTH8_OFMAP_WIDTH32_0_5
systolic_array_with_skew_inst_systolic_array_inst/row_1__col_0__mac_inst_clk_gate_weight_r_reg       18.7680     0.0       0.0000     18.7680        0.0000 conv_SNPS_CLOCK_GATE_HIGH_mac_IFMAP_WIDTH8_WEIGHT_WIDTH8_OFMAP_WIDTH32_16_279
systolic_array_with_skew_inst_systolic_array_inst/row_1__col_10__mac_inst_clk_gate_weight_r_reg       18.7680     0.0       0.0000     18.7680        0.0000 conv_SNPS_CLOCK_GATE_HIGH_mac_IFMAP_WIDTH8_WEIGHT_WIDTH8_OFMAP_WIDTH32_16_268
systolic_array_with_skew_inst_systolic_array_inst/row_1__col_11__mac_inst_clk_gate_weight_r_reg       18.7680     0.0       0.0000     18.7680        0.0000 conv_SNPS_CLOCK_GATE_HIGH_mac_IFMAP_WIDTH8_WEIGHT_WIDTH8_OFMAP_WIDTH32_16_267
systolic_array_with_skew_inst_systolic_array_inst/row_1__col_12__mac_inst_clk_gate_weight_r_reg       18.7680     0.0       0.0000     18.7680        0.0000 conv_SNPS_CLOCK_GATE_HIGH_mac_IFMAP_WIDTH8_WEIGHT_WIDTH8_OFMAP_WIDTH32_16_266
systolic_array_with_skew_inst_systolic_array_inst/row_1__col_13__mac_inst_clk_gate_weight_r_reg       18.7680     0.0       0.0000     18.7680        0.0000 conv_SNPS_CLOCK_GATE_HIGH_mac_IFMAP_WIDTH8_WEIGHT_WIDTH8_OFMAP_WIDTH32_16_265
systolic_array_with_skew_inst_systolic_array_inst/row_1__col_14__mac_inst_clk_gate_ifmap_r_reg       18.7680     0.0       0.0000     18.7680        0.0000 conv_SNPS_CLOCK_GATE_HIGH_mac_IFMAP_WIDTH8_WEIGHT_WIDTH8_OFMAP_WIDTH32_16_263
systolic_array_with_skew_inst_systolic_array_inst/row_1__col_14__mac_inst_clk_gate_weight_r_reg       18.7680     0.0       0.0000     18.7680        0.0000 conv_SNPS_CLOCK_GATE_HIGH_mac_IFMAP_WIDTH8_WEIGHT_WIDTH8_OFMAP_WIDTH32_16_264
systolic_array_with_skew_inst_systolic_array_inst/row_1__col_15__mac_inst_clk_gate_weight_r_reg       18.7680     0.0       0.0000     18.7680        0.0000 conv_SNPS_CLOCK_GATE_HIGH_mac_IFMAP_WIDTH8_WEIGHT_WIDTH8_OFMAP_WIDTH32_16_262
systolic_array_with_skew_inst_systolic_array_inst/row_1__col_1__mac_inst_clk_gate_weight_r_reg       18.7680     0.0       0.0000     18.7680        0.0000 conv_SNPS_CLOCK_GATE_HIGH_mac_IFMAP_WIDTH8_WEIGHT_WIDTH8_OFMAP_WIDTH32_16_278
systolic_array_with_skew_inst_systolic_array_inst/row_1__col_2__mac_inst_clk_gate_weight_r_reg       18.7680     0.0       0.0000     18.7680        0.0000 conv_SNPS_CLOCK_GATE_HIGH_mac_IFMAP_WIDTH8_WEIGHT_WIDTH8_OFMAP_WIDTH32_16_277
systolic_array_with_skew_inst_systolic_array_inst/row_1__col_3__mac_inst_clk_gate_weight_r_reg       18.7680     0.0       0.0000     18.7680        0.0000 conv_SNPS_CLOCK_GATE_HIGH_mac_IFMAP_WIDTH8_WEIGHT_WIDTH8_OFMAP_WIDTH32_16_276
systolic_array_with_skew_inst_systolic_array_inst/row_1__col_4__mac_inst_clk_gate_weight_r_reg       18.7680     0.0       0.0000     18.7680        0.0000 conv_SNPS_CLOCK_GATE_HIGH_mac_IFMAP_WIDTH8_WEIGHT_WIDTH8_OFMAP_WIDTH32_16_275
systolic_array_with_skew_inst_systolic_array_inst/row_1__col_5__mac_inst_clk_gate_weight_r_reg       18.7680     0.0       0.0000     18.7680        0.0000 conv_SNPS_CLOCK_GATE_HIGH_mac_IFMAP_WIDTH8_WEIGHT_WIDTH8_OFMAP_WIDTH32_16_274
systolic_array_with_skew_inst_systolic_array_inst/row_1__col_6__mac_inst_clk_gate_weight_r_reg       18.7680     0.0       0.0000     18.7680        0.0000 conv_SNPS_CLOCK_GATE_HIGH_mac_IFMAP_WIDTH8_WEIGHT_WIDTH8_OFMAP_WIDTH32_16_273
systolic_array_with_skew_inst_systolic_array_inst/row_1__col_7__mac_inst_clk_gate_ifmap_r_reg       18.7680     0.0       0.0000     18.7680        0.0000 conv_SNPS_CLOCK_GATE_HIGH_mac_IFMAP_WIDTH8_WEIGHT_WIDTH8_OFMAP_WIDTH32_16_272
systolic_array_with_skew_inst_systolic_array_inst/row_1__col_7__mac_inst_clk_gate_weight_r_reg       18.7680     0.0       0.0000     18.7680        0.0000 conv_SNPS_CLOCK_GATE_HIGH_mac_IFMAP_WIDTH8_WEIGHT_WIDTH8_OFMAP_WIDTH32_16_271
systolic_array_with_skew_inst_systolic_array_inst/row_1__col_8__mac_inst_clk_gate_weight_r_reg       18.7680     0.0       0.0000     18.7680        0.0000 conv_SNPS_CLOCK_GATE_HIGH_mac_IFMAP_WIDTH8_WEIGHT_WIDTH8_OFMAP_WIDTH32_16_270
systolic_array_with_skew_inst_systolic_array_inst/row_1__col_9__mac_inst_clk_gate_weight_r_reg       18.7680     0.0       0.0000     18.7680        0.0000 conv_SNPS_CLOCK_GATE_HIGH_mac_IFMAP_WIDTH8_WEIGHT_WIDTH8_OFMAP_WIDTH32_16_269
systolic_array_with_skew_inst_systolic_array_inst/row_2__col_0__mac_inst_clk_gate_weight_r_reg       18.7680     0.0       0.0000     18.7680        0.0000 conv_SNPS_CLOCK_GATE_HIGH_mac_IFMAP_WIDTH8_WEIGHT_WIDTH8_OFMAP_WIDTH32_16_261
systolic_array_with_skew_inst_systolic_array_inst/row_2__col_10__mac_inst_clk_gate_weight_r_reg       18.7680     0.0       0.0000     18.7680        0.0000 conv_SNPS_CLOCK_GATE_HIGH_mac_IFMAP_WIDTH8_WEIGHT_WIDTH8_OFMAP_WIDTH32_16_250
systolic_array_with_skew_inst_systolic_array_inst/row_2__col_11__mac_inst_clk_gate_weight_r_reg       18.7680     0.0       0.0000     18.7680        0.0000 conv_SNPS_CLOCK_GATE_HIGH_mac_IFMAP_WIDTH8_WEIGHT_WIDTH8_OFMAP_WIDTH32_16_249
systolic_array_with_skew_inst_systolic_array_inst/row_2__col_12__mac_inst_clk_gate_ifmap_r_reg       18.7680     0.0       0.0000     18.7680        0.0000 conv_SNPS_CLOCK_GATE_HIGH_mac_IFMAP_WIDTH8_WEIGHT_WIDTH8_OFMAP_WIDTH32_16_247
systolic_array_with_skew_inst_systolic_array_inst/row_2__col_12__mac_inst_clk_gate_weight_r_reg       18.7680     0.0       0.0000     18.7680        0.0000 conv_SNPS_CLOCK_GATE_HIGH_mac_IFMAP_WIDTH8_WEIGHT_WIDTH8_OFMAP_WIDTH32_16_248
systolic_array_with_skew_inst_systolic_array_inst/row_2__col_13__mac_inst_clk_gate_weight_r_reg       18.7680     0.0       0.0000     18.7680        0.0000 conv_SNPS_CLOCK_GATE_HIGH_mac_IFMAP_WIDTH8_WEIGHT_WIDTH8_OFMAP_WIDTH32_16_246
systolic_array_with_skew_inst_systolic_array_inst/row_2__col_14__mac_inst_clk_gate_weight_r_reg       18.7680     0.0       0.0000     18.7680        0.0000 conv_SNPS_CLOCK_GATE_HIGH_mac_IFMAP_WIDTH8_WEIGHT_WIDTH8_OFMAP_WIDTH32_16_245
systolic_array_with_skew_inst_systolic_array_inst/row_2__col_15__mac_inst_clk_gate_weight_r_reg       18.7680     0.0       0.0000     18.7680        0.0000 conv_SNPS_CLOCK_GATE_HIGH_mac_IFMAP_WIDTH8_WEIGHT_WIDTH8_OFMAP_WIDTH32_16_244
systolic_array_with_skew_inst_systolic_array_inst/row_2__col_1__mac_inst_clk_gate_weight_r_reg       18.7680     0.0       0.0000     18.7680        0.0000 conv_SNPS_CLOCK_GATE_HIGH_mac_IFMAP_WIDTH8_WEIGHT_WIDTH8_OFMAP_WIDTH32_16_260
systolic_array_with_skew_inst_systolic_array_inst/row_2__col_2__mac_inst_clk_gate_weight_r_reg       18.7680     0.0       0.0000     18.7680        0.0000 conv_SNPS_CLOCK_GATE_HIGH_mac_IFMAP_WIDTH8_WEIGHT_WIDTH8_OFMAP_WIDTH32_16_259
systolic_array_with_skew_inst_systolic_array_inst/row_2__col_3__mac_inst_clk_gate_weight_r_reg       18.7680     0.0       0.0000     18.7680        0.0000 conv_SNPS_CLOCK_GATE_HIGH_mac_IFMAP_WIDTH8_WEIGHT_WIDTH8_OFMAP_WIDTH32_16_258
systolic_array_with_skew_inst_systolic_array_inst/row_2__col_4__mac_inst_clk_gate_weight_r_reg       18.7680     0.0       0.0000     18.7680        0.0000 conv_SNPS_CLOCK_GATE_HIGH_mac_IFMAP_WIDTH8_WEIGHT_WIDTH8_OFMAP_WIDTH32_16_257
systolic_array_with_skew_inst_systolic_array_inst/row_2__col_5__mac_inst_clk_gate_weight_r_reg       18.7680     0.0       0.0000     18.7680        0.0000 conv_SNPS_CLOCK_GATE_HIGH_mac_IFMAP_WIDTH8_WEIGHT_WIDTH8_OFMAP_WIDTH32_16_256
systolic_array_with_skew_inst_systolic_array_inst/row_2__col_6__mac_inst_clk_gate_ifmap_r_reg       18.7680     0.0       0.0000     18.7680        0.0000 conv_SNPS_CLOCK_GATE_HIGH_mac_IFMAP_WIDTH8_WEIGHT_WIDTH8_OFMAP_WIDTH32_16_254
systolic_array_with_skew_inst_systolic_array_inst/row_2__col_6__mac_inst_clk_gate_weight_r_reg       18.7680     0.0       0.0000     18.7680        0.0000 conv_SNPS_CLOCK_GATE_HIGH_mac_IFMAP_WIDTH8_WEIGHT_WIDTH8_OFMAP_WIDTH32_16_255
systolic_array_with_skew_inst_systolic_array_inst/row_2__col_7__mac_inst_clk_gate_weight_r_reg       18.7680     0.0       0.0000     18.7680        0.0000 conv_SNPS_CLOCK_GATE_HIGH_mac_IFMAP_WIDTH8_WEIGHT_WIDTH8_OFMAP_WIDTH32_16_253
systolic_array_with_skew_inst_systolic_array_inst/row_2__col_8__mac_inst_clk_gate_weight_r_reg       18.7680     0.0       0.0000     18.7680        0.0000 conv_SNPS_CLOCK_GATE_HIGH_mac_IFMAP_WIDTH8_WEIGHT_WIDTH8_OFMAP_WIDTH32_16_252
systolic_array_with_skew_inst_systolic_array_inst/row_2__col_9__mac_inst_clk_gate_weight_r_reg       18.7680     0.0       0.0000     18.7680        0.0000 conv_SNPS_CLOCK_GATE_HIGH_mac_IFMAP_WIDTH8_WEIGHT_WIDTH8_OFMAP_WIDTH32_16_251
systolic_array_with_skew_inst_systolic_array_inst/row_3__col_0__mac_inst_clk_gate_weight_r_reg       18.7680     0.0       0.0000     18.7680        0.0000 conv_SNPS_CLOCK_GATE_HIGH_mac_IFMAP_WIDTH8_WEIGHT_WIDTH8_OFMAP_WIDTH32_16_243
systolic_array_with_skew_inst_systolic_array_inst/row_3__col_10__mac_inst_clk_gate_ifmap_r_reg       18.7680     0.0       0.0000     18.7680        0.0000 conv_SNPS_CLOCK_GATE_HIGH_mac_IFMAP_WIDTH8_WEIGHT_WIDTH8_OFMAP_WIDTH32_16_230
systolic_array_with_skew_inst_systolic_array_inst/row_3__col_10__mac_inst_clk_gate_weight_r_reg       18.7680     0.0       0.0000     18.7680        0.0000 conv_SNPS_CLOCK_GATE_HIGH_mac_IFMAP_WIDTH8_WEIGHT_WIDTH8_OFMAP_WIDTH32_16_231
systolic_array_with_skew_inst_systolic_array_inst/row_3__col_11__mac_inst_clk_gate_weight_r_reg       18.7680     0.0       0.0000     18.7680        0.0000 conv_SNPS_CLOCK_GATE_HIGH_mac_IFMAP_WIDTH8_WEIGHT_WIDTH8_OFMAP_WIDTH32_16_229
systolic_array_with_skew_inst_systolic_array_inst/row_3__col_12__mac_inst_clk_gate_ifmap_r_reg       18.7680     0.0       0.0000     18.7680        0.0000 conv_SNPS_CLOCK_GATE_HIGH_mac_IFMAP_WIDTH8_WEIGHT_WIDTH8_OFMAP_WIDTH32_16_227
systolic_array_with_skew_inst_systolic_array_inst/row_3__col_12__mac_inst_clk_gate_weight_r_reg       18.7680     0.0       0.0000     18.7680        0.0000 conv_SNPS_CLOCK_GATE_HIGH_mac_IFMAP_WIDTH8_WEIGHT_WIDTH8_OFMAP_WIDTH32_16_228
systolic_array_with_skew_inst_systolic_array_inst/row_3__col_13__mac_inst_clk_gate_weight_r_reg       18.7680     0.0       0.0000     18.7680        0.0000 conv_SNPS_CLOCK_GATE_HIGH_mac_IFMAP_WIDTH8_WEIGHT_WIDTH8_OFMAP_WIDTH32_16_226
systolic_array_with_skew_inst_systolic_array_inst/row_3__col_14__mac_inst_clk_gate_ifmap_r_reg       18.7680     0.0       0.0000     18.7680        0.0000 conv_SNPS_CLOCK_GATE_HIGH_mac_IFMAP_WIDTH8_WEIGHT_WIDTH8_OFMAP_WIDTH32_16_224
systolic_array_with_skew_inst_systolic_array_inst/row_3__col_14__mac_inst_clk_gate_weight_r_reg       18.7680     0.0       0.0000     18.7680        0.0000 conv_SNPS_CLOCK_GATE_HIGH_mac_IFMAP_WIDTH8_WEIGHT_WIDTH8_OFMAP_WIDTH32_16_225
systolic_array_with_skew_inst_systolic_array_inst/row_3__col_15__mac_inst_clk_gate_weight_r_reg       18.7680     0.0       0.0000     18.7680        0.0000 conv_SNPS_CLOCK_GATE_HIGH_mac_IFMAP_WIDTH8_WEIGHT_WIDTH8_OFMAP_WIDTH32_16_223
systolic_array_with_skew_inst_systolic_array_inst/row_3__col_1__mac_inst_clk_gate_weight_r_reg       18.7680     0.0       0.0000     18.7680        0.0000 conv_SNPS_CLOCK_GATE_HIGH_mac_IFMAP_WIDTH8_WEIGHT_WIDTH8_OFMAP_WIDTH32_16_242
systolic_array_with_skew_inst_systolic_array_inst/row_3__col_2__mac_inst_clk_gate_ifmap_r_reg       18.7680     0.0       0.0000     18.7680        0.0000 conv_SNPS_CLOCK_GATE_HIGH_mac_IFMAP_WIDTH8_WEIGHT_WIDTH8_OFMAP_WIDTH32_16_240
systolic_array_with_skew_inst_systolic_array_inst/row_3__col_2__mac_inst_clk_gate_weight_r_reg       18.7680     0.0       0.0000     18.7680        0.0000 conv_SNPS_CLOCK_GATE_HIGH_mac_IFMAP_WIDTH8_WEIGHT_WIDTH8_OFMAP_WIDTH32_16_241
systolic_array_with_skew_inst_systolic_array_inst/row_3__col_3__mac_inst_clk_gate_weight_r_reg       18.7680     0.0       0.0000     18.7680        0.0000 conv_SNPS_CLOCK_GATE_HIGH_mac_IFMAP_WIDTH8_WEIGHT_WIDTH8_OFMAP_WIDTH32_16_239
systolic_array_with_skew_inst_systolic_array_inst/row_3__col_4__mac_inst_clk_gate_weight_r_reg       18.7680     0.0       0.0000     18.7680        0.0000 conv_SNPS_CLOCK_GATE_HIGH_mac_IFMAP_WIDTH8_WEIGHT_WIDTH8_OFMAP_WIDTH32_16_238
systolic_array_with_skew_inst_systolic_array_inst/row_3__col_5__mac_inst_clk_gate_weight_r_reg       18.7680     0.0       0.0000     18.7680        0.0000 conv_SNPS_CLOCK_GATE_HIGH_mac_IFMAP_WIDTH8_WEIGHT_WIDTH8_OFMAP_WIDTH32_16_237
systolic_array_with_skew_inst_systolic_array_inst/row_3__col_6__mac_inst_clk_gate_weight_r_reg       18.7680     0.0       0.0000     18.7680        0.0000 conv_SNPS_CLOCK_GATE_HIGH_mac_IFMAP_WIDTH8_WEIGHT_WIDTH8_OFMAP_WIDTH32_16_236
systolic_array_with_skew_inst_systolic_array_inst/row_3__col_7__mac_inst_clk_gate_weight_r_reg       18.7680     0.0       0.0000     18.7680        0.0000 conv_SNPS_CLOCK_GATE_HIGH_mac_IFMAP_WIDTH8_WEIGHT_WIDTH8_OFMAP_WIDTH32_16_235
systolic_array_with_skew_inst_systolic_array_inst/row_3__col_8__mac_inst_clk_gate_ifmap_r_reg       18.7680     0.0       0.0000     18.7680        0.0000 conv_SNPS_CLOCK_GATE_HIGH_mac_IFMAP_WIDTH8_WEIGHT_WIDTH8_OFMAP_WIDTH32_16_233
systolic_array_with_skew_inst_systolic_array_inst/row_3__col_8__mac_inst_clk_gate_weight_r_reg       18.7680     0.0       0.0000     18.7680        0.0000 conv_SNPS_CLOCK_GATE_HIGH_mac_IFMAP_WIDTH8_WEIGHT_WIDTH8_OFMAP_WIDTH32_16_234
systolic_array_with_skew_inst_systolic_array_inst/row_3__col_9__mac_inst_clk_gate_weight_r_reg       18.7680     0.0       0.0000     18.7680        0.0000 conv_SNPS_CLOCK_GATE_HIGH_mac_IFMAP_WIDTH8_WEIGHT_WIDTH8_OFMAP_WIDTH32_16_232
systolic_array_with_skew_inst_systolic_array_inst/row_4__col_0__mac_inst_clk_gate_weight_r_reg       18.7680     0.0       0.0000     18.7680        0.0000 conv_SNPS_CLOCK_GATE_HIGH_mac_IFMAP_WIDTH8_WEIGHT_WIDTH8_OFMAP_WIDTH32_16_222
systolic_array_with_skew_inst_systolic_array_inst/row_4__col_10__mac_inst_clk_gate_weight_r_reg       18.7680     0.0       0.0000     18.7680        0.0000 conv_SNPS_CLOCK_GATE_HIGH_mac_IFMAP_WIDTH8_WEIGHT_WIDTH8_OFMAP_WIDTH32_16_211
systolic_array_with_skew_inst_systolic_array_inst/row_4__col_11__mac_inst_clk_gate_weight_r_reg       18.7680     0.0       0.0000     18.7680        0.0000 conv_SNPS_CLOCK_GATE_HIGH_mac_IFMAP_WIDTH8_WEIGHT_WIDTH8_OFMAP_WIDTH32_16_210
systolic_array_with_skew_inst_systolic_array_inst/row_4__col_12__mac_inst_clk_gate_weight_r_reg       18.7680     0.0       0.0000     18.7680        0.0000 conv_SNPS_CLOCK_GATE_HIGH_mac_IFMAP_WIDTH8_WEIGHT_WIDTH8_OFMAP_WIDTH32_16_209
systolic_array_with_skew_inst_systolic_array_inst/row_4__col_13__mac_inst_clk_gate_weight_r_reg       18.7680     0.0       0.0000     18.7680        0.0000 conv_SNPS_CLOCK_GATE_HIGH_mac_IFMAP_WIDTH8_WEIGHT_WIDTH8_OFMAP_WIDTH32_16_208
systolic_array_with_skew_inst_systolic_array_inst/row_4__col_14__mac_inst_clk_gate_weight_r_reg       18.7680     0.0       0.0000     18.7680        0.0000 conv_SNPS_CLOCK_GATE_HIGH_mac_IFMAP_WIDTH8_WEIGHT_WIDTH8_OFMAP_WIDTH32_16_207
systolic_array_with_skew_inst_systolic_array_inst/row_4__col_15__mac_inst_clk_gate_weight_r_reg       18.7680     0.0       0.0000     18.7680        0.0000 conv_SNPS_CLOCK_GATE_HIGH_mac_IFMAP_WIDTH8_WEIGHT_WIDTH8_OFMAP_WIDTH32_16_206
systolic_array_with_skew_inst_systolic_array_inst/row_4__col_1__mac_inst_clk_gate_weight_r_reg       18.7680     0.0       0.0000     18.7680        0.0000 conv_SNPS_CLOCK_GATE_HIGH_mac_IFMAP_WIDTH8_WEIGHT_WIDTH8_OFMAP_WIDTH32_16_221
systolic_array_with_skew_inst_systolic_array_inst/row_4__col_2__mac_inst_clk_gate_weight_r_reg       18.7680     0.0       0.0000     18.7680        0.0000 conv_SNPS_CLOCK_GATE_HIGH_mac_IFMAP_WIDTH8_WEIGHT_WIDTH8_OFMAP_WIDTH32_16_220
systolic_array_with_skew_inst_systolic_array_inst/row_4__col_3__mac_inst_clk_gate_weight_r_reg       18.7680     0.0       0.0000     18.7680        0.0000 conv_SNPS_CLOCK_GATE_HIGH_mac_IFMAP_WIDTH8_WEIGHT_WIDTH8_OFMAP_WIDTH32_16_219
systolic_array_with_skew_inst_systolic_array_inst/row_4__col_4__mac_inst_clk_gate_weight_r_reg       18.7680     0.0       0.0000     18.7680        0.0000 conv_SNPS_CLOCK_GATE_HIGH_mac_IFMAP_WIDTH8_WEIGHT_WIDTH8_OFMAP_WIDTH32_16_218
systolic_array_with_skew_inst_systolic_array_inst/row_4__col_5__mac_inst_clk_gate_weight_r_reg       18.7680     0.0       0.0000     18.7680        0.0000 conv_SNPS_CLOCK_GATE_HIGH_mac_IFMAP_WIDTH8_WEIGHT_WIDTH8_OFMAP_WIDTH32_16_217
systolic_array_with_skew_inst_systolic_array_inst/row_4__col_6__mac_inst_clk_gate_ifmap_r_reg       18.7680     0.0       0.0000     18.7680        0.0000 conv_SNPS_CLOCK_GATE_HIGH_mac_IFMAP_WIDTH8_WEIGHT_WIDTH8_OFMAP_WIDTH32_16_215
systolic_array_with_skew_inst_systolic_array_inst/row_4__col_6__mac_inst_clk_gate_weight_r_reg       18.7680     0.0       0.0000     18.7680        0.0000 conv_SNPS_CLOCK_GATE_HIGH_mac_IFMAP_WIDTH8_WEIGHT_WIDTH8_OFMAP_WIDTH32_16_216
systolic_array_with_skew_inst_systolic_array_inst/row_4__col_7__mac_inst_clk_gate_weight_r_reg       18.7680     0.0       0.0000     18.7680        0.0000 conv_SNPS_CLOCK_GATE_HIGH_mac_IFMAP_WIDTH8_WEIGHT_WIDTH8_OFMAP_WIDTH32_16_214
systolic_array_with_skew_inst_systolic_array_inst/row_4__col_8__mac_inst_clk_gate_weight_r_reg       18.7680     0.0       0.0000     18.7680        0.0000 conv_SNPS_CLOCK_GATE_HIGH_mac_IFMAP_WIDTH8_WEIGHT_WIDTH8_OFMAP_WIDTH32_16_213
systolic_array_with_skew_inst_systolic_array_inst/row_4__col_9__mac_inst_clk_gate_weight_r_reg       18.7680     0.0       0.0000     18.7680        0.0000 conv_SNPS_CLOCK_GATE_HIGH_mac_IFMAP_WIDTH8_WEIGHT_WIDTH8_OFMAP_WIDTH32_16_212
systolic_array_with_skew_inst_systolic_array_inst/row_5__col_0__mac_inst_clk_gate_weight_r_reg       18.7680     0.0       0.0000     18.7680        0.0000 conv_SNPS_CLOCK_GATE_HIGH_mac_IFMAP_WIDTH8_WEIGHT_WIDTH8_OFMAP_WIDTH32_16_205
systolic_array_with_skew_inst_systolic_array_inst/row_5__col_10__mac_inst_clk_gate_ifmap_r_reg       18.7680     0.0       0.0000     18.7680        0.0000 conv_SNPS_CLOCK_GATE_HIGH_mac_IFMAP_WIDTH8_WEIGHT_WIDTH8_OFMAP_WIDTH32_16_192
systolic_array_with_skew_inst_systolic_array_inst/row_5__col_10__mac_inst_clk_gate_weight_r_reg       18.7680     0.0       0.0000     18.7680        0.0000 conv_SNPS_CLOCK_GATE_HIGH_mac_IFMAP_WIDTH8_WEIGHT_WIDTH8_OFMAP_WIDTH32_16_193
systolic_array_with_skew_inst_systolic_array_inst/row_5__col_11__mac_inst_clk_gate_weight_r_reg       18.7680     0.0       0.0000     18.7680        0.0000 conv_SNPS_CLOCK_GATE_HIGH_mac_IFMAP_WIDTH8_WEIGHT_WIDTH8_OFMAP_WIDTH32_16_191
systolic_array_with_skew_inst_systolic_array_inst/row_5__col_12__mac_inst_clk_gate_weight_r_reg       18.7680     0.0       0.0000     18.7680        0.0000 conv_SNPS_CLOCK_GATE_HIGH_mac_IFMAP_WIDTH8_WEIGHT_WIDTH8_OFMAP_WIDTH32_16_190
systolic_array_with_skew_inst_systolic_array_inst/row_5__col_13__mac_inst_clk_gate_weight_r_reg       18.7680     0.0       0.0000     18.7680        0.0000 conv_SNPS_CLOCK_GATE_HIGH_mac_IFMAP_WIDTH8_WEIGHT_WIDTH8_OFMAP_WIDTH32_16_189
systolic_array_with_skew_inst_systolic_array_inst/row_5__col_14__mac_inst_clk_gate_weight_r_reg       18.7680     0.0       0.0000     18.7680        0.0000 conv_SNPS_CLOCK_GATE_HIGH_mac_IFMAP_WIDTH8_WEIGHT_WIDTH8_OFMAP_WIDTH32_16_188
systolic_array_with_skew_inst_systolic_array_inst/row_5__col_15__mac_inst_clk_gate_weight_r_reg       18.7680     0.0       0.0000     18.7680        0.0000 conv_SNPS_CLOCK_GATE_HIGH_mac_IFMAP_WIDTH8_WEIGHT_WIDTH8_OFMAP_WIDTH32_16_187
systolic_array_with_skew_inst_systolic_array_inst/row_5__col_1__mac_inst_clk_gate_weight_r_reg       18.7680     0.0       0.0000     18.7680        0.0000 conv_SNPS_CLOCK_GATE_HIGH_mac_IFMAP_WIDTH8_WEIGHT_WIDTH8_OFMAP_WIDTH32_16_204
systolic_array_with_skew_inst_systolic_array_inst/row_5__col_2__mac_inst_clk_gate_weight_r_reg       18.7680     0.0       0.0000     18.7680        0.0000 conv_SNPS_CLOCK_GATE_HIGH_mac_IFMAP_WIDTH8_WEIGHT_WIDTH8_OFMAP_WIDTH32_16_203
systolic_array_with_skew_inst_systolic_array_inst/row_5__col_3__mac_inst_clk_gate_weight_r_reg       18.7680     0.0       0.0000     18.7680        0.0000 conv_SNPS_CLOCK_GATE_HIGH_mac_IFMAP_WIDTH8_WEIGHT_WIDTH8_OFMAP_WIDTH32_16_202
systolic_array_with_skew_inst_systolic_array_inst/row_5__col_4__mac_inst_clk_gate_ifmap_r_reg       18.7680     0.0       0.0000     18.7680        0.0000 conv_SNPS_CLOCK_GATE_HIGH_mac_IFMAP_WIDTH8_WEIGHT_WIDTH8_OFMAP_WIDTH32_16_200
systolic_array_with_skew_inst_systolic_array_inst/row_5__col_4__mac_inst_clk_gate_weight_r_reg       18.7680     0.0       0.0000     18.7680        0.0000 conv_SNPS_CLOCK_GATE_HIGH_mac_IFMAP_WIDTH8_WEIGHT_WIDTH8_OFMAP_WIDTH32_16_201
systolic_array_with_skew_inst_systolic_array_inst/row_5__col_5__mac_inst_clk_gate_weight_r_reg       18.7680     0.0       0.0000     18.7680        0.0000 conv_SNPS_CLOCK_GATE_HIGH_mac_IFMAP_WIDTH8_WEIGHT_WIDTH8_OFMAP_WIDTH32_16_199
systolic_array_with_skew_inst_systolic_array_inst/row_5__col_6__mac_inst_clk_gate_ifmap_r_reg       18.7680     0.0       0.0000     18.7680        0.0000 conv_SNPS_CLOCK_GATE_HIGH_mac_IFMAP_WIDTH8_WEIGHT_WIDTH8_OFMAP_WIDTH32_16_197
systolic_array_with_skew_inst_systolic_array_inst/row_5__col_6__mac_inst_clk_gate_weight_r_reg       18.7680     0.0       0.0000     18.7680        0.0000 conv_SNPS_CLOCK_GATE_HIGH_mac_IFMAP_WIDTH8_WEIGHT_WIDTH8_OFMAP_WIDTH32_16_198
systolic_array_with_skew_inst_systolic_array_inst/row_5__col_7__mac_inst_clk_gate_weight_r_reg       18.7680     0.0       0.0000     18.7680        0.0000 conv_SNPS_CLOCK_GATE_HIGH_mac_IFMAP_WIDTH8_WEIGHT_WIDTH8_OFMAP_WIDTH32_16_196
systolic_array_with_skew_inst_systolic_array_inst/row_5__col_8__mac_inst_clk_gate_weight_r_reg       18.7680     0.0       0.0000     18.7680        0.0000 conv_SNPS_CLOCK_GATE_HIGH_mac_IFMAP_WIDTH8_WEIGHT_WIDTH8_OFMAP_WIDTH32_16_195
systolic_array_with_skew_inst_systolic_array_inst/row_5__col_9__mac_inst_clk_gate_weight_r_reg       18.7680     0.0       0.0000     18.7680        0.0000 conv_SNPS_CLOCK_GATE_HIGH_mac_IFMAP_WIDTH8_WEIGHT_WIDTH8_OFMAP_WIDTH32_16_194
systolic_array_with_skew_inst_systolic_array_inst/row_6__col_0__mac_inst_clk_gate_weight_r_reg       18.7680     0.0       0.0000     18.7680        0.0000 conv_SNPS_CLOCK_GATE_HIGH_mac_IFMAP_WIDTH8_WEIGHT_WIDTH8_OFMAP_WIDTH32_16_186
systolic_array_with_skew_inst_systolic_array_inst/row_6__col_10__mac_inst_clk_gate_weight_r_reg       18.7680     0.0       0.0000     18.7680        0.0000 conv_SNPS_CLOCK_GATE_HIGH_mac_IFMAP_WIDTH8_WEIGHT_WIDTH8_OFMAP_WIDTH32_16_175
systolic_array_with_skew_inst_systolic_array_inst/row_6__col_11__mac_inst_clk_gate_weight_r_reg       18.7680     0.0       0.0000     18.7680        0.0000 conv_SNPS_CLOCK_GATE_HIGH_mac_IFMAP_WIDTH8_WEIGHT_WIDTH8_OFMAP_WIDTH32_16_174
systolic_array_with_skew_inst_systolic_array_inst/row_6__col_12__mac_inst_clk_gate_ifmap_r_reg       18.7680     0.0       0.0000     18.7680        0.0000 conv_SNPS_CLOCK_GATE_HIGH_mac_IFMAP_WIDTH8_WEIGHT_WIDTH8_OFMAP_WIDTH32_16_172
systolic_array_with_skew_inst_systolic_array_inst/row_6__col_12__mac_inst_clk_gate_weight_r_reg       18.7680     0.0       0.0000     18.7680        0.0000 conv_SNPS_CLOCK_GATE_HIGH_mac_IFMAP_WIDTH8_WEIGHT_WIDTH8_OFMAP_WIDTH32_16_173
systolic_array_with_skew_inst_systolic_array_inst/row_6__col_13__mac_inst_clk_gate_weight_r_reg       18.7680     0.0       0.0000     18.7680        0.0000 conv_SNPS_CLOCK_GATE_HIGH_mac_IFMAP_WIDTH8_WEIGHT_WIDTH8_OFMAP_WIDTH32_16_171
systolic_array_with_skew_inst_systolic_array_inst/row_6__col_14__mac_inst_clk_gate_weight_r_reg       18.7680     0.0       0.0000     18.7680        0.0000 conv_SNPS_CLOCK_GATE_HIGH_mac_IFMAP_WIDTH8_WEIGHT_WIDTH8_OFMAP_WIDTH32_16_170
systolic_array_with_skew_inst_systolic_array_inst/row_6__col_15__mac_inst_clk_gate_weight_r_reg       18.7680     0.0       0.0000     18.7680        0.0000 conv_SNPS_CLOCK_GATE_HIGH_mac_IFMAP_WIDTH8_WEIGHT_WIDTH8_OFMAP_WIDTH32_16_169
systolic_array_with_skew_inst_systolic_array_inst/row_6__col_1__mac_inst_clk_gate_weight_r_reg       18.7680     0.0       0.0000     18.7680        0.0000 conv_SNPS_CLOCK_GATE_HIGH_mac_IFMAP_WIDTH8_WEIGHT_WIDTH8_OFMAP_WIDTH32_16_185
systolic_array_with_skew_inst_systolic_array_inst/row_6__col_2__mac_inst_clk_gate_ifmap_r_reg       18.7680     0.0       0.0000     18.7680        0.0000 conv_SNPS_CLOCK_GATE_HIGH_mac_IFMAP_WIDTH8_WEIGHT_WIDTH8_OFMAP_WIDTH32_16_183
systolic_array_with_skew_inst_systolic_array_inst/row_6__col_2__mac_inst_clk_gate_weight_r_reg       18.7680     0.0       0.0000     18.7680        0.0000 conv_SNPS_CLOCK_GATE_HIGH_mac_IFMAP_WIDTH8_WEIGHT_WIDTH8_OFMAP_WIDTH32_16_184
systolic_array_with_skew_inst_systolic_array_inst/row_6__col_3__mac_inst_clk_gate_weight_r_reg       18.7680     0.0       0.0000     18.7680        0.0000 conv_SNPS_CLOCK_GATE_HIGH_mac_IFMAP_WIDTH8_WEIGHT_WIDTH8_OFMAP_WIDTH32_16_182
systolic_array_with_skew_inst_systolic_array_inst/row_6__col_4__mac_inst_clk_gate_weight_r_reg       18.7680     0.0       0.0000     18.7680        0.0000 conv_SNPS_CLOCK_GATE_HIGH_mac_IFMAP_WIDTH8_WEIGHT_WIDTH8_OFMAP_WIDTH32_16_181
systolic_array_with_skew_inst_systolic_array_inst/row_6__col_5__mac_inst_clk_gate_weight_r_reg       18.7680     0.0       0.0000     18.7680        0.0000 conv_SNPS_CLOCK_GATE_HIGH_mac_IFMAP_WIDTH8_WEIGHT_WIDTH8_OFMAP_WIDTH32_16_180
systolic_array_with_skew_inst_systolic_array_inst/row_6__col_6__mac_inst_clk_gate_weight_r_reg       18.7680     0.0       0.0000     18.7680        0.0000 conv_SNPS_CLOCK_GATE_HIGH_mac_IFMAP_WIDTH8_WEIGHT_WIDTH8_OFMAP_WIDTH32_16_179
systolic_array_with_skew_inst_systolic_array_inst/row_6__col_7__mac_inst_clk_gate_weight_r_reg       18.7680     0.0       0.0000     18.7680        0.0000 conv_SNPS_CLOCK_GATE_HIGH_mac_IFMAP_WIDTH8_WEIGHT_WIDTH8_OFMAP_WIDTH32_16_178
systolic_array_with_skew_inst_systolic_array_inst/row_6__col_8__mac_inst_clk_gate_weight_r_reg       18.7680     0.0       0.0000     18.7680        0.0000 conv_SNPS_CLOCK_GATE_HIGH_mac_IFMAP_WIDTH8_WEIGHT_WIDTH8_OFMAP_WIDTH32_16_177
systolic_array_with_skew_inst_systolic_array_inst/row_6__col_9__mac_inst_clk_gate_weight_r_reg       18.7680     0.0       0.0000     18.7680        0.0000 conv_SNPS_CLOCK_GATE_HIGH_mac_IFMAP_WIDTH8_WEIGHT_WIDTH8_OFMAP_WIDTH32_16_176
systolic_array_with_skew_inst_systolic_array_inst/row_7__col_0__mac_inst_clk_gate_weight_r_reg       18.7680     0.0       0.0000     18.7680        0.0000 conv_SNPS_CLOCK_GATE_HIGH_mac_IFMAP_WIDTH8_WEIGHT_WIDTH8_OFMAP_WIDTH32_16_168
systolic_array_with_skew_inst_systolic_array_inst/row_7__col_10__mac_inst_clk_gate_ifmap_r_reg       18.7680     0.0       0.0000     18.7680        0.0000 conv_SNPS_CLOCK_GATE_HIGH_mac_IFMAP_WIDTH8_WEIGHT_WIDTH8_OFMAP_WIDTH32_16_156
systolic_array_with_skew_inst_systolic_array_inst/row_7__col_10__mac_inst_clk_gate_weight_r_reg       18.7680     0.0       0.0000     18.7680        0.0000 conv_SNPS_CLOCK_GATE_HIGH_mac_IFMAP_WIDTH8_WEIGHT_WIDTH8_OFMAP_WIDTH32_16_157
systolic_array_with_skew_inst_systolic_array_inst/row_7__col_11__mac_inst_clk_gate_weight_r_reg       18.7680     0.0       0.0000     18.7680        0.0000 conv_SNPS_CLOCK_GATE_HIGH_mac_IFMAP_WIDTH8_WEIGHT_WIDTH8_OFMAP_WIDTH32_16_155
systolic_array_with_skew_inst_systolic_array_inst/row_7__col_12__mac_inst_clk_gate_ifmap_r_reg       18.7680     0.0       0.0000     18.7680        0.0000 conv_SNPS_CLOCK_GATE_HIGH_mac_IFMAP_WIDTH8_WEIGHT_WIDTH8_OFMAP_WIDTH32_16_153
systolic_array_with_skew_inst_systolic_array_inst/row_7__col_12__mac_inst_clk_gate_weight_r_reg       18.7680     0.0       0.0000     18.7680        0.0000 conv_SNPS_CLOCK_GATE_HIGH_mac_IFMAP_WIDTH8_WEIGHT_WIDTH8_OFMAP_WIDTH32_16_154
systolic_array_with_skew_inst_systolic_array_inst/row_7__col_13__mac_inst_clk_gate_weight_r_reg       18.7680     0.0       0.0000     18.7680        0.0000 conv_SNPS_CLOCK_GATE_HIGH_mac_IFMAP_WIDTH8_WEIGHT_WIDTH8_OFMAP_WIDTH32_16_152
systolic_array_with_skew_inst_systolic_array_inst/row_7__col_14__mac_inst_clk_gate_weight_r_reg       18.7680     0.0       0.0000     18.7680        0.0000 conv_SNPS_CLOCK_GATE_HIGH_mac_IFMAP_WIDTH8_WEIGHT_WIDTH8_OFMAP_WIDTH32_16_151
systolic_array_with_skew_inst_systolic_array_inst/row_7__col_15__mac_inst_clk_gate_weight_r_reg       18.7680     0.0       0.0000     18.7680        0.0000 conv_SNPS_CLOCK_GATE_HIGH_mac_IFMAP_WIDTH8_WEIGHT_WIDTH8_OFMAP_WIDTH32_16_150
systolic_array_with_skew_inst_systolic_array_inst/row_7__col_1__mac_inst_clk_gate_weight_r_reg       18.7680     0.0       0.0000     18.7680        0.0000 conv_SNPS_CLOCK_GATE_HIGH_mac_IFMAP_WIDTH8_WEIGHT_WIDTH8_OFMAP_WIDTH32_16_167
systolic_array_with_skew_inst_systolic_array_inst/row_7__col_2__mac_inst_clk_gate_ifmap_r_reg       18.7680     0.0       0.0000     18.7680        0.0000 conv_SNPS_CLOCK_GATE_HIGH_mac_IFMAP_WIDTH8_WEIGHT_WIDTH8_OFMAP_WIDTH32_16_165
systolic_array_with_skew_inst_systolic_array_inst/row_7__col_2__mac_inst_clk_gate_weight_r_reg       18.7680     0.0       0.0000     18.7680        0.0000 conv_SNPS_CLOCK_GATE_HIGH_mac_IFMAP_WIDTH8_WEIGHT_WIDTH8_OFMAP_WIDTH32_16_166
systolic_array_with_skew_inst_systolic_array_inst/row_7__col_3__mac_inst_clk_gate_weight_r_reg       18.7680     0.0       0.0000     18.7680        0.0000 conv_SNPS_CLOCK_GATE_HIGH_mac_IFMAP_WIDTH8_WEIGHT_WIDTH8_OFMAP_WIDTH32_16_164
systolic_array_with_skew_inst_systolic_array_inst/row_7__col_4__mac_inst_clk_gate_weight_r_reg       18.7680     0.0       0.0000     18.7680        0.0000 conv_SNPS_CLOCK_GATE_HIGH_mac_IFMAP_WIDTH8_WEIGHT_WIDTH8_OFMAP_WIDTH32_16_163
systolic_array_with_skew_inst_systolic_array_inst/row_7__col_5__mac_inst_clk_gate_weight_r_reg       18.7680     0.0       0.0000     18.7680        0.0000 conv_SNPS_CLOCK_GATE_HIGH_mac_IFMAP_WIDTH8_WEIGHT_WIDTH8_OFMAP_WIDTH32_16_162
systolic_array_with_skew_inst_systolic_array_inst/row_7__col_6__mac_inst_clk_gate_weight_r_reg       18.7680     0.0       0.0000     18.7680        0.0000 conv_SNPS_CLOCK_GATE_HIGH_mac_IFMAP_WIDTH8_WEIGHT_WIDTH8_OFMAP_WIDTH32_16_161
systolic_array_with_skew_inst_systolic_array_inst/row_7__col_7__mac_inst_clk_gate_weight_r_reg       18.7680     0.0       0.0000     18.7680        0.0000 conv_SNPS_CLOCK_GATE_HIGH_mac_IFMAP_WIDTH8_WEIGHT_WIDTH8_OFMAP_WIDTH32_16_160
systolic_array_with_skew_inst_systolic_array_inst/row_7__col_8__mac_inst_clk_gate_weight_r_reg       18.7680     0.0       0.0000     18.7680        0.0000 conv_SNPS_CLOCK_GATE_HIGH_mac_IFMAP_WIDTH8_WEIGHT_WIDTH8_OFMAP_WIDTH32_16_159
systolic_array_with_skew_inst_systolic_array_inst/row_7__col_9__mac_inst_clk_gate_weight_r_reg       18.7680     0.0       0.0000     18.7680        0.0000 conv_SNPS_CLOCK_GATE_HIGH_mac_IFMAP_WIDTH8_WEIGHT_WIDTH8_OFMAP_WIDTH32_16_158
systolic_array_with_skew_inst_systolic_array_inst/row_8__col_0__mac_inst_clk_gate_ifmap_r_reg       18.7680     0.0       0.0000     18.7680        0.0000 conv_SNPS_CLOCK_GATE_HIGH_mac_IFMAP_WIDTH8_WEIGHT_WIDTH8_OFMAP_WIDTH32_16_148
systolic_array_with_skew_inst_systolic_array_inst/row_8__col_0__mac_inst_clk_gate_weight_r_reg       18.7680     0.0       0.0000     18.7680        0.0000 conv_SNPS_CLOCK_GATE_HIGH_mac_IFMAP_WIDTH8_WEIGHT_WIDTH8_OFMAP_WIDTH32_16_149
systolic_array_with_skew_inst_systolic_array_inst/row_8__col_10__mac_inst_clk_gate_weight_r_reg       18.7680     0.0       0.0000     18.7680        0.0000 conv_SNPS_CLOCK_GATE_HIGH_mac_IFMAP_WIDTH8_WEIGHT_WIDTH8_OFMAP_WIDTH32_16_135
systolic_array_with_skew_inst_systolic_array_inst/row_8__col_11__mac_inst_clk_gate_weight_r_reg       18.7680     0.0       0.0000     18.7680        0.0000 conv_SNPS_CLOCK_GATE_HIGH_mac_IFMAP_WIDTH8_WEIGHT_WIDTH8_OFMAP_WIDTH32_16_134
systolic_array_with_skew_inst_systolic_array_inst/row_8__col_12__mac_inst_clk_gate_ifmap_r_reg       18.7680     0.0       0.0000     18.7680        0.0000 conv_SNPS_CLOCK_GATE_HIGH_mac_IFMAP_WIDTH8_WEIGHT_WIDTH8_OFMAP_WIDTH32_16_132
systolic_array_with_skew_inst_systolic_array_inst/row_8__col_12__mac_inst_clk_gate_weight_r_reg       18.7680     0.0       0.0000     18.7680        0.0000 conv_SNPS_CLOCK_GATE_HIGH_mac_IFMAP_WIDTH8_WEIGHT_WIDTH8_OFMAP_WIDTH32_16_133
systolic_array_with_skew_inst_systolic_array_inst/row_8__col_13__mac_inst_clk_gate_weight_r_reg       18.7680     0.0       0.0000     18.7680        0.0000 conv_SNPS_CLOCK_GATE_HIGH_mac_IFMAP_WIDTH8_WEIGHT_WIDTH8_OFMAP_WIDTH32_16_131
systolic_array_with_skew_inst_systolic_array_inst/row_8__col_14__mac_inst_clk_gate_weight_r_reg       18.7680     0.0       0.0000     18.7680        0.0000 conv_SNPS_CLOCK_GATE_HIGH_mac_IFMAP_WIDTH8_WEIGHT_WIDTH8_OFMAP_WIDTH32_16_130
systolic_array_with_skew_inst_systolic_array_inst/row_8__col_15__mac_inst_clk_gate_weight_r_reg       18.7680     0.0       0.0000     18.7680        0.0000 conv_SNPS_CLOCK_GATE_HIGH_mac_IFMAP_WIDTH8_WEIGHT_WIDTH8_OFMAP_WIDTH32_16_129
systolic_array_with_skew_inst_systolic_array_inst/row_8__col_1__mac_inst_clk_gate_weight_r_reg       18.7680     0.0       0.0000     18.7680        0.0000 conv_SNPS_CLOCK_GATE_HIGH_mac_IFMAP_WIDTH8_WEIGHT_WIDTH8_OFMAP_WIDTH32_16_147
systolic_array_with_skew_inst_systolic_array_inst/row_8__col_2__mac_inst_clk_gate_weight_r_reg       18.7680     0.0       0.0000     18.7680        0.0000 conv_SNPS_CLOCK_GATE_HIGH_mac_IFMAP_WIDTH8_WEIGHT_WIDTH8_OFMAP_WIDTH32_16_146
systolic_array_with_skew_inst_systolic_array_inst/row_8__col_3__mac_inst_clk_gate_weight_r_reg       18.7680     0.0       0.0000     18.7680        0.0000 conv_SNPS_CLOCK_GATE_HIGH_mac_IFMAP_WIDTH8_WEIGHT_WIDTH8_OFMAP_WIDTH32_16_145
systolic_array_with_skew_inst_systolic_array_inst/row_8__col_4__mac_inst_clk_gate_ifmap_r_reg       18.7680     0.0       0.0000     18.7680        0.0000 conv_SNPS_CLOCK_GATE_HIGH_mac_IFMAP_WIDTH8_WEIGHT_WIDTH8_OFMAP_WIDTH32_16_143
systolic_array_with_skew_inst_systolic_array_inst/row_8__col_4__mac_inst_clk_gate_weight_r_reg       18.7680     0.0       0.0000     18.7680        0.0000 conv_SNPS_CLOCK_GATE_HIGH_mac_IFMAP_WIDTH8_WEIGHT_WIDTH8_OFMAP_WIDTH32_16_144
systolic_array_with_skew_inst_systolic_array_inst/row_8__col_5__mac_inst_clk_gate_weight_r_reg       18.7680     0.0       0.0000     18.7680        0.0000 conv_SNPS_CLOCK_GATE_HIGH_mac_IFMAP_WIDTH8_WEIGHT_WIDTH8_OFMAP_WIDTH32_16_142
systolic_array_with_skew_inst_systolic_array_inst/row_8__col_6__mac_inst_clk_gate_ifmap_r_reg       18.7680     0.0       0.0000     18.7680        0.0000 conv_SNPS_CLOCK_GATE_HIGH_mac_IFMAP_WIDTH8_WEIGHT_WIDTH8_OFMAP_WIDTH32_16_140
systolic_array_with_skew_inst_systolic_array_inst/row_8__col_6__mac_inst_clk_gate_weight_r_reg       18.7680     0.0       0.0000     18.7680        0.0000 conv_SNPS_CLOCK_GATE_HIGH_mac_IFMAP_WIDTH8_WEIGHT_WIDTH8_OFMAP_WIDTH32_16_141
systolic_array_with_skew_inst_systolic_array_inst/row_8__col_7__mac_inst_clk_gate_weight_r_reg       18.7680     0.0       0.0000     18.7680        0.0000 conv_SNPS_CLOCK_GATE_HIGH_mac_IFMAP_WIDTH8_WEIGHT_WIDTH8_OFMAP_WIDTH32_16_139
systolic_array_with_skew_inst_systolic_array_inst/row_8__col_8__mac_inst_clk_gate_ifmap_r_reg       18.7680     0.0       0.0000     18.7680        0.0000 conv_SNPS_CLOCK_GATE_HIGH_mac_IFMAP_WIDTH8_WEIGHT_WIDTH8_OFMAP_WIDTH32_16_137
systolic_array_with_skew_inst_systolic_array_inst/row_8__col_8__mac_inst_clk_gate_weight_r_reg       18.7680     0.0       0.0000     18.7680        0.0000 conv_SNPS_CLOCK_GATE_HIGH_mac_IFMAP_WIDTH8_WEIGHT_WIDTH8_OFMAP_WIDTH32_16_138
systolic_array_with_skew_inst_systolic_array_inst/row_8__col_9__mac_inst_clk_gate_weight_r_reg       18.7680     0.0       0.0000     18.7680        0.0000 conv_SNPS_CLOCK_GATE_HIGH_mac_IFMAP_WIDTH8_WEIGHT_WIDTH8_OFMAP_WIDTH32_16_136
systolic_array_with_skew_inst_systolic_array_inst/row_9__col_0__mac_inst_clk_gate_ifmap_r_reg       18.7680     0.0       0.0000     18.7680        0.0000 conv_SNPS_CLOCK_GATE_HIGH_mac_IFMAP_WIDTH8_WEIGHT_WIDTH8_OFMAP_WIDTH32_16_127
systolic_array_with_skew_inst_systolic_array_inst/row_9__col_0__mac_inst_clk_gate_weight_r_reg       18.7680     0.0       0.0000     18.7680        0.0000 conv_SNPS_CLOCK_GATE_HIGH_mac_IFMAP_WIDTH8_WEIGHT_WIDTH8_OFMAP_WIDTH32_16_128
systolic_array_with_skew_inst_systolic_array_inst/row_9__col_10__mac_inst_clk_gate_weight_r_reg       18.7680     0.0       0.0000     18.7680        0.0000 conv_SNPS_CLOCK_GATE_HIGH_mac_IFMAP_WIDTH8_WEIGHT_WIDTH8_OFMAP_WIDTH32_16_114
systolic_array_with_skew_inst_systolic_array_inst/row_9__col_11__mac_inst_clk_gate_weight_r_reg       18.7680     0.0       0.0000     18.7680        0.0000 conv_SNPS_CLOCK_GATE_HIGH_mac_IFMAP_WIDTH8_WEIGHT_WIDTH8_OFMAP_WIDTH32_16_113
systolic_array_with_skew_inst_systolic_array_inst/row_9__col_12__mac_inst_clk_gate_ifmap_r_reg       18.7680     0.0       0.0000     18.7680        0.0000 conv_SNPS_CLOCK_GATE_HIGH_mac_IFMAP_WIDTH8_WEIGHT_WIDTH8_OFMAP_WIDTH32_16_111
systolic_array_with_skew_inst_systolic_array_inst/row_9__col_12__mac_inst_clk_gate_weight_r_reg       18.7680     0.0       0.0000     18.7680        0.0000 conv_SNPS_CLOCK_GATE_HIGH_mac_IFMAP_WIDTH8_WEIGHT_WIDTH8_OFMAP_WIDTH32_16_112
systolic_array_with_skew_inst_systolic_array_inst/row_9__col_13__mac_inst_clk_gate_weight_r_reg       18.7680     0.0       0.0000     18.7680        0.0000 conv_SNPS_CLOCK_GATE_HIGH_mac_IFMAP_WIDTH8_WEIGHT_WIDTH8_OFMAP_WIDTH32_16_110
systolic_array_with_skew_inst_systolic_array_inst/row_9__col_14__mac_inst_clk_gate_weight_r_reg       18.7680     0.0       0.0000     18.7680        0.0000 conv_SNPS_CLOCK_GATE_HIGH_mac_IFMAP_WIDTH8_WEIGHT_WIDTH8_OFMAP_WIDTH32_16_109
systolic_array_with_skew_inst_systolic_array_inst/row_9__col_15__mac_inst_clk_gate_weight_r_reg       18.7680     0.0       0.0000     18.7680        0.0000 conv_SNPS_CLOCK_GATE_HIGH_mac_IFMAP_WIDTH8_WEIGHT_WIDTH8_OFMAP_WIDTH32_16_108
systolic_array_with_skew_inst_systolic_array_inst/row_9__col_1__mac_inst_clk_gate_weight_r_reg       18.7680     0.0       0.0000     18.7680        0.0000 conv_SNPS_CLOCK_GATE_HIGH_mac_IFMAP_WIDTH8_WEIGHT_WIDTH8_OFMAP_WIDTH32_16_126
systolic_array_with_skew_inst_systolic_array_inst/row_9__col_2__mac_inst_clk_gate_weight_r_reg       18.7680     0.0       0.0000     18.7680        0.0000 conv_SNPS_CLOCK_GATE_HIGH_mac_IFMAP_WIDTH8_WEIGHT_WIDTH8_OFMAP_WIDTH32_16_125
systolic_array_with_skew_inst_systolic_array_inst/row_9__col_3__mac_inst_clk_gate_weight_r_reg       18.7680     0.0       0.0000     18.7680        0.0000 conv_SNPS_CLOCK_GATE_HIGH_mac_IFMAP_WIDTH8_WEIGHT_WIDTH8_OFMAP_WIDTH32_16_124
systolic_array_with_skew_inst_systolic_array_inst/row_9__col_4__mac_inst_clk_gate_ifmap_r_reg       18.7680     0.0       0.0000     18.7680        0.0000 conv_SNPS_CLOCK_GATE_HIGH_mac_IFMAP_WIDTH8_WEIGHT_WIDTH8_OFMAP_WIDTH32_16_122
systolic_array_with_skew_inst_systolic_array_inst/row_9__col_4__mac_inst_clk_gate_weight_r_reg       18.7680     0.0       0.0000     18.7680        0.0000 conv_SNPS_CLOCK_GATE_HIGH_mac_IFMAP_WIDTH8_WEIGHT_WIDTH8_OFMAP_WIDTH32_16_123
systolic_array_with_skew_inst_systolic_array_inst/row_9__col_5__mac_inst_clk_gate_weight_r_reg       18.7680     0.0       0.0000     18.7680        0.0000 conv_SNPS_CLOCK_GATE_HIGH_mac_IFMAP_WIDTH8_WEIGHT_WIDTH8_OFMAP_WIDTH32_16_121
systolic_array_with_skew_inst_systolic_array_inst/row_9__col_6__mac_inst_clk_gate_ifmap_r_reg       18.7680     0.0       0.0000     18.7680        0.0000 conv_SNPS_CLOCK_GATE_HIGH_mac_IFMAP_WIDTH8_WEIGHT_WIDTH8_OFMAP_WIDTH32_16_119
systolic_array_with_skew_inst_systolic_array_inst/row_9__col_6__mac_inst_clk_gate_weight_r_reg       18.7680     0.0       0.0000     18.7680        0.0000 conv_SNPS_CLOCK_GATE_HIGH_mac_IFMAP_WIDTH8_WEIGHT_WIDTH8_OFMAP_WIDTH32_16_120
systolic_array_with_skew_inst_systolic_array_inst/row_9__col_7__mac_inst_clk_gate_weight_r_reg       18.7680     0.0       0.0000     18.7680        0.0000 conv_SNPS_CLOCK_GATE_HIGH_mac_IFMAP_WIDTH8_WEIGHT_WIDTH8_OFMAP_WIDTH32_16_118
systolic_array_with_skew_inst_systolic_array_inst/row_9__col_8__mac_inst_clk_gate_ifmap_r_reg       18.7680     0.0       0.0000     18.7680        0.0000 conv_SNPS_CLOCK_GATE_HIGH_mac_IFMAP_WIDTH8_WEIGHT_WIDTH8_OFMAP_WIDTH32_16_116
systolic_array_with_skew_inst_systolic_array_inst/row_9__col_8__mac_inst_clk_gate_weight_r_reg       18.7680     0.0       0.0000     18.7680        0.0000 conv_SNPS_CLOCK_GATE_HIGH_mac_IFMAP_WIDTH8_WEIGHT_WIDTH8_OFMAP_WIDTH32_16_117
systolic_array_with_skew_inst_systolic_array_inst/row_9__col_9__mac_inst_clk_gate_weight_r_reg       18.7680     0.0       0.0000     18.7680        0.0000 conv_SNPS_CLOCK_GATE_HIGH_mac_IFMAP_WIDTH8_WEIGHT_WIDTH8_OFMAP_WIDTH32_16_115
systolic_array_with_skew_inst_systolic_array_inst/weight_in_skew_registers_inst_row_15__col_13__skew_r_clk_gate_r_reg       18.7680     0.0       0.0000     18.7680        0.0000 conv_SNPS_CLOCK_GATE_HIGH_en_reg_DATA_WIDTH8_0_0
weight_aggregator_inst_clk_gate_receiver_data_unpacked_reg_0_       18.7680     0.0       0.0000     18.7680        0.0000 conv_SNPS_CLOCK_GATE_HIGH_aggregator_DATA_WIDTH32_FETCH_WIDTH4_0_0
weight_aggregator_inst_clk_gate_receiver_data_unpacked_reg_1_       18.7680     0.0       0.0000     18.7680        0.0000 conv_SNPS_CLOCK_GATE_HIGH_aggregator_DATA_WIDTH32_FETCH_WIDTH4_0_7
weight_aggregator_inst_clk_gate_receiver_data_unpacked_reg_2_       18.7680     0.0       0.0000     18.7680        0.0000 conv_SNPS_CLOCK_GATE_HIGH_aggregator_DATA_WIDTH32_FETCH_WIDTH4_0_6
weight_aggregator_inst_clk_gate_receiver_data_unpacked_reg_3_       18.7680     0.0       0.0000     18.7680        0.0000 conv_SNPS_CLOCK_GATE_HIGH_aggregator_DATA_WIDTH32_FETCH_WIDTH4_0_5
weight_double_buffer_inst_ram_clk_gate_radr_reg_reg       18.7680     0.0       0.0000     18.7680        0.0000 conv_SNPS_CLOCK_GATE_HIGH_ram_sync_1r1w_128_14_00004000_0
weight_fifo_inst_fifo_inst_clk_gate_D_OUT_reg       18.7680     0.0       0.0000     18.7680        0.0000 conv_SNPS_CLOCK_GATE_HIGH_SizedFIFO_p1width32_p2depth3_p3cntr_width1_16_1
weight_fifo_inst_fifo_inst_clk_gate_arr_reg_0_       18.7680     0.0       0.0000     18.7680        0.0000 conv_SNPS_CLOCK_GATE_HIGH_SizedFIFO_p1width32_p2depth3_p3cntr_width1_16_2
weight_fifo_inst_fifo_inst_clk_gate_arr_reg_1_       18.7680     0.0       0.0000     18.7680        0.0000 conv_SNPS_CLOCK_GATE_HIGH_SizedFIFO_p1width32_p2depth3_p3cntr_width1_16_3
weight_radr_gen_inst_clk_gate_adr_r_reg       18.7680     0.0       0.0000     18.7680        0.0000 conv_SNPS_CLOCK_GATE_HIGH_adr_gen_sequential_BANK_ADDR_WIDTH13_0_0
weight_wadr_gen_inst_clk_gate_adr_r_reg       18.7680     0.0       0.0000     18.7680        0.0000 conv_SNPS_CLOCK_GATE_HIGH_adr_gen_sequential_BANK_ADDR_WIDTH13_0_1
--------------------------------  -------------  -------  ------------  -----------  -------------  -----------------------------------------------------------------------------------------------------------------------------------------------------------------------------------------------------------------------------------------------------------------------------------------------
Total                                                     1039848.5359  510081.6938  80105727.0000

1
