 
****************************************
Report : timing
        -path full_clock
        -delay max
        -nworst 10
        -input_pins
        -nets
        -max_paths 30
        -transition_time
        -capacitance
Design : conv
Version: S-2021.06-SP5-4
Date   : Fri Feb 21 21:33:50 2025
****************************************

 * Some/all delay information is back-annotated.

 # A fanout number of 1000 was used for high fanout net computations.

Operating Conditions: tt_025C_1v80   Library: sky130_fd_sc_hd__tt_025C_1v80
Wire Load Model Mode: Inactive.

  Startpoint: rst_n (input port clocked by ideal_clock)
  Endpoint: systolic_array_with_skew_inst_systolic_array_inst/weight_in_skew_registers_inst_row_4__col_3__skew_r_r_reg_7_
            (rising edge-triggered flip-flop clocked by ideal_clock)
  Path Group: REGIN
  Path Type: max

Attributes:
    d - dont_touch
    u - dont_use
   mo - map_only
   so - size_only
    i - ideal_net or ideal_network
  inf - infeasible path

  Point                                       Fanout       Cap     Trans      Incr       Path      Attributes
  -------------------------------------------------------------------------------------------------------------------
  clock ideal_clock (rise edge)                                             0.0000     0.0000
  clock network delay (ideal)                                               0.0000     0.0000
  input external delay                                                      3.0000     3.0000 r
  rst_n (in)                                                      0.3552    0.2425     3.2425 r
  rst_n (net)                                   3       0.0774              0.0000     3.2425 r
  U5636/A (sky130_fd_sc_hd__buf_4)                                0.3552    0.0120 *   3.2544 r
  U5636/X (sky130_fd_sc_hd__buf_4)                                0.4805    0.5039     3.7583 r
  n24714 (net)                                  9       0.1762              0.0000     3.7583 r
  U5686/A (sky130_fd_sc_hd__buf_4)                                0.4805    0.0010 *   3.7594 r
  U5686/X (sky130_fd_sc_hd__buf_4)                                1.0606    0.9276     4.6870 r
  n24736 (net)                                132       0.3945              0.0000     4.6870 r
  U6221/A (sky130_fd_sc_hd__buf_1)                                1.0606    0.0134 *   4.7004 r
  U6221/X (sky130_fd_sc_hd__buf_1)                                0.7171    0.6212     5.3216 r
  n24806 (net)                                 31       0.0616              0.0000     5.3216 r
  systolic_array_with_skew_inst_systolic_array_inst/IN109 (conv_systolic_array_IFMAP_WIDTH8_WEIGHT_WIDTH8_OFMAP_WIDTH32_ARRAY_HEIGHT16_ARRAY_WIDTH16_0)   0.0000   5.3216 r
  systolic_array_with_skew_inst_systolic_array_inst/IN109 (net)   0.0616    0.0000     5.3216 r
  systolic_array_with_skew_inst_systolic_array_inst/U102614/A (sky130_fd_sc_hd__and2_1)   0.7171   0.0003 *   5.3219 r
  systolic_array_with_skew_inst_systolic_array_inst/U102614/X (sky130_fd_sc_hd__and2_1)   0.4554   0.5151   5.8370 r
  systolic_array_with_skew_inst_systolic_array_inst/weight_in_skew_registers_inst_row_4__col_3__skew_r_N11 (net)     1   0.0466   0.0000   5.8370 r
  systolic_array_with_skew_inst_systolic_array_inst/weight_in_skew_registers_inst_row_4__col_3__skew_r_r_reg_7_/D (sky130_fd_sc_hd__dfxtp_1)   0.4554   0.0055 *   5.8425 r
  data arrival time                                                                    5.8425

  clock ideal_clock (rise edge)                                             6.0000     6.0000
  clock network delay (ideal)                                               0.0000     6.0000
  systolic_array_with_skew_inst_systolic_array_inst/weight_in_skew_registers_inst_row_4__col_3__skew_r_r_reg_7_/CLK (sky130_fd_sc_hd__dfxtp_1)   0.0000   6.0000 r
  library setup time                                                       -0.1562     5.8438
  data required time                                                                   5.8438
  -------------------------------------------------------------------------------------------------------------------
  data required time                                                                   5.8438
  data arrival time                                                                   -5.8425
  -------------------------------------------------------------------------------------------------------------------
  slack (MET)                                                                          0.0013


  Startpoint: rst_n (input port clocked by ideal_clock)
  Endpoint: systolic_array_with_skew_inst_systolic_array_inst/weight_in_skew_registers_inst_row_4__col_3__skew_r_r_reg_4_
            (rising edge-triggered flip-flop clocked by ideal_clock)
  Path Group: REGIN
  Path Type: max

Attributes:
    d - dont_touch
    u - dont_use
   mo - map_only
   so - size_only
    i - ideal_net or ideal_network
  inf - infeasible path

  Point                                       Fanout       Cap     Trans      Incr       Path      Attributes
  -------------------------------------------------------------------------------------------------------------------
  clock ideal_clock (rise edge)                                             0.0000     0.0000
  clock network delay (ideal)                                               0.0000     0.0000
  input external delay                                                      3.0000     3.0000 r
  rst_n (in)                                                      0.3552    0.2425     3.2425 r
  rst_n (net)                                   3       0.0774              0.0000     3.2425 r
  U5636/A (sky130_fd_sc_hd__buf_4)                                0.3552    0.0120 *   3.2544 r
  U5636/X (sky130_fd_sc_hd__buf_4)                                0.4805    0.5039     3.7583 r
  n24714 (net)                                  9       0.1762              0.0000     3.7583 r
  U5686/A (sky130_fd_sc_hd__buf_4)                                0.4805    0.0010 *   3.7594 r
  U5686/X (sky130_fd_sc_hd__buf_4)                                1.0606    0.9276     4.6870 r
  n24736 (net)                                132       0.3945              0.0000     4.6870 r
  U6221/A (sky130_fd_sc_hd__buf_1)                                1.0606    0.0134 *   4.7004 r
  U6221/X (sky130_fd_sc_hd__buf_1)                                0.7171    0.6212     5.3216 r
  n24806 (net)                                 31       0.0616              0.0000     5.3216 r
  systolic_array_with_skew_inst_systolic_array_inst/IN109 (conv_systolic_array_IFMAP_WIDTH8_WEIGHT_WIDTH8_OFMAP_WIDTH32_ARRAY_HEIGHT16_ARRAY_WIDTH16_0)   0.0000   5.3216 r
  systolic_array_with_skew_inst_systolic_array_inst/IN109 (net)   0.0616    0.0000     5.3216 r
  systolic_array_with_skew_inst_systolic_array_inst/U102617/A (sky130_fd_sc_hd__and2_1)   0.7171   0.0002 *   5.3218 r
  systolic_array_with_skew_inst_systolic_array_inst/U102617/X (sky130_fd_sc_hd__and2_1)   0.4511   0.5121   5.8340 r
  systolic_array_with_skew_inst_systolic_array_inst/weight_in_skew_registers_inst_row_4__col_3__skew_r_N8 (net)     1   0.0462   0.0000   5.8340 r
  systolic_array_with_skew_inst_systolic_array_inst/weight_in_skew_registers_inst_row_4__col_3__skew_r_r_reg_4_/D (sky130_fd_sc_hd__dfxtp_1)   0.4511   0.0055 *   5.8395 r
  data arrival time                                                                    5.8395

  clock ideal_clock (rise edge)                                             6.0000     6.0000
  clock network delay (ideal)                                               0.0000     6.0000
  systolic_array_with_skew_inst_systolic_array_inst/weight_in_skew_registers_inst_row_4__col_3__skew_r_r_reg_4_/CLK (sky130_fd_sc_hd__dfxtp_1)   0.0000   6.0000 r
  library setup time                                                       -0.1552     5.8448
  data required time                                                                   5.8448
  -------------------------------------------------------------------------------------------------------------------
  data required time                                                                   5.8448
  data arrival time                                                                   -5.8395
  -------------------------------------------------------------------------------------------------------------------
  slack (MET)                                                                          0.0053


  Startpoint: rst_n (input port clocked by ideal_clock)
  Endpoint: ofmap_fifo_inst_fifo_inst_D_OUT_reg_31_
            (rising edge-triggered flip-flop clocked by ideal_clock)
  Path Group: REGIN
  Path Type: max

Attributes:
    d - dont_touch
    u - dont_use
   mo - map_only
   so - size_only
    i - ideal_net or ideal_network
  inf - infeasible path

  Point                                       Fanout       Cap     Trans      Incr       Path      Attributes
  -------------------------------------------------------------------------------------------------------------------
  clock ideal_clock (rise edge)                                             0.0000     0.0000
  clock network delay (ideal)                                               0.0000     0.0000
  input external delay                                                      3.0000     3.0000 r
  rst_n (in)                                                      0.3552    0.2425     3.2425 r
  rst_n (net)                                   3       0.0774              0.0000     3.2425 r
  U5637/A (sky130_fd_sc_hd__buf_6)                                0.3552    0.0125 *   3.2550 r
  U5637/X (sky130_fd_sc_hd__buf_6)                                0.5890    0.5534     3.8084 r
  n24715 (net)                                 15       0.3039              0.0000     3.8084 r
  U5676/A (sky130_fd_sc_hd__buf_12)                               0.5890    0.0450 *   3.8534 r
  U5676/X (sky130_fd_sc_hd__buf_12)                               0.1874    0.2948     4.1481 r
  n24732 (net)                                 25       0.1556              0.0000     4.1481 r
  U5736/A (sky130_fd_sc_hd__buf_6)                                0.1874    0.0103 *   4.1585 r
  U5736/X (sky130_fd_sc_hd__buf_6)                                0.1622    0.2256     4.3840 r
  n24752 (net)                                 24       0.0785              0.0000     4.3840 r
  ofmap_deaggregator_inst/IN4 (conv_deaggregator_DATA_WIDTH32_FETCH_WIDTH16_0)   0.0000   4.3840 r
  ofmap_deaggregator_inst/IN4 (net)                     0.0785              0.0000     4.3840 r
  ofmap_deaggregator_inst/U160/A (sky130_fd_sc_hd__nand2_1)       0.1622    0.0002 *   4.3842 r
  ofmap_deaggregator_inst/U160/Y (sky130_fd_sc_hd__nand2_1)       0.0622    0.0816     4.4659 f
  ofmap_deaggregator_inst/n109 (net)            1       0.0043              0.0000     4.4659 f
  ofmap_deaggregator_inst/U161/B (sky130_fd_sc_hd__nor2_2)        0.0622    0.0000 *   4.4659 f
  ofmap_deaggregator_inst/U161/Y (sky130_fd_sc_hd__nor2_2)        0.2724    0.2305     4.6964 r
  ofmap_deaggregator_inst/receiver_enq (net)     3      0.0234              0.0000     4.6964 r
  ofmap_deaggregator_inst/receiver_enq (conv_deaggregator_DATA_WIDTH32_FETCH_WIDTH16_0)   0.0000   4.6964 r
  ofmap_fifo_enq (net)                                  0.0234              0.0000     4.6964 r
  U13978/A (sky130_fd_sc_hd__inv_2)                               0.2724    0.0013 *   4.6977 r
  U13978/Y (sky130_fd_sc_hd__inv_2)                               0.0810    0.0998     4.7974 f
  n23123 (net)                                  5       0.0148              0.0000     4.7974 f
  U13979/B (sky130_fd_sc_hd__nor2_2)                              0.0810    0.0000 *   4.7974 f
  U13979/Y (sky130_fd_sc_hd__nor2_2)                              0.9910    0.7633     5.5608 r
  n9254 (net)                                  33       0.0944              0.0000     5.5608 r
  U15116/B1 (sky130_fd_sc_hd__a222oi_1)                           0.9910    0.0003 *   5.5611 r
  U15116/Y (sky130_fd_sc_hd__a222oi_1)                            0.2466    0.2466     5.8077 f
  n10055 (net)                                  1       0.0063              0.0000     5.8077 f
  U15117/A (sky130_fd_sc_hd__inv_1)                               0.2466    0.0001 *   5.8078 f
  U15117/Y (sky130_fd_sc_hd__inv_1)                               0.0796    0.1169     5.9247 r
  ofmap_fifo_inst_fifo_inst_N162 (net)          1       0.0035              0.0000     5.9247 r
  ofmap_fifo_inst_fifo_inst_D_OUT_reg_31_/D (sky130_fd_sc_hd__dfxtp_1)   0.0796   0.0000 *   5.9248 r
  data arrival time                                                                    5.9248

  clock ideal_clock (rise edge)                                             6.0000     6.0000
  clock network delay (ideal)                                               0.0000     6.0000
  ofmap_fifo_inst_fifo_inst_D_OUT_reg_31_/CLK (sky130_fd_sc_hd__dfxtp_1)    0.0000     6.0000 r
  library setup time                                                       -0.0685     5.9315
  data required time                                                                   5.9315
  -------------------------------------------------------------------------------------------------------------------
  data required time                                                                   5.9315
  data arrival time                                                                   -5.9248
  -------------------------------------------------------------------------------------------------------------------
  slack (MET)                                                                          0.0067


  Startpoint: rst_n (input port clocked by ideal_clock)
  Endpoint: ofmap_deaggregator_inst/instantiate_fifos_10__fifo_inst_fifo_inst_D_OUT_reg_1_
            (rising edge-triggered flip-flop clocked by ideal_clock)
  Path Group: REGIN
  Path Type: max

Attributes:
    d - dont_touch
    u - dont_use
   mo - map_only
   so - size_only
    i - ideal_net or ideal_network
  inf - infeasible path

  Point                                       Fanout       Cap     Trans      Incr       Path      Attributes
  -------------------------------------------------------------------------------------------------------------------
  clock ideal_clock (rise edge)                                             0.0000     0.0000
  clock network delay (ideal)                                               0.0000     0.0000
  input external delay                                                      3.0000     3.0000 r
  rst_n (in)                                                      0.3552    0.2425     3.2425 r
  rst_n (net)                                   3       0.0774              0.0000     3.2425 r
  U5637/A (sky130_fd_sc_hd__buf_6)                                0.3552    0.0125 *   3.2550 r
  U5637/X (sky130_fd_sc_hd__buf_6)                                0.5890    0.5534     3.8084 r
  n24715 (net)                                 15       0.3039              0.0000     3.8084 r
  U5676/A (sky130_fd_sc_hd__buf_12)                               0.5890    0.0450 *   3.8534 r
  U5676/X (sky130_fd_sc_hd__buf_12)                               0.1874    0.2948     4.1481 r
  n24732 (net)                                 25       0.1556              0.0000     4.1481 r
  ofmap_deaggregator_inst/IN5 (conv_deaggregator_DATA_WIDTH32_FETCH_WIDTH16_0)   0.0000   4.1481 r
  ofmap_deaggregator_inst/IN5 (net)                     0.1556              0.0000     4.1481 r
  ofmap_deaggregator_inst/U85/A (sky130_fd_sc_hd__buf_4)          0.1874    0.0074 *   4.1556 r
  ofmap_deaggregator_inst/U85/X (sky130_fd_sc_hd__buf_4)          0.1317    0.2216     4.3772 r
  ofmap_deaggregator_inst/n111 (net)           15       0.0444              0.0000     4.3772 r
  ofmap_deaggregator_inst/U86/A (sky130_fd_sc_hd__inv_2)          0.1317    0.0004 *   4.3776 r
  ofmap_deaggregator_inst/U86/Y (sky130_fd_sc_hd__inv_2)          0.0640    0.0854     4.4630 f
  ofmap_deaggregator_inst/n112 (net)            5       0.0207              0.0000     4.4630 f
  ofmap_deaggregator_inst/U162/B (sky130_fd_sc_hd__nor2_4)        0.0640    0.0001 *   4.4632 f
  ofmap_deaggregator_inst/U162/Y (sky130_fd_sc_hd__nor2_4)        0.1043    0.1095     4.5727 r
  ofmap_deaggregator_inst/N69 (net)             3       0.0117              0.0000     4.5727 r
  ofmap_deaggregator_inst/U263/A (sky130_fd_sc_hd__nand3_2)       0.1043    0.0000 *   4.5727 r
  ofmap_deaggregator_inst/U263/Y (sky130_fd_sc_hd__nand3_2)       0.1494    0.1460     4.7186 f
  ofmap_deaggregator_inst/n500 (net)            4       0.0222              0.0000     4.7186 f
  ofmap_deaggregator_inst/U570/A (sky130_fd_sc_hd__nor2_2)        0.1494    0.0001 *   4.7188 f
  ofmap_deaggregator_inst/U570/Y (sky130_fd_sc_hd__nor2_2)        0.1968    0.2282     4.9470 r
  ofmap_deaggregator_inst/n1473 (net)           4       0.0155              0.0000     4.9470 r
  ofmap_deaggregator_inst/U572/A1 (sky130_fd_sc_hd__a21oi_1)      0.1968    0.0002 *   4.9472 r
  ofmap_deaggregator_inst/U572/Y (sky130_fd_sc_hd__a21oi_1)       0.1077    0.1401     5.0872 f
  ofmap_deaggregator_inst/n507 (net)            2       0.0101              0.0000     5.0872 f
  ofmap_deaggregator_inst/U628/A (sky130_fd_sc_hd__nor2_4)        0.1077    0.0000 *   5.0872 f
  ofmap_deaggregator_inst/U628/Y (sky130_fd_sc_hd__nor2_4)        0.6484    0.5491     5.6364 r
  ofmap_deaggregator_inst/n508 (net)           33       0.1072              0.0000     5.6364 r
  ofmap_deaggregator_inst/U898/C1 (sky130_fd_sc_hd__a222oi_1)     0.6484    0.0024 *   5.6388 r
  ofmap_deaggregator_inst/U898/Y (sky130_fd_sc_hd__a222oi_1)      0.1928    0.1857     5.8245 f
  ofmap_deaggregator_inst/n656 (net)            1       0.0057              0.0000     5.8245 f
  ofmap_deaggregator_inst/U899/A (sky130_fd_sc_hd__inv_1)         0.1928    0.0001 *   5.8246 f
  ofmap_deaggregator_inst/U899/Y (sky130_fd_sc_hd__inv_1)         0.0684    0.1025     5.9271 r
  ofmap_deaggregator_inst/instantiate_fifos_10__fifo_inst_fifo_inst_N132 (net)     1   0.0035   0.0000   5.9271 r
  ofmap_deaggregator_inst/instantiate_fifos_10__fifo_inst_fifo_inst_D_OUT_reg_1_/D (sky130_fd_sc_hd__dfxtp_1)   0.0684   0.0000 *   5.9271 r
  data arrival time                                                                    5.9271

  clock ideal_clock (rise edge)                                             6.0000     6.0000
  clock network delay (ideal)                                               0.0000     6.0000
  ofmap_deaggregator_inst/instantiate_fifos_10__fifo_inst_fifo_inst_D_OUT_reg_1_/CLK (sky130_fd_sc_hd__dfxtp_1)   0.0000   6.0000 r
  library setup time                                                       -0.0659     5.9341
  data required time                                                                   5.9341
  -------------------------------------------------------------------------------------------------------------------
  data required time                                                                   5.9341
  data arrival time                                                                   -5.9271
  -------------------------------------------------------------------------------------------------------------------
  slack (MET)                                                                          0.0070


  Startpoint: rst_n (input port clocked by ideal_clock)
  Endpoint: systolic_array_with_skew_inst_systolic_array_inst/weight_in_skew_registers_inst_row_4__col_3__skew_r_r_reg_5_
            (rising edge-triggered flip-flop clocked by ideal_clock)
  Path Group: REGIN
  Path Type: max

Attributes:
    d - dont_touch
    u - dont_use
   mo - map_only
   so - size_only
    i - ideal_net or ideal_network
  inf - infeasible path

  Point                                       Fanout       Cap     Trans      Incr       Path      Attributes
  -------------------------------------------------------------------------------------------------------------------
  clock ideal_clock (rise edge)                                             0.0000     0.0000
  clock network delay (ideal)                                               0.0000     0.0000
  input external delay                                                      3.0000     3.0000 r
  rst_n (in)                                                      0.3552    0.2425     3.2425 r
  rst_n (net)                                   3       0.0774              0.0000     3.2425 r
  U5636/A (sky130_fd_sc_hd__buf_4)                                0.3552    0.0120 *   3.2544 r
  U5636/X (sky130_fd_sc_hd__buf_4)                                0.4805    0.5039     3.7583 r
  n24714 (net)                                  9       0.1762              0.0000     3.7583 r
  U5686/A (sky130_fd_sc_hd__buf_4)                                0.4805    0.0010 *   3.7594 r
  U5686/X (sky130_fd_sc_hd__buf_4)                                1.0606    0.9276     4.6870 r
  n24736 (net)                                132       0.3945              0.0000     4.6870 r
  U6221/A (sky130_fd_sc_hd__buf_1)                                1.0606    0.0134 *   4.7004 r
  U6221/X (sky130_fd_sc_hd__buf_1)                                0.7171    0.6212     5.3216 r
  n24806 (net)                                 31       0.0616              0.0000     5.3216 r
  systolic_array_with_skew_inst_systolic_array_inst/IN109 (conv_systolic_array_IFMAP_WIDTH8_WEIGHT_WIDTH8_OFMAP_WIDTH32_ARRAY_HEIGHT16_ARRAY_WIDTH16_0)   0.0000   5.3216 r
  systolic_array_with_skew_inst_systolic_array_inst/IN109 (net)   0.0616    0.0000     5.3216 r
  systolic_array_with_skew_inst_systolic_array_inst/U102616/A (sky130_fd_sc_hd__and2_1)   0.7171   0.0002 *   5.3218 r
  systolic_array_with_skew_inst_systolic_array_inst/U102616/X (sky130_fd_sc_hd__and2_1)   0.4488   0.5105   5.8323 r
  systolic_array_with_skew_inst_systolic_array_inst/weight_in_skew_registers_inst_row_4__col_3__skew_r_N9 (net)     1   0.0459   0.0000   5.8323 r
  systolic_array_with_skew_inst_systolic_array_inst/weight_in_skew_registers_inst_row_4__col_3__skew_r_r_reg_5_/D (sky130_fd_sc_hd__dfxtp_1)   0.4488   0.0054 *   5.8377 r
  data arrival time                                                                    5.8377

  clock ideal_clock (rise edge)                                             6.0000     6.0000
  clock network delay (ideal)                                               0.0000     6.0000
  systolic_array_with_skew_inst_systolic_array_inst/weight_in_skew_registers_inst_row_4__col_3__skew_r_r_reg_5_/CLK (sky130_fd_sc_hd__dfxtp_1)   0.0000   6.0000 r
  library setup time                                                       -0.1547     5.8453
  data required time                                                                   5.8453
  -------------------------------------------------------------------------------------------------------------------
  data required time                                                                   5.8453
  data arrival time                                                                   -5.8377
  -------------------------------------------------------------------------------------------------------------------
  slack (MET)                                                                          0.0076


  Startpoint: rst_n (input port clocked by ideal_clock)
  Endpoint: ofmap_fifo_inst_fifo_inst_D_OUT_reg_21_
            (rising edge-triggered flip-flop clocked by ideal_clock)
  Path Group: REGIN
  Path Type: max

Attributes:
    d - dont_touch
    u - dont_use
   mo - map_only
   so - size_only
    i - ideal_net or ideal_network
  inf - infeasible path

  Point                                       Fanout       Cap     Trans      Incr       Path      Attributes
  -------------------------------------------------------------------------------------------------------------------
  clock ideal_clock (rise edge)                                             0.0000     0.0000
  clock network delay (ideal)                                               0.0000     0.0000
  input external delay                                                      3.0000     3.0000 r
  rst_n (in)                                                      0.3552    0.2425     3.2425 r
  rst_n (net)                                   3       0.0774              0.0000     3.2425 r
  U5637/A (sky130_fd_sc_hd__buf_6)                                0.3552    0.0125 *   3.2550 r
  U5637/X (sky130_fd_sc_hd__buf_6)                                0.5890    0.5534     3.8084 r
  n24715 (net)                                 15       0.3039              0.0000     3.8084 r
  U5676/A (sky130_fd_sc_hd__buf_12)                               0.5890    0.0450 *   3.8534 r
  U5676/X (sky130_fd_sc_hd__buf_12)                               0.1874    0.2948     4.1481 r
  n24732 (net)                                 25       0.1556              0.0000     4.1481 r
  U5736/A (sky130_fd_sc_hd__buf_6)                                0.1874    0.0103 *   4.1585 r
  U5736/X (sky130_fd_sc_hd__buf_6)                                0.1622    0.2256     4.3840 r
  n24752 (net)                                 24       0.0785              0.0000     4.3840 r
  ofmap_deaggregator_inst/IN4 (conv_deaggregator_DATA_WIDTH32_FETCH_WIDTH16_0)   0.0000   4.3840 r
  ofmap_deaggregator_inst/IN4 (net)                     0.0785              0.0000     4.3840 r
  ofmap_deaggregator_inst/U160/A (sky130_fd_sc_hd__nand2_1)       0.1622    0.0002 *   4.3842 r
  ofmap_deaggregator_inst/U160/Y (sky130_fd_sc_hd__nand2_1)       0.0622    0.0816     4.4659 f
  ofmap_deaggregator_inst/n109 (net)            1       0.0043              0.0000     4.4659 f
  ofmap_deaggregator_inst/U161/B (sky130_fd_sc_hd__nor2_2)        0.0622    0.0000 *   4.4659 f
  ofmap_deaggregator_inst/U161/Y (sky130_fd_sc_hd__nor2_2)        0.2724    0.2305     4.6964 r
  ofmap_deaggregator_inst/receiver_enq (net)     3      0.0234              0.0000     4.6964 r
  ofmap_deaggregator_inst/receiver_enq (conv_deaggregator_DATA_WIDTH32_FETCH_WIDTH16_0)   0.0000   4.6964 r
  ofmap_fifo_enq (net)                                  0.0234              0.0000     4.6964 r
  U13978/A (sky130_fd_sc_hd__inv_2)                               0.2724    0.0013 *   4.6977 r
  U13978/Y (sky130_fd_sc_hd__inv_2)                               0.0810    0.0998     4.7974 f
  n23123 (net)                                  5       0.0148              0.0000     4.7974 f
  U13979/B (sky130_fd_sc_hd__nor2_2)                              0.0810    0.0000 *   4.7974 f
  U13979/Y (sky130_fd_sc_hd__nor2_2)                              0.9910    0.7633     5.5608 r
  n9254 (net)                                  33       0.0944              0.0000     5.5608 r
  U15120/B1 (sky130_fd_sc_hd__a222oi_1)                           0.9910    0.0002 *   5.5610 r
  U15120/Y (sky130_fd_sc_hd__a222oi_1)                            0.2447    0.2436     5.8046 f
  n10057 (net)                                  1       0.0060              0.0000     5.8046 f
  U15121/A (sky130_fd_sc_hd__inv_1)                               0.2447    0.0001 *   5.8048 f
  U15121/Y (sky130_fd_sc_hd__inv_1)                               0.0796    0.1170     5.9217 r
  ofmap_fifo_inst_fifo_inst_N152 (net)          1       0.0035              0.0000     5.9217 r
  ofmap_fifo_inst_fifo_inst_D_OUT_reg_21_/D (sky130_fd_sc_hd__dfxtp_1)   0.0796   0.0000 *   5.9218 r
  data arrival time                                                                    5.9218

  clock ideal_clock (rise edge)                                             6.0000     6.0000
  clock network delay (ideal)                                               0.0000     6.0000
  ofmap_fifo_inst_fifo_inst_D_OUT_reg_21_/CLK (sky130_fd_sc_hd__dfxtp_1)    0.0000     6.0000 r
  library setup time                                                       -0.0685     5.9315
  data required time                                                                   5.9315
  -------------------------------------------------------------------------------------------------------------------
  data required time                                                                   5.9315
  data arrival time                                                                   -5.9218
  -------------------------------------------------------------------------------------------------------------------
  slack (MET)                                                                          0.0098


  Startpoint: rst_n (input port clocked by ideal_clock)
  Endpoint: ofmap_deaggregator_inst/instantiate_fifos_7__fifo_inst_fifo_inst_D_OUT_reg_27_
            (rising edge-triggered flip-flop clocked by ideal_clock)
  Path Group: REGIN
  Path Type: max

Attributes:
    d - dont_touch
    u - dont_use
   mo - map_only
   so - size_only
    i - ideal_net or ideal_network
  inf - infeasible path

  Point                                       Fanout       Cap     Trans      Incr       Path      Attributes
  -------------------------------------------------------------------------------------------------------------------
  clock ideal_clock (rise edge)                                             0.0000     0.0000
  clock network delay (ideal)                                               0.0000     0.0000
  input external delay                                                      3.0000     3.0000 r
  rst_n (in)                                                      0.3552    0.2425     3.2425 r
  rst_n (net)                                   3       0.0774              0.0000     3.2425 r
  U5637/A (sky130_fd_sc_hd__buf_6)                                0.3552    0.0125 *   3.2550 r
  U5637/X (sky130_fd_sc_hd__buf_6)                                0.5890    0.5534     3.8084 r
  n24715 (net)                                 15       0.3039              0.0000     3.8084 r
  U5676/A (sky130_fd_sc_hd__buf_12)                               0.5890    0.0450 *   3.8534 r
  U5676/X (sky130_fd_sc_hd__buf_12)                               0.1874    0.2948     4.1481 r
  n24732 (net)                                 25       0.1556              0.0000     4.1481 r
  U5736/A (sky130_fd_sc_hd__buf_6)                                0.1874    0.0103 *   4.1585 r
  U5736/X (sky130_fd_sc_hd__buf_6)                                0.1622    0.2256     4.3840 r
  n24752 (net)                                 24       0.0785              0.0000     4.3840 r
  ofmap_deaggregator_inst/IN4 (conv_deaggregator_DATA_WIDTH32_FETCH_WIDTH16_0)   0.0000   4.3840 r
  ofmap_deaggregator_inst/IN4 (net)                     0.0785              0.0000     4.3840 r
  ofmap_deaggregator_inst/U108/A (sky130_fd_sc_hd__nand3_4)       0.1622    0.0006 *   4.3846 r
  ofmap_deaggregator_inst/U108/Y (sky130_fd_sc_hd__nand3_4)       0.1102    0.1260     4.5106 f
  ofmap_deaggregator_inst/n646 (net)            5       0.0231              0.0000     4.5106 f
  ofmap_deaggregator_inst/U575/C (sky130_fd_sc_hd__nor3_1)        0.1102    0.0001 *   4.5107 f
  ofmap_deaggregator_inst/U575/Y (sky130_fd_sc_hd__nor3_1)        0.4413    0.3657     4.8764 r
  ofmap_deaggregator_inst/n1432 (net)           4       0.0138              0.0000     4.8764 r
  ofmap_deaggregator_inst/U577/A1 (sky130_fd_sc_hd__a21oi_1)      0.4413    0.0000 *   4.8764 r
  ofmap_deaggregator_inst/U577/Y (sky130_fd_sc_hd__a21oi_1)       0.1549    0.1922     5.0686 f
  ofmap_deaggregator_inst/n509 (net)            2       0.0104              0.0000     5.0686 f
  ofmap_deaggregator_inst/U635/A (sky130_fd_sc_hd__nor2_4)        0.1549    0.0000 *   5.0687 f
  ofmap_deaggregator_inst/U635/Y (sky130_fd_sc_hd__nor2_4)        0.6334    0.5557     5.6243 r
  ofmap_deaggregator_inst/n510 (net)           33       0.1046              0.0000     5.6243 r
  ofmap_deaggregator_inst/U1254/C1 (sky130_fd_sc_hd__a222oi_1)    0.6334    0.0005 *   5.6248 r
  ofmap_deaggregator_inst/U1254/Y (sky130_fd_sc_hd__a222oi_1)     0.1983    0.1990     5.8238 f
  ofmap_deaggregator_inst/n849 (net)            1       0.0071              0.0000     5.8238 f
  ofmap_deaggregator_inst/U1255/A (sky130_fd_sc_hd__inv_1)        0.1983    0.0000 *   5.8238 f
  ofmap_deaggregator_inst/U1255/Y (sky130_fd_sc_hd__inv_1)        0.0667    0.0998     5.9236 r
  ofmap_deaggregator_inst/instantiate_fifos_7__fifo_inst_fifo_inst_N158 (net)     1   0.0031   0.0000   5.9236 r
  ofmap_deaggregator_inst/instantiate_fifos_7__fifo_inst_fifo_inst_D_OUT_reg_27_/D (sky130_fd_sc_hd__dfxtp_1)   0.0667   0.0000 *   5.9236 r
  data arrival time                                                                    5.9236

  clock ideal_clock (rise edge)                                             6.0000     6.0000
  clock network delay (ideal)                                               0.0000     6.0000
  ofmap_deaggregator_inst/instantiate_fifos_7__fifo_inst_fifo_inst_D_OUT_reg_27_/CLK (sky130_fd_sc_hd__dfxtp_1)   0.0000   6.0000 r
  library setup time                                                       -0.0655     5.9345
  data required time                                                                   5.9345
  -------------------------------------------------------------------------------------------------------------------
  data required time                                                                   5.9345
  data arrival time                                                                   -5.9236
  -------------------------------------------------------------------------------------------------------------------
  slack (MET)                                                                          0.0109


  Startpoint: rst_n (input port clocked by ideal_clock)
  Endpoint: ofmap_fifo_inst_fifo_inst_D_OUT_reg_26_
            (rising edge-triggered flip-flop clocked by ideal_clock)
  Path Group: REGIN
  Path Type: max

Attributes:
    d - dont_touch
    u - dont_use
   mo - map_only
   so - size_only
    i - ideal_net or ideal_network
  inf - infeasible path

  Point                                       Fanout       Cap     Trans      Incr       Path      Attributes
  -------------------------------------------------------------------------------------------------------------------
  clock ideal_clock (rise edge)                                             0.0000     0.0000
  clock network delay (ideal)                                               0.0000     0.0000
  input external delay                                                      3.0000     3.0000 r
  rst_n (in)                                                      0.3552    0.2425     3.2425 r
  rst_n (net)                                   3       0.0774              0.0000     3.2425 r
  U5637/A (sky130_fd_sc_hd__buf_6)                                0.3552    0.0125 *   3.2550 r
  U5637/X (sky130_fd_sc_hd__buf_6)                                0.5890    0.5534     3.8084 r
  n24715 (net)                                 15       0.3039              0.0000     3.8084 r
  U5676/A (sky130_fd_sc_hd__buf_12)                               0.5890    0.0450 *   3.8534 r
  U5676/X (sky130_fd_sc_hd__buf_12)                               0.1874    0.2948     4.1481 r
  n24732 (net)                                 25       0.1556              0.0000     4.1481 r
  U5736/A (sky130_fd_sc_hd__buf_6)                                0.1874    0.0103 *   4.1585 r
  U5736/X (sky130_fd_sc_hd__buf_6)                                0.1622    0.2256     4.3840 r
  n24752 (net)                                 24       0.0785              0.0000     4.3840 r
  ofmap_deaggregator_inst/IN4 (conv_deaggregator_DATA_WIDTH32_FETCH_WIDTH16_0)   0.0000   4.3840 r
  ofmap_deaggregator_inst/IN4 (net)                     0.0785              0.0000     4.3840 r
  ofmap_deaggregator_inst/U160/A (sky130_fd_sc_hd__nand2_1)       0.1622    0.0002 *   4.3842 r
  ofmap_deaggregator_inst/U160/Y (sky130_fd_sc_hd__nand2_1)       0.0622    0.0816     4.4659 f
  ofmap_deaggregator_inst/n109 (net)            1       0.0043              0.0000     4.4659 f
  ofmap_deaggregator_inst/U161/B (sky130_fd_sc_hd__nor2_2)        0.0622    0.0000 *   4.4659 f
  ofmap_deaggregator_inst/U161/Y (sky130_fd_sc_hd__nor2_2)        0.2724    0.2305     4.6964 r
  ofmap_deaggregator_inst/receiver_enq (net)     3      0.0234              0.0000     4.6964 r
  ofmap_deaggregator_inst/receiver_enq (conv_deaggregator_DATA_WIDTH32_FETCH_WIDTH16_0)   0.0000   4.6964 r
  ofmap_fifo_enq (net)                                  0.0234              0.0000     4.6964 r
  U13978/A (sky130_fd_sc_hd__inv_2)                               0.2724    0.0013 *   4.6977 r
  U13978/Y (sky130_fd_sc_hd__inv_2)                               0.0810    0.0998     4.7974 f
  n23123 (net)                                  5       0.0148              0.0000     4.7974 f
  U13979/B (sky130_fd_sc_hd__nor2_2)                              0.0810    0.0000 *   4.7974 f
  U13979/Y (sky130_fd_sc_hd__nor2_2)                              0.9910    0.7633     5.5608 r
  n9254 (net)                                  33       0.0944              0.0000     5.5608 r
  U15104/B1 (sky130_fd_sc_hd__a222oi_1)                           0.9910    0.0004 *   5.5612 r
  U15104/Y (sky130_fd_sc_hd__a222oi_1)                            0.2475    0.2481     5.8093 f
  n10048 (net)                                  1       0.0064              0.0000     5.8093 f
  U15105/A (sky130_fd_sc_hd__inv_1)                               0.2475    0.0001 *   5.8094 f
  U15105/Y (sky130_fd_sc_hd__inv_1)                               0.0764    0.1119     5.9212 r
  ofmap_fifo_inst_fifo_inst_N157 (net)          1       0.0030              0.0000     5.9212 r
  ofmap_fifo_inst_fifo_inst_D_OUT_reg_26_/D (sky130_fd_sc_hd__dfxtp_1)   0.0764   0.0000 *   5.9213 r
  data arrival time                                                                    5.9213

  clock ideal_clock (rise edge)                                             6.0000     6.0000
  clock network delay (ideal)                                               0.0000     6.0000
  ofmap_fifo_inst_fifo_inst_D_OUT_reg_26_/CLK (sky130_fd_sc_hd__dfxtp_1)    0.0000     6.0000 r
  library setup time                                                       -0.0677     5.9323
  data required time                                                                   5.9323
  -------------------------------------------------------------------------------------------------------------------
  data required time                                                                   5.9323
  data arrival time                                                                   -5.9213
  -------------------------------------------------------------------------------------------------------------------
  slack (MET)                                                                          0.0110


  Startpoint: rst_n (input port clocked by ideal_clock)
  Endpoint: ofmap_deaggregator_inst/instantiate_fifos_7__fifo_inst_fifo_inst_D_OUT_reg_26_
            (rising edge-triggered flip-flop clocked by ideal_clock)
  Path Group: REGIN
  Path Type: max

Attributes:
    d - dont_touch
    u - dont_use
   mo - map_only
   so - size_only
    i - ideal_net or ideal_network
  inf - infeasible path

  Point                                       Fanout       Cap     Trans      Incr       Path      Attributes
  -------------------------------------------------------------------------------------------------------------------
  clock ideal_clock (rise edge)                                             0.0000     0.0000
  clock network delay (ideal)                                               0.0000     0.0000
  input external delay                                                      3.0000     3.0000 r
  rst_n (in)                                                      0.3552    0.2425     3.2425 r
  rst_n (net)                                   3       0.0774              0.0000     3.2425 r
  U5637/A (sky130_fd_sc_hd__buf_6)                                0.3552    0.0125 *   3.2550 r
  U5637/X (sky130_fd_sc_hd__buf_6)                                0.5890    0.5534     3.8084 r
  n24715 (net)                                 15       0.3039              0.0000     3.8084 r
  U5676/A (sky130_fd_sc_hd__buf_12)                               0.5890    0.0450 *   3.8534 r
  U5676/X (sky130_fd_sc_hd__buf_12)                               0.1874    0.2948     4.1481 r
  n24732 (net)                                 25       0.1556              0.0000     4.1481 r
  U5736/A (sky130_fd_sc_hd__buf_6)                                0.1874    0.0103 *   4.1585 r
  U5736/X (sky130_fd_sc_hd__buf_6)                                0.1622    0.2256     4.3840 r
  n24752 (net)                                 24       0.0785              0.0000     4.3840 r
  ofmap_deaggregator_inst/IN4 (conv_deaggregator_DATA_WIDTH32_FETCH_WIDTH16_0)   0.0000   4.3840 r
  ofmap_deaggregator_inst/IN4 (net)                     0.0785              0.0000     4.3840 r
  ofmap_deaggregator_inst/U108/A (sky130_fd_sc_hd__nand3_4)       0.1622    0.0006 *   4.3846 r
  ofmap_deaggregator_inst/U108/Y (sky130_fd_sc_hd__nand3_4)       0.1102    0.1260     4.5106 f
  ofmap_deaggregator_inst/n646 (net)            5       0.0231              0.0000     4.5106 f
  ofmap_deaggregator_inst/U575/C (sky130_fd_sc_hd__nor3_1)        0.1102    0.0001 *   4.5107 f
  ofmap_deaggregator_inst/U575/Y (sky130_fd_sc_hd__nor3_1)        0.4413    0.3657     4.8764 r
  ofmap_deaggregator_inst/n1432 (net)           4       0.0138              0.0000     4.8764 r
  ofmap_deaggregator_inst/U577/A1 (sky130_fd_sc_hd__a21oi_1)      0.4413    0.0000 *   4.8764 r
  ofmap_deaggregator_inst/U577/Y (sky130_fd_sc_hd__a21oi_1)       0.1549    0.1922     5.0686 f
  ofmap_deaggregator_inst/n509 (net)            2       0.0104              0.0000     5.0686 f
  ofmap_deaggregator_inst/U635/A (sky130_fd_sc_hd__nor2_4)        0.1549    0.0000 *   5.0687 f
  ofmap_deaggregator_inst/U635/Y (sky130_fd_sc_hd__nor2_4)        0.6334    0.5557     5.6243 r
  ofmap_deaggregator_inst/n510 (net)           33       0.1046              0.0000     5.6243 r
  ofmap_deaggregator_inst/U1252/C1 (sky130_fd_sc_hd__a222oi_1)    0.6334    0.0005 *   5.6248 r
  ofmap_deaggregator_inst/U1252/Y (sky130_fd_sc_hd__a222oi_1)     0.2022    0.2059     5.8307 f
  ofmap_deaggregator_inst/n848 (net)            1       0.0077              0.0000     5.8307 f
  ofmap_deaggregator_inst/U1253/A (sky130_fd_sc_hd__inv_1)        0.2022    0.0000 *   5.8308 f
  ofmap_deaggregator_inst/U1253/Y (sky130_fd_sc_hd__inv_1)        0.0624    0.0929     5.9237 r
  ofmap_deaggregator_inst/instantiate_fifos_7__fifo_inst_fifo_inst_N157 (net)     1   0.0024   0.0000   5.9237 r
  ofmap_deaggregator_inst/instantiate_fifos_7__fifo_inst_fifo_inst_D_OUT_reg_26_/D (sky130_fd_sc_hd__dfxtp_1)   0.0624   0.0000 *   5.9237 r
  data arrival time                                                                    5.9237

  clock ideal_clock (rise edge)                                             6.0000     6.0000
  clock network delay (ideal)                                               0.0000     6.0000
  ofmap_deaggregator_inst/instantiate_fifos_7__fifo_inst_fifo_inst_D_OUT_reg_26_/CLK (sky130_fd_sc_hd__dfxtp_1)   0.0000   6.0000 r
  library setup time                                                       -0.0645     5.9355
  data required time                                                                   5.9355
  -------------------------------------------------------------------------------------------------------------------
  data required time                                                                   5.9355
  data arrival time                                                                   -5.9237
  -------------------------------------------------------------------------------------------------------------------
  slack (MET)                                                                          0.0118


  Startpoint: rst_n (input port clocked by ideal_clock)
  Endpoint: ofmap_deaggregator_inst/instantiate_fifos_7__fifo_inst_fifo_inst_D_OUT_reg_29_
            (rising edge-triggered flip-flop clocked by ideal_clock)
  Path Group: REGIN
  Path Type: max

Attributes:
    d - dont_touch
    u - dont_use
   mo - map_only
   so - size_only
    i - ideal_net or ideal_network
  inf - infeasible path

  Point                                       Fanout       Cap     Trans      Incr       Path      Attributes
  -------------------------------------------------------------------------------------------------------------------
  clock ideal_clock (rise edge)                                             0.0000     0.0000
  clock network delay (ideal)                                               0.0000     0.0000
  input external delay                                                      3.0000     3.0000 r
  rst_n (in)                                                      0.3552    0.2425     3.2425 r
  rst_n (net)                                   3       0.0774              0.0000     3.2425 r
  U5637/A (sky130_fd_sc_hd__buf_6)                                0.3552    0.0125 *   3.2550 r
  U5637/X (sky130_fd_sc_hd__buf_6)                                0.5890    0.5534     3.8084 r
  n24715 (net)                                 15       0.3039              0.0000     3.8084 r
  U5676/A (sky130_fd_sc_hd__buf_12)                               0.5890    0.0450 *   3.8534 r
  U5676/X (sky130_fd_sc_hd__buf_12)                               0.1874    0.2948     4.1481 r
  n24732 (net)                                 25       0.1556              0.0000     4.1481 r
  U5736/A (sky130_fd_sc_hd__buf_6)                                0.1874    0.0103 *   4.1585 r
  U5736/X (sky130_fd_sc_hd__buf_6)                                0.1622    0.2256     4.3840 r
  n24752 (net)                                 24       0.0785              0.0000     4.3840 r
  ofmap_deaggregator_inst/IN4 (conv_deaggregator_DATA_WIDTH32_FETCH_WIDTH16_0)   0.0000   4.3840 r
  ofmap_deaggregator_inst/IN4 (net)                     0.0785              0.0000     4.3840 r
  ofmap_deaggregator_inst/U108/A (sky130_fd_sc_hd__nand3_4)       0.1622    0.0006 *   4.3846 r
  ofmap_deaggregator_inst/U108/Y (sky130_fd_sc_hd__nand3_4)       0.1102    0.1260     4.5106 f
  ofmap_deaggregator_inst/n646 (net)            5       0.0231              0.0000     4.5106 f
  ofmap_deaggregator_inst/U575/C (sky130_fd_sc_hd__nor3_1)        0.1102    0.0001 *   4.5107 f
  ofmap_deaggregator_inst/U575/Y (sky130_fd_sc_hd__nor3_1)        0.4413    0.3657     4.8764 r
  ofmap_deaggregator_inst/n1432 (net)           4       0.0138              0.0000     4.8764 r
  ofmap_deaggregator_inst/U577/A1 (sky130_fd_sc_hd__a21oi_1)      0.4413    0.0000 *   4.8764 r
  ofmap_deaggregator_inst/U577/Y (sky130_fd_sc_hd__a21oi_1)       0.1549    0.1922     5.0686 f
  ofmap_deaggregator_inst/n509 (net)            2       0.0104              0.0000     5.0686 f
  ofmap_deaggregator_inst/U635/A (sky130_fd_sc_hd__nor2_4)        0.1549    0.0000 *   5.0687 f
  ofmap_deaggregator_inst/U635/Y (sky130_fd_sc_hd__nor2_4)        0.6334    0.5557     5.6243 r
  ofmap_deaggregator_inst/n510 (net)           33       0.1046              0.0000     5.6243 r
  ofmap_deaggregator_inst/U1222/C1 (sky130_fd_sc_hd__a222oi_1)    0.6334    0.0008 *   5.6251 r
  ofmap_deaggregator_inst/U1222/Y (sky130_fd_sc_hd__a222oi_1)     0.1998    0.2017     5.8267 f
  ofmap_deaggregator_inst/n833 (net)            1       0.0073              0.0000     5.8267 f
  ofmap_deaggregator_inst/U1223/A (sky130_fd_sc_hd__inv_1)        0.1998    0.0000 *   5.8268 f
  ofmap_deaggregator_inst/U1223/Y (sky130_fd_sc_hd__inv_1)        0.0642    0.0958     5.9226 r
  ofmap_deaggregator_inst/instantiate_fifos_7__fifo_inst_fifo_inst_N160 (net)     1   0.0027   0.0000   5.9226 r
  ofmap_deaggregator_inst/instantiate_fifos_7__fifo_inst_fifo_inst_D_OUT_reg_29_/D (sky130_fd_sc_hd__dfxtp_1)   0.0642   0.0000 *   5.9226 r
  data arrival time                                                                    5.9226

  clock ideal_clock (rise edge)                                             6.0000     6.0000
  clock network delay (ideal)                                               0.0000     6.0000
  ofmap_deaggregator_inst/instantiate_fifos_7__fifo_inst_fifo_inst_D_OUT_reg_29_/CLK (sky130_fd_sc_hd__dfxtp_1)   0.0000   6.0000 r
  library setup time                                                       -0.0649     5.9351
  data required time                                                                   5.9351
  -------------------------------------------------------------------------------------------------------------------
  data required time                                                                   5.9351
  data arrival time                                                                   -5.9226
  -------------------------------------------------------------------------------------------------------------------
  slack (MET)                                                                          0.0125


  Startpoint: rst_n (input port clocked by ideal_clock)
  Endpoint: ofmap_deaggregator_inst/instantiate_fifos_10__fifo_inst_fifo_inst_D_OUT_reg_5_
            (rising edge-triggered flip-flop clocked by ideal_clock)
  Path Group: REGIN
  Path Type: max

Attributes:
    d - dont_touch
    u - dont_use
   mo - map_only
   so - size_only
    i - ideal_net or ideal_network
  inf - infeasible path

  Point                                       Fanout       Cap     Trans      Incr       Path      Attributes
  -------------------------------------------------------------------------------------------------------------------
  clock ideal_clock (rise edge)                                             0.0000     0.0000
  clock network delay (ideal)                                               0.0000     0.0000
  input external delay                                                      3.0000     3.0000 r
  rst_n (in)                                                      0.3552    0.2425     3.2425 r
  rst_n (net)                                   3       0.0774              0.0000     3.2425 r
  U5637/A (sky130_fd_sc_hd__buf_6)                                0.3552    0.0125 *   3.2550 r
  U5637/X (sky130_fd_sc_hd__buf_6)                                0.5890    0.5534     3.8084 r
  n24715 (net)                                 15       0.3039              0.0000     3.8084 r
  U5676/A (sky130_fd_sc_hd__buf_12)                               0.5890    0.0450 *   3.8534 r
  U5676/X (sky130_fd_sc_hd__buf_12)                               0.1874    0.2948     4.1481 r
  n24732 (net)                                 25       0.1556              0.0000     4.1481 r
  ofmap_deaggregator_inst/IN5 (conv_deaggregator_DATA_WIDTH32_FETCH_WIDTH16_0)   0.0000   4.1481 r
  ofmap_deaggregator_inst/IN5 (net)                     0.1556              0.0000     4.1481 r
  ofmap_deaggregator_inst/U85/A (sky130_fd_sc_hd__buf_4)          0.1874    0.0074 *   4.1556 r
  ofmap_deaggregator_inst/U85/X (sky130_fd_sc_hd__buf_4)          0.1317    0.2216     4.3772 r
  ofmap_deaggregator_inst/n111 (net)           15       0.0444              0.0000     4.3772 r
  ofmap_deaggregator_inst/U86/A (sky130_fd_sc_hd__inv_2)          0.1317    0.0004 *   4.3776 r
  ofmap_deaggregator_inst/U86/Y (sky130_fd_sc_hd__inv_2)          0.0640    0.0854     4.4630 f
  ofmap_deaggregator_inst/n112 (net)            5       0.0207              0.0000     4.4630 f
  ofmap_deaggregator_inst/U162/B (sky130_fd_sc_hd__nor2_4)        0.0640    0.0001 *   4.4632 f
  ofmap_deaggregator_inst/U162/Y (sky130_fd_sc_hd__nor2_4)        0.1043    0.1095     4.5727 r
  ofmap_deaggregator_inst/N69 (net)             3       0.0117              0.0000     4.5727 r
  ofmap_deaggregator_inst/U263/A (sky130_fd_sc_hd__nand3_2)       0.1043    0.0000 *   4.5727 r
  ofmap_deaggregator_inst/U263/Y (sky130_fd_sc_hd__nand3_2)       0.1494    0.1460     4.7186 f
  ofmap_deaggregator_inst/n500 (net)            4       0.0222              0.0000     4.7186 f
  ofmap_deaggregator_inst/U570/A (sky130_fd_sc_hd__nor2_2)        0.1494    0.0001 *   4.7188 f
  ofmap_deaggregator_inst/U570/Y (sky130_fd_sc_hd__nor2_2)        0.1968    0.2282     4.9470 r
  ofmap_deaggregator_inst/n1473 (net)           4       0.0155              0.0000     4.9470 r
  ofmap_deaggregator_inst/U572/A1 (sky130_fd_sc_hd__a21oi_1)      0.1968    0.0002 *   4.9472 r
  ofmap_deaggregator_inst/U572/Y (sky130_fd_sc_hd__a21oi_1)       0.1077    0.1401     5.0872 f
  ofmap_deaggregator_inst/n507 (net)            2       0.0101              0.0000     5.0872 f
  ofmap_deaggregator_inst/U628/A (sky130_fd_sc_hd__nor2_4)        0.1077    0.0000 *   5.0872 f
  ofmap_deaggregator_inst/U628/Y (sky130_fd_sc_hd__nor2_4)        0.6484    0.5491     5.6364 r
  ofmap_deaggregator_inst/n508 (net)           33       0.1072              0.0000     5.6364 r
  ofmap_deaggregator_inst/U894/C1 (sky130_fd_sc_hd__a222oi_1)     0.6484    0.0023 *   5.6387 r
  ofmap_deaggregator_inst/U894/Y (sky130_fd_sc_hd__a222oi_1)      0.1937    0.1874     5.8260 f
  ofmap_deaggregator_inst/n652 (net)            1       0.0058              0.0000     5.8260 f
  ofmap_deaggregator_inst/U895/A (sky130_fd_sc_hd__inv_1)         0.1937    0.0001 *   5.8262 f
  ofmap_deaggregator_inst/U895/Y (sky130_fd_sc_hd__inv_1)         0.0636    0.0952     5.9213 r
  ofmap_deaggregator_inst/instantiate_fifos_10__fifo_inst_fifo_inst_N136 (net)     1   0.0028   0.0000   5.9213 r
  ofmap_deaggregator_inst/instantiate_fifos_10__fifo_inst_fifo_inst_D_OUT_reg_5_/D (sky130_fd_sc_hd__dfxtp_1)   0.0636   0.0000 *   5.9214 r
  data arrival time                                                                    5.9214

  clock ideal_clock (rise edge)                                             6.0000     6.0000
  clock network delay (ideal)                                               0.0000     6.0000
  ofmap_deaggregator_inst/instantiate_fifos_10__fifo_inst_fifo_inst_D_OUT_reg_5_/CLK (sky130_fd_sc_hd__dfxtp_1)   0.0000   6.0000 r
  library setup time                                                       -0.0647     5.9353
  data required time                                                                   5.9353
  -------------------------------------------------------------------------------------------------------------------
  data required time                                                                   5.9353
  data arrival time                                                                   -5.9214
  -------------------------------------------------------------------------------------------------------------------
  slack (MET)                                                                          0.0139


  Startpoint: rst_n (input port clocked by ideal_clock)
  Endpoint: ofmap_fifo_inst_fifo_inst_D_OUT_reg_24_
            (rising edge-triggered flip-flop clocked by ideal_clock)
  Path Group: REGIN
  Path Type: max

Attributes:
    d - dont_touch
    u - dont_use
   mo - map_only
   so - size_only
    i - ideal_net or ideal_network
  inf - infeasible path

  Point                                       Fanout       Cap     Trans      Incr       Path      Attributes
  -------------------------------------------------------------------------------------------------------------------
  clock ideal_clock (rise edge)                                             0.0000     0.0000
  clock network delay (ideal)                                               0.0000     0.0000
  input external delay                                                      3.0000     3.0000 r
  rst_n (in)                                                      0.3552    0.2425     3.2425 r
  rst_n (net)                                   3       0.0774              0.0000     3.2425 r
  U5637/A (sky130_fd_sc_hd__buf_6)                                0.3552    0.0125 *   3.2550 r
  U5637/X (sky130_fd_sc_hd__buf_6)                                0.5890    0.5534     3.8084 r
  n24715 (net)                                 15       0.3039              0.0000     3.8084 r
  U5676/A (sky130_fd_sc_hd__buf_12)                               0.5890    0.0450 *   3.8534 r
  U5676/X (sky130_fd_sc_hd__buf_12)                               0.1874    0.2948     4.1481 r
  n24732 (net)                                 25       0.1556              0.0000     4.1481 r
  U5736/A (sky130_fd_sc_hd__buf_6)                                0.1874    0.0103 *   4.1585 r
  U5736/X (sky130_fd_sc_hd__buf_6)                                0.1622    0.2256     4.3840 r
  n24752 (net)                                 24       0.0785              0.0000     4.3840 r
  ofmap_deaggregator_inst/IN4 (conv_deaggregator_DATA_WIDTH32_FETCH_WIDTH16_0)   0.0000   4.3840 r
  ofmap_deaggregator_inst/IN4 (net)                     0.0785              0.0000     4.3840 r
  ofmap_deaggregator_inst/U160/A (sky130_fd_sc_hd__nand2_1)       0.1622    0.0002 *   4.3842 r
  ofmap_deaggregator_inst/U160/Y (sky130_fd_sc_hd__nand2_1)       0.0622    0.0816     4.4659 f
  ofmap_deaggregator_inst/n109 (net)            1       0.0043              0.0000     4.4659 f
  ofmap_deaggregator_inst/U161/B (sky130_fd_sc_hd__nor2_2)        0.0622    0.0000 *   4.4659 f
  ofmap_deaggregator_inst/U161/Y (sky130_fd_sc_hd__nor2_2)        0.2724    0.2305     4.6964 r
  ofmap_deaggregator_inst/receiver_enq (net)     3      0.0234              0.0000     4.6964 r
  ofmap_deaggregator_inst/receiver_enq (conv_deaggregator_DATA_WIDTH32_FETCH_WIDTH16_0)   0.0000   4.6964 r
  ofmap_fifo_enq (net)                                  0.0234              0.0000     4.6964 r
  U13978/A (sky130_fd_sc_hd__inv_2)                               0.2724    0.0013 *   4.6977 r
  U13978/Y (sky130_fd_sc_hd__inv_2)                               0.0810    0.0998     4.7974 f
  n23123 (net)                                  5       0.0148              0.0000     4.7974 f
  U13979/B (sky130_fd_sc_hd__nor2_2)                              0.0810    0.0000 *   4.7974 f
  U13979/Y (sky130_fd_sc_hd__nor2_2)                              0.9910    0.7633     5.5608 r
  n9254 (net)                                  33       0.0944              0.0000     5.5608 r
  U15098/B1 (sky130_fd_sc_hd__a222oi_1)                           0.9910    0.0002 *   5.5610 r
  U15098/Y (sky130_fd_sc_hd__a222oi_1)                            0.2423    0.2397     5.8007 f
  n10045 (net)                                  1       0.0057              0.0000     5.8007 f
  U15099/A (sky130_fd_sc_hd__inv_1)                               0.2423    0.0001 *   5.8008 f
  U15099/Y (sky130_fd_sc_hd__inv_1)                               0.0784    0.1152     5.9160 r
  ofmap_fifo_inst_fifo_inst_N155 (net)          1       0.0034              0.0000     5.9160 r
  ofmap_fifo_inst_fifo_inst_D_OUT_reg_24_/D (sky130_fd_sc_hd__dfxtp_1)   0.0784   0.0000 *   5.9160 r
  data arrival time                                                                    5.9160

  clock ideal_clock (rise edge)                                             6.0000     6.0000
  clock network delay (ideal)                                               0.0000     6.0000
  ofmap_fifo_inst_fifo_inst_D_OUT_reg_24_/CLK (sky130_fd_sc_hd__dfxtp_1)    0.0000     6.0000 r
  library setup time                                                       -0.0682     5.9318
  data required time                                                                   5.9318
  -------------------------------------------------------------------------------------------------------------------
  data required time                                                                   5.9318
  data arrival time                                                                   -5.9160
  -------------------------------------------------------------------------------------------------------------------
  slack (MET)                                                                          0.0158


  Startpoint: rst_n (input port clocked by ideal_clock)
  Endpoint: systolic_array_with_skew_inst_systolic_array_inst/weight_in_skew_registers_inst_row_4__col_3__skew_r_r_reg_6_
            (rising edge-triggered flip-flop clocked by ideal_clock)
  Path Group: REGIN
  Path Type: max

Attributes:
    d - dont_touch
    u - dont_use
   mo - map_only
   so - size_only
    i - ideal_net or ideal_network
  inf - infeasible path

  Point                                       Fanout       Cap     Trans      Incr       Path      Attributes
  -------------------------------------------------------------------------------------------------------------------
  clock ideal_clock (rise edge)                                             0.0000     0.0000
  clock network delay (ideal)                                               0.0000     0.0000
  input external delay                                                      3.0000     3.0000 r
  rst_n (in)                                                      0.3552    0.2425     3.2425 r
  rst_n (net)                                   3       0.0774              0.0000     3.2425 r
  U5636/A (sky130_fd_sc_hd__buf_4)                                0.3552    0.0120 *   3.2544 r
  U5636/X (sky130_fd_sc_hd__buf_4)                                0.4805    0.5039     3.7583 r
  n24714 (net)                                  9       0.1762              0.0000     3.7583 r
  U5686/A (sky130_fd_sc_hd__buf_4)                                0.4805    0.0010 *   3.7594 r
  U5686/X (sky130_fd_sc_hd__buf_4)                                1.0606    0.9276     4.6870 r
  n24736 (net)                                132       0.3945              0.0000     4.6870 r
  U6221/A (sky130_fd_sc_hd__buf_1)                                1.0606    0.0134 *   4.7004 r
  U6221/X (sky130_fd_sc_hd__buf_1)                                0.7171    0.6212     5.3216 r
  n24806 (net)                                 31       0.0616              0.0000     5.3216 r
  systolic_array_with_skew_inst_systolic_array_inst/IN109 (conv_systolic_array_IFMAP_WIDTH8_WEIGHT_WIDTH8_OFMAP_WIDTH32_ARRAY_HEIGHT16_ARRAY_WIDTH16_0)   0.0000   5.3216 r
  systolic_array_with_skew_inst_systolic_array_inst/IN109 (net)   0.0616    0.0000     5.3216 r
  systolic_array_with_skew_inst_systolic_array_inst/U102615/A (sky130_fd_sc_hd__and2_1)   0.7171   0.0002 *   5.3218 r
  systolic_array_with_skew_inst_systolic_array_inst/U102615/X (sky130_fd_sc_hd__and2_1)   0.4392   0.5037   5.8255 r
  systolic_array_with_skew_inst_systolic_array_inst/weight_in_skew_registers_inst_row_4__col_3__skew_r_N10 (net)     1   0.0449   0.0000   5.8255 r
  systolic_array_with_skew_inst_systolic_array_inst/weight_in_skew_registers_inst_row_4__col_3__skew_r_r_reg_6_/D (sky130_fd_sc_hd__dfxtp_1)   0.4392   0.0051 *   5.8306 r
  data arrival time                                                                    5.8306

  clock ideal_clock (rise edge)                                             6.0000     6.0000
  clock network delay (ideal)                                               0.0000     6.0000
  systolic_array_with_skew_inst_systolic_array_inst/weight_in_skew_registers_inst_row_4__col_3__skew_r_r_reg_6_/CLK (sky130_fd_sc_hd__dfxtp_1)   0.0000   6.0000 r
  library setup time                                                       -0.1524     5.8476
  data required time                                                                   5.8476
  -------------------------------------------------------------------------------------------------------------------
  data required time                                                                   5.8476
  data arrival time                                                                   -5.8306
  -------------------------------------------------------------------------------------------------------------------
  slack (MET)                                                                          0.0170


  Startpoint: rst_n (input port clocked by ideal_clock)
  Endpoint: ofmap_fifo_inst_fifo_inst_D_OUT_reg_20_
            (rising edge-triggered flip-flop clocked by ideal_clock)
  Path Group: REGIN
  Path Type: max

Attributes:
    d - dont_touch
    u - dont_use
   mo - map_only
   so - size_only
    i - ideal_net or ideal_network
  inf - infeasible path

  Point                                       Fanout       Cap     Trans      Incr       Path      Attributes
  -------------------------------------------------------------------------------------------------------------------
  clock ideal_clock (rise edge)                                             0.0000     0.0000
  clock network delay (ideal)                                               0.0000     0.0000
  input external delay                                                      3.0000     3.0000 r
  rst_n (in)                                                      0.3552    0.2425     3.2425 r
  rst_n (net)                                   3       0.0774              0.0000     3.2425 r
  U5637/A (sky130_fd_sc_hd__buf_6)                                0.3552    0.0125 *   3.2550 r
  U5637/X (sky130_fd_sc_hd__buf_6)                                0.5890    0.5534     3.8084 r
  n24715 (net)                                 15       0.3039              0.0000     3.8084 r
  U5676/A (sky130_fd_sc_hd__buf_12)                               0.5890    0.0450 *   3.8534 r
  U5676/X (sky130_fd_sc_hd__buf_12)                               0.1874    0.2948     4.1481 r
  n24732 (net)                                 25       0.1556              0.0000     4.1481 r
  U5736/A (sky130_fd_sc_hd__buf_6)                                0.1874    0.0103 *   4.1585 r
  U5736/X (sky130_fd_sc_hd__buf_6)                                0.1622    0.2256     4.3840 r
  n24752 (net)                                 24       0.0785              0.0000     4.3840 r
  ofmap_deaggregator_inst/IN4 (conv_deaggregator_DATA_WIDTH32_FETCH_WIDTH16_0)   0.0000   4.3840 r
  ofmap_deaggregator_inst/IN4 (net)                     0.0785              0.0000     4.3840 r
  ofmap_deaggregator_inst/U160/A (sky130_fd_sc_hd__nand2_1)       0.1622    0.0002 *   4.3842 r
  ofmap_deaggregator_inst/U160/Y (sky130_fd_sc_hd__nand2_1)       0.0622    0.0816     4.4659 f
  ofmap_deaggregator_inst/n109 (net)            1       0.0043              0.0000     4.4659 f
  ofmap_deaggregator_inst/U161/B (sky130_fd_sc_hd__nor2_2)        0.0622    0.0000 *   4.4659 f
  ofmap_deaggregator_inst/U161/Y (sky130_fd_sc_hd__nor2_2)        0.2724    0.2305     4.6964 r
  ofmap_deaggregator_inst/receiver_enq (net)     3      0.0234              0.0000     4.6964 r
  ofmap_deaggregator_inst/receiver_enq (conv_deaggregator_DATA_WIDTH32_FETCH_WIDTH16_0)   0.0000   4.6964 r
  ofmap_fifo_enq (net)                                  0.0234              0.0000     4.6964 r
  U13978/A (sky130_fd_sc_hd__inv_2)                               0.2724    0.0013 *   4.6977 r
  U13978/Y (sky130_fd_sc_hd__inv_2)                               0.0810    0.0998     4.7974 f
  n23123 (net)                                  5       0.0148              0.0000     4.7974 f
  U13979/B (sky130_fd_sc_hd__nor2_2)                              0.0810    0.0000 *   4.7974 f
  U13979/Y (sky130_fd_sc_hd__nor2_2)                              0.9910    0.7633     5.5608 r
  n9254 (net)                                  33       0.0944              0.0000     5.5608 r
  U15081/B1 (sky130_fd_sc_hd__a222oi_1)                           0.9910    0.0004 *   5.5612 r
  U15081/Y (sky130_fd_sc_hd__a222oi_1)                            0.2422    0.2395     5.8007 f
  n10035 (net)                                  1       0.0057              0.0000     5.8007 f
  U15082/A (sky130_fd_sc_hd__inv_1)                               0.2422    0.0001 *   5.8008 f
  U15082/Y (sky130_fd_sc_hd__inv_1)                               0.0775    0.1139     5.9147 r
  ofmap_fifo_inst_fifo_inst_N151 (net)          1       0.0033              0.0000     5.9147 r
  ofmap_fifo_inst_fifo_inst_D_OUT_reg_20_/D (sky130_fd_sc_hd__dfxtp_1)   0.0775   0.0000 *   5.9147 r
  data arrival time                                                                    5.9147

  clock ideal_clock (rise edge)                                             6.0000     6.0000
  clock network delay (ideal)                                               0.0000     6.0000
  ofmap_fifo_inst_fifo_inst_D_OUT_reg_20_/CLK (sky130_fd_sc_hd__dfxtp_1)    0.0000     6.0000 r
  library setup time                                                       -0.0680     5.9320
  data required time                                                                   5.9320
  -------------------------------------------------------------------------------------------------------------------
  data required time                                                                   5.9320
  data arrival time                                                                   -5.9147
  -------------------------------------------------------------------------------------------------------------------
  slack (MET)                                                                          0.0173


  Startpoint: rst_n (input port clocked by ideal_clock)
  Endpoint: ofmap_deaggregator_inst/instantiate_fifos_10__fifo_inst_fifo_inst_D_OUT_reg_0_
            (rising edge-triggered flip-flop clocked by ideal_clock)
  Path Group: REGIN
  Path Type: max

Attributes:
    d - dont_touch
    u - dont_use
   mo - map_only
   so - size_only
    i - ideal_net or ideal_network
  inf - infeasible path

  Point                                       Fanout       Cap     Trans      Incr       Path      Attributes
  -------------------------------------------------------------------------------------------------------------------
  clock ideal_clock (rise edge)                                             0.0000     0.0000
  clock network delay (ideal)                                               0.0000     0.0000
  input external delay                                                      3.0000     3.0000 r
  rst_n (in)                                                      0.3552    0.2425     3.2425 r
  rst_n (net)                                   3       0.0774              0.0000     3.2425 r
  U5637/A (sky130_fd_sc_hd__buf_6)                                0.3552    0.0125 *   3.2550 r
  U5637/X (sky130_fd_sc_hd__buf_6)                                0.5890    0.5534     3.8084 r
  n24715 (net)                                 15       0.3039              0.0000     3.8084 r
  U5676/A (sky130_fd_sc_hd__buf_12)                               0.5890    0.0450 *   3.8534 r
  U5676/X (sky130_fd_sc_hd__buf_12)                               0.1874    0.2948     4.1481 r
  n24732 (net)                                 25       0.1556              0.0000     4.1481 r
  ofmap_deaggregator_inst/IN5 (conv_deaggregator_DATA_WIDTH32_FETCH_WIDTH16_0)   0.0000   4.1481 r
  ofmap_deaggregator_inst/IN5 (net)                     0.1556              0.0000     4.1481 r
  ofmap_deaggregator_inst/U85/A (sky130_fd_sc_hd__buf_4)          0.1874    0.0074 *   4.1556 r
  ofmap_deaggregator_inst/U85/X (sky130_fd_sc_hd__buf_4)          0.1317    0.2216     4.3772 r
  ofmap_deaggregator_inst/n111 (net)           15       0.0444              0.0000     4.3772 r
  ofmap_deaggregator_inst/U86/A (sky130_fd_sc_hd__inv_2)          0.1317    0.0004 *   4.3776 r
  ofmap_deaggregator_inst/U86/Y (sky130_fd_sc_hd__inv_2)          0.0640    0.0854     4.4630 f
  ofmap_deaggregator_inst/n112 (net)            5       0.0207              0.0000     4.4630 f
  ofmap_deaggregator_inst/U162/B (sky130_fd_sc_hd__nor2_4)        0.0640    0.0001 *   4.4632 f
  ofmap_deaggregator_inst/U162/Y (sky130_fd_sc_hd__nor2_4)        0.1043    0.1095     4.5727 r
  ofmap_deaggregator_inst/N69 (net)             3       0.0117              0.0000     4.5727 r
  ofmap_deaggregator_inst/U263/A (sky130_fd_sc_hd__nand3_2)       0.1043    0.0000 *   4.5727 r
  ofmap_deaggregator_inst/U263/Y (sky130_fd_sc_hd__nand3_2)       0.1494    0.1460     4.7186 f
  ofmap_deaggregator_inst/n500 (net)            4       0.0222              0.0000     4.7186 f
  ofmap_deaggregator_inst/U570/A (sky130_fd_sc_hd__nor2_2)        0.1494    0.0001 *   4.7188 f
  ofmap_deaggregator_inst/U570/Y (sky130_fd_sc_hd__nor2_2)        0.1968    0.2282     4.9470 r
  ofmap_deaggregator_inst/n1473 (net)           4       0.0155              0.0000     4.9470 r
  ofmap_deaggregator_inst/U572/A1 (sky130_fd_sc_hd__a21oi_1)      0.1968    0.0002 *   4.9472 r
  ofmap_deaggregator_inst/U572/Y (sky130_fd_sc_hd__a21oi_1)       0.1077    0.1401     5.0872 f
  ofmap_deaggregator_inst/n507 (net)            2       0.0101              0.0000     5.0872 f
  ofmap_deaggregator_inst/U628/A (sky130_fd_sc_hd__nor2_4)        0.1077    0.0000 *   5.0872 f
  ofmap_deaggregator_inst/U628/Y (sky130_fd_sc_hd__nor2_4)        0.6484    0.5491     5.6364 r
  ofmap_deaggregator_inst/n508 (net)           33       0.1072              0.0000     5.6364 r
  ofmap_deaggregator_inst/U890/C1 (sky130_fd_sc_hd__a222oi_1)     0.6484    0.0024 *   5.6387 r
  ofmap_deaggregator_inst/U890/Y (sky130_fd_sc_hd__a222oi_1)      0.1952    0.1901     5.8288 f
  ofmap_deaggregator_inst/n650 (net)            1       0.0061              0.0000     5.8288 f
  ofmap_deaggregator_inst/U891/A (sky130_fd_sc_hd__inv_1)         0.1952    0.0001 *   5.8289 f
  ofmap_deaggregator_inst/U891/Y (sky130_fd_sc_hd__inv_1)         0.0583    0.0871     5.9160 r
  ofmap_deaggregator_inst/instantiate_fifos_10__fifo_inst_fifo_inst_N131 (net)     1   0.0020   0.0000   5.9160 r
  ofmap_deaggregator_inst/instantiate_fifos_10__fifo_inst_fifo_inst_D_OUT_reg_0_/D (sky130_fd_sc_hd__dfxtp_1)   0.0583   0.0000 *   5.9160 r
  data arrival time                                                                    5.9160

  clock ideal_clock (rise edge)                                             6.0000     6.0000
  clock network delay (ideal)                                               0.0000     6.0000
  ofmap_deaggregator_inst/instantiate_fifos_10__fifo_inst_fifo_inst_D_OUT_reg_0_/CLK (sky130_fd_sc_hd__dfxtp_1)   0.0000   6.0000 r
  library setup time                                                       -0.0635     5.9365
  data required time                                                                   5.9365
  -------------------------------------------------------------------------------------------------------------------
  data required time                                                                   5.9365
  data arrival time                                                                   -5.9160
  -------------------------------------------------------------------------------------------------------------------
  slack (MET)                                                                          0.0205


  Startpoint: rst_n (input port clocked by ideal_clock)
  Endpoint: ofmap_deaggregator_inst/instantiate_fifos_7__fifo_inst_fifo_inst_D_OUT_reg_31_
            (rising edge-triggered flip-flop clocked by ideal_clock)
  Path Group: REGIN
  Path Type: max

Attributes:
    d - dont_touch
    u - dont_use
   mo - map_only
   so - size_only
    i - ideal_net or ideal_network
  inf - infeasible path

  Point                                       Fanout       Cap     Trans      Incr       Path      Attributes
  -------------------------------------------------------------------------------------------------------------------
  clock ideal_clock (rise edge)                                             0.0000     0.0000
  clock network delay (ideal)                                               0.0000     0.0000
  input external delay                                                      3.0000     3.0000 r
  rst_n (in)                                                      0.3552    0.2425     3.2425 r
  rst_n (net)                                   3       0.0774              0.0000     3.2425 r
  U5637/A (sky130_fd_sc_hd__buf_6)                                0.3552    0.0125 *   3.2550 r
  U5637/X (sky130_fd_sc_hd__buf_6)                                0.5890    0.5534     3.8084 r
  n24715 (net)                                 15       0.3039              0.0000     3.8084 r
  U5676/A (sky130_fd_sc_hd__buf_12)                               0.5890    0.0450 *   3.8534 r
  U5676/X (sky130_fd_sc_hd__buf_12)                               0.1874    0.2948     4.1481 r
  n24732 (net)                                 25       0.1556              0.0000     4.1481 r
  U5736/A (sky130_fd_sc_hd__buf_6)                                0.1874    0.0103 *   4.1585 r
  U5736/X (sky130_fd_sc_hd__buf_6)                                0.1622    0.2256     4.3840 r
  n24752 (net)                                 24       0.0785              0.0000     4.3840 r
  ofmap_deaggregator_inst/IN4 (conv_deaggregator_DATA_WIDTH32_FETCH_WIDTH16_0)   0.0000   4.3840 r
  ofmap_deaggregator_inst/IN4 (net)                     0.0785              0.0000     4.3840 r
  ofmap_deaggregator_inst/U108/A (sky130_fd_sc_hd__nand3_4)       0.1622    0.0006 *   4.3846 r
  ofmap_deaggregator_inst/U108/Y (sky130_fd_sc_hd__nand3_4)       0.1102    0.1260     4.5106 f
  ofmap_deaggregator_inst/n646 (net)            5       0.0231              0.0000     4.5106 f
  ofmap_deaggregator_inst/U575/C (sky130_fd_sc_hd__nor3_1)        0.1102    0.0001 *   4.5107 f
  ofmap_deaggregator_inst/U575/Y (sky130_fd_sc_hd__nor3_1)        0.4413    0.3657     4.8764 r
  ofmap_deaggregator_inst/n1432 (net)           4       0.0138              0.0000     4.8764 r
  ofmap_deaggregator_inst/U577/A1 (sky130_fd_sc_hd__a21oi_1)      0.4413    0.0000 *   4.8764 r
  ofmap_deaggregator_inst/U577/Y (sky130_fd_sc_hd__a21oi_1)       0.1549    0.1922     5.0686 f
  ofmap_deaggregator_inst/n509 (net)            2       0.0104              0.0000     5.0686 f
  ofmap_deaggregator_inst/U635/A (sky130_fd_sc_hd__nor2_4)        0.1549    0.0000 *   5.0687 f
  ofmap_deaggregator_inst/U635/Y (sky130_fd_sc_hd__nor2_4)        0.6334    0.5557     5.6243 r
  ofmap_deaggregator_inst/n510 (net)           33       0.1046              0.0000     5.6243 r
  ofmap_deaggregator_inst/U1226/C1 (sky130_fd_sc_hd__a222oi_1)    0.6334    0.0007 *   5.6251 r
  ofmap_deaggregator_inst/U1226/Y (sky130_fd_sc_hd__a222oi_1)     0.1953    0.1935     5.8186 f
  ofmap_deaggregator_inst/n835 (net)            1       0.0066              0.0000     5.8186 f
  ofmap_deaggregator_inst/U1227/A (sky130_fd_sc_hd__inv_1)        0.1953    0.0000 *   5.8186 f
  ofmap_deaggregator_inst/U1227/Y (sky130_fd_sc_hd__inv_1)        0.0636    0.0952     5.9138 r
  ofmap_deaggregator_inst/instantiate_fifos_7__fifo_inst_fifo_inst_N162 (net)     1   0.0027   0.0000   5.9138 r
  ofmap_deaggregator_inst/instantiate_fifos_7__fifo_inst_fifo_inst_D_OUT_reg_31_/D (sky130_fd_sc_hd__dfxtp_1)   0.0636   0.0000 *   5.9138 r
  data arrival time                                                                    5.9138

  clock ideal_clock (rise edge)                                             6.0000     6.0000
  clock network delay (ideal)                                               0.0000     6.0000
  ofmap_deaggregator_inst/instantiate_fifos_7__fifo_inst_fifo_inst_D_OUT_reg_31_/CLK (sky130_fd_sc_hd__dfxtp_1)   0.0000   6.0000 r
  library setup time                                                       -0.0647     5.9353
  data required time                                                                   5.9353
  -------------------------------------------------------------------------------------------------------------------
  data required time                                                                   5.9353
  data arrival time                                                                   -5.9138
  -------------------------------------------------------------------------------------------------------------------
  slack (MET)                                                                          0.0215


  Startpoint: rst_n (input port clocked by ideal_clock)
  Endpoint: ofmap_deaggregator_inst/instantiate_fifos_10__fifo_inst_fifo_inst_D_OUT_reg_30_
            (rising edge-triggered flip-flop clocked by ideal_clock)
  Path Group: REGIN
  Path Type: max

Attributes:
    d - dont_touch
    u - dont_use
   mo - map_only
   so - size_only
    i - ideal_net or ideal_network
  inf - infeasible path

  Point                                       Fanout       Cap     Trans      Incr       Path      Attributes
  -------------------------------------------------------------------------------------------------------------------
  clock ideal_clock (rise edge)                                             0.0000     0.0000
  clock network delay (ideal)                                               0.0000     0.0000
  input external delay                                                      3.0000     3.0000 r
  rst_n (in)                                                      0.3552    0.2425     3.2425 r
  rst_n (net)                                   3       0.0774              0.0000     3.2425 r
  U5637/A (sky130_fd_sc_hd__buf_6)                                0.3552    0.0125 *   3.2550 r
  U5637/X (sky130_fd_sc_hd__buf_6)                                0.5890    0.5534     3.8084 r
  n24715 (net)                                 15       0.3039              0.0000     3.8084 r
  U5676/A (sky130_fd_sc_hd__buf_12)                               0.5890    0.0450 *   3.8534 r
  U5676/X (sky130_fd_sc_hd__buf_12)                               0.1874    0.2948     4.1481 r
  n24732 (net)                                 25       0.1556              0.0000     4.1481 r
  ofmap_deaggregator_inst/IN5 (conv_deaggregator_DATA_WIDTH32_FETCH_WIDTH16_0)   0.0000   4.1481 r
  ofmap_deaggregator_inst/IN5 (net)                     0.1556              0.0000     4.1481 r
  ofmap_deaggregator_inst/U85/A (sky130_fd_sc_hd__buf_4)          0.1874    0.0074 *   4.1556 r
  ofmap_deaggregator_inst/U85/X (sky130_fd_sc_hd__buf_4)          0.1317    0.2216     4.3772 r
  ofmap_deaggregator_inst/n111 (net)           15       0.0444              0.0000     4.3772 r
  ofmap_deaggregator_inst/U86/A (sky130_fd_sc_hd__inv_2)          0.1317    0.0004 *   4.3776 r
  ofmap_deaggregator_inst/U86/Y (sky130_fd_sc_hd__inv_2)          0.0640    0.0854     4.4630 f
  ofmap_deaggregator_inst/n112 (net)            5       0.0207              0.0000     4.4630 f
  ofmap_deaggregator_inst/U162/B (sky130_fd_sc_hd__nor2_4)        0.0640    0.0001 *   4.4632 f
  ofmap_deaggregator_inst/U162/Y (sky130_fd_sc_hd__nor2_4)        0.1043    0.1095     4.5727 r
  ofmap_deaggregator_inst/N69 (net)             3       0.0117              0.0000     4.5727 r
  ofmap_deaggregator_inst/U263/A (sky130_fd_sc_hd__nand3_2)       0.1043    0.0000 *   4.5727 r
  ofmap_deaggregator_inst/U263/Y (sky130_fd_sc_hd__nand3_2)       0.1494    0.1460     4.7186 f
  ofmap_deaggregator_inst/n500 (net)            4       0.0222              0.0000     4.7186 f
  ofmap_deaggregator_inst/U570/A (sky130_fd_sc_hd__nor2_2)        0.1494    0.0001 *   4.7188 f
  ofmap_deaggregator_inst/U570/Y (sky130_fd_sc_hd__nor2_2)        0.1968    0.2282     4.9470 r
  ofmap_deaggregator_inst/n1473 (net)           4       0.0155              0.0000     4.9470 r
  ofmap_deaggregator_inst/U572/A1 (sky130_fd_sc_hd__a21oi_1)      0.1968    0.0002 *   4.9472 r
  ofmap_deaggregator_inst/U572/Y (sky130_fd_sc_hd__a21oi_1)       0.1077    0.1401     5.0872 f
  ofmap_deaggregator_inst/n507 (net)            2       0.0101              0.0000     5.0872 f
  ofmap_deaggregator_inst/U628/A (sky130_fd_sc_hd__nor2_4)        0.1077    0.0000 *   5.0872 f
  ofmap_deaggregator_inst/U628/Y (sky130_fd_sc_hd__nor2_4)        0.6484    0.5491     5.6364 r
  ofmap_deaggregator_inst/n508 (net)           33       0.1072              0.0000     5.6364 r
  ofmap_deaggregator_inst/U916/C1 (sky130_fd_sc_hd__a222oi_1)     0.6484    0.0018 *   5.6381 r
  ofmap_deaggregator_inst/U916/Y (sky130_fd_sc_hd__a222oi_1)      0.1836    0.1654     5.8035 f
  ofmap_deaggregator_inst/n664 (net)            1       0.0043              0.0000     5.8035 f
  ofmap_deaggregator_inst/U917/A (sky130_fd_sc_hd__inv_1)         0.1836    0.0000 *   5.8035 f
  ofmap_deaggregator_inst/U917/Y (sky130_fd_sc_hd__inv_1)         0.0726    0.1077     5.9112 r
  ofmap_deaggregator_inst/instantiate_fifos_10__fifo_inst_fifo_inst_N161 (net)     1   0.0044   0.0000   5.9112 r
  ofmap_deaggregator_inst/instantiate_fifos_10__fifo_inst_fifo_inst_D_OUT_reg_30_/D (sky130_fd_sc_hd__dfxtp_1)   0.0726   0.0001 *   5.9113 r
  data arrival time                                                                    5.9113

  clock ideal_clock (rise edge)                                             6.0000     6.0000
  clock network delay (ideal)                                               0.0000     6.0000
  ofmap_deaggregator_inst/instantiate_fifos_10__fifo_inst_fifo_inst_D_OUT_reg_30_/CLK (sky130_fd_sc_hd__dfxtp_1)   0.0000   6.0000 r
  library setup time                                                       -0.0669     5.9331
  data required time                                                                   5.9331
  -------------------------------------------------------------------------------------------------------------------
  data required time                                                                   5.9331
  data arrival time                                                                   -5.9113
  -------------------------------------------------------------------------------------------------------------------
  slack (MET)                                                                          0.0219


  Startpoint: rst_n (input port clocked by ideal_clock)
  Endpoint: ofmap_deaggregator_inst/instantiate_fifos_10__fifo_inst_fifo_inst_D_OUT_reg_29_
            (rising edge-triggered flip-flop clocked by ideal_clock)
  Path Group: REGIN
  Path Type: max

Attributes:
    d - dont_touch
    u - dont_use
   mo - map_only
   so - size_only
    i - ideal_net or ideal_network
  inf - infeasible path

  Point                                       Fanout       Cap     Trans      Incr       Path      Attributes
  -------------------------------------------------------------------------------------------------------------------
  clock ideal_clock (rise edge)                                             0.0000     0.0000
  clock network delay (ideal)                                               0.0000     0.0000
  input external delay                                                      3.0000     3.0000 r
  rst_n (in)                                                      0.3552    0.2425     3.2425 r
  rst_n (net)                                   3       0.0774              0.0000     3.2425 r
  U5637/A (sky130_fd_sc_hd__buf_6)                                0.3552    0.0125 *   3.2550 r
  U5637/X (sky130_fd_sc_hd__buf_6)                                0.5890    0.5534     3.8084 r
  n24715 (net)                                 15       0.3039              0.0000     3.8084 r
  U5676/A (sky130_fd_sc_hd__buf_12)                               0.5890    0.0450 *   3.8534 r
  U5676/X (sky130_fd_sc_hd__buf_12)                               0.1874    0.2948     4.1481 r
  n24732 (net)                                 25       0.1556              0.0000     4.1481 r
  ofmap_deaggregator_inst/IN5 (conv_deaggregator_DATA_WIDTH32_FETCH_WIDTH16_0)   0.0000   4.1481 r
  ofmap_deaggregator_inst/IN5 (net)                     0.1556              0.0000     4.1481 r
  ofmap_deaggregator_inst/U85/A (sky130_fd_sc_hd__buf_4)          0.1874    0.0074 *   4.1556 r
  ofmap_deaggregator_inst/U85/X (sky130_fd_sc_hd__buf_4)          0.1317    0.2216     4.3772 r
  ofmap_deaggregator_inst/n111 (net)           15       0.0444              0.0000     4.3772 r
  ofmap_deaggregator_inst/U86/A (sky130_fd_sc_hd__inv_2)          0.1317    0.0004 *   4.3776 r
  ofmap_deaggregator_inst/U86/Y (sky130_fd_sc_hd__inv_2)          0.0640    0.0854     4.4630 f
  ofmap_deaggregator_inst/n112 (net)            5       0.0207              0.0000     4.4630 f
  ofmap_deaggregator_inst/U162/B (sky130_fd_sc_hd__nor2_4)        0.0640    0.0001 *   4.4632 f
  ofmap_deaggregator_inst/U162/Y (sky130_fd_sc_hd__nor2_4)        0.1043    0.1095     4.5727 r
  ofmap_deaggregator_inst/N69 (net)             3       0.0117              0.0000     4.5727 r
  ofmap_deaggregator_inst/U263/A (sky130_fd_sc_hd__nand3_2)       0.1043    0.0000 *   4.5727 r
  ofmap_deaggregator_inst/U263/Y (sky130_fd_sc_hd__nand3_2)       0.1494    0.1460     4.7186 f
  ofmap_deaggregator_inst/n500 (net)            4       0.0222              0.0000     4.7186 f
  ofmap_deaggregator_inst/U570/A (sky130_fd_sc_hd__nor2_2)        0.1494    0.0001 *   4.7188 f
  ofmap_deaggregator_inst/U570/Y (sky130_fd_sc_hd__nor2_2)        0.1968    0.2282     4.9470 r
  ofmap_deaggregator_inst/n1473 (net)           4       0.0155              0.0000     4.9470 r
  ofmap_deaggregator_inst/U572/A1 (sky130_fd_sc_hd__a21oi_1)      0.1968    0.0002 *   4.9472 r
  ofmap_deaggregator_inst/U572/Y (sky130_fd_sc_hd__a21oi_1)       0.1077    0.1401     5.0872 f
  ofmap_deaggregator_inst/n507 (net)            2       0.0101              0.0000     5.0872 f
  ofmap_deaggregator_inst/U628/A (sky130_fd_sc_hd__nor2_4)        0.1077    0.0000 *   5.0872 f
  ofmap_deaggregator_inst/U628/Y (sky130_fd_sc_hd__nor2_4)        0.6484    0.5491     5.6364 r
  ofmap_deaggregator_inst/n508 (net)           33       0.1072              0.0000     5.6364 r
  ofmap_deaggregator_inst/U920/C1 (sky130_fd_sc_hd__a222oi_1)     0.6484    0.0016 *   5.6380 r
  ofmap_deaggregator_inst/U920/Y (sky130_fd_sc_hd__a222oi_1)      0.1842    0.1667     5.8047 f
  ofmap_deaggregator_inst/n666 (net)            1       0.0044              0.0000     5.8047 f
  ofmap_deaggregator_inst/U921/A (sky130_fd_sc_hd__inv_1)         0.1842    0.0000 *   5.8047 f
  ofmap_deaggregator_inst/U921/Y (sky130_fd_sc_hd__inv_1)         0.0706    0.1052     5.9100 r
  ofmap_deaggregator_inst/instantiate_fifos_10__fifo_inst_fifo_inst_N160 (net)     1   0.0041   0.0000   5.9100 r
  ofmap_deaggregator_inst/instantiate_fifos_10__fifo_inst_fifo_inst_D_OUT_reg_29_/D (sky130_fd_sc_hd__dfxtp_1)   0.0706   0.0000 *   5.9100 r
  data arrival time                                                                    5.9100

  clock ideal_clock (rise edge)                                             6.0000     6.0000
  clock network delay (ideal)                                               0.0000     6.0000
  ofmap_deaggregator_inst/instantiate_fifos_10__fifo_inst_fifo_inst_D_OUT_reg_29_/CLK (sky130_fd_sc_hd__dfxtp_1)   0.0000   6.0000 r
  library setup time                                                       -0.0664     5.9336
  data required time                                                                   5.9336
  -------------------------------------------------------------------------------------------------------------------
  data required time                                                                   5.9336
  data arrival time                                                                   -5.9100
  -------------------------------------------------------------------------------------------------------------------
  slack (MET)                                                                          0.0236


  Startpoint: rst_n (input port clocked by ideal_clock)
  Endpoint: systolic_array_with_skew_inst_systolic_array_inst/row_0__col_0__mac_inst_weight_r_reg_4_
            (rising edge-triggered flip-flop clocked by ideal_clock)
  Path Group: REGIN
  Path Type: max

Attributes:
    d - dont_touch
    u - dont_use
   mo - map_only
   so - size_only
    i - ideal_net or ideal_network
  inf - infeasible path

  Point                                       Fanout       Cap     Trans      Incr       Path      Attributes
  -------------------------------------------------------------------------------------------------------------------
  clock ideal_clock (rise edge)                                             0.0000     0.0000
  clock network delay (ideal)                                               0.0000     0.0000
  input external delay                                                      3.0000     3.0000 r
  rst_n (in)                                                      0.3552    0.2425     3.2425 r
  rst_n (net)                                   3       0.0774              0.0000     3.2425 r
  U5637/A (sky130_fd_sc_hd__buf_6)                                0.3552    0.0125 *   3.2550 r
  U5637/X (sky130_fd_sc_hd__buf_6)                                0.5890    0.5534     3.8084 r
  n24715 (net)                                 15       0.3039              0.0000     3.8084 r
  U5652/A (sky130_fd_sc_hd__buf_2)                                0.5890    0.0384 *   3.8468 r
  U5652/X (sky130_fd_sc_hd__buf_2)                                1.1250    0.9763     4.8231 r
  n24724 (net)                                 51       0.2350              0.0000     4.8231 r
  systolic_array_with_skew_inst_systolic_array_inst/IN161 (conv_systolic_array_IFMAP_WIDTH8_WEIGHT_WIDTH8_OFMAP_WIDTH32_ARRAY_HEIGHT16_ARRAY_WIDTH16_0)   0.0000   4.8231 r
  systolic_array_with_skew_inst_systolic_array_inst/IN161 (net)   0.2350    0.0000     4.8231 r
  systolic_array_with_skew_inst_systolic_array_inst/U11064/A (sky130_fd_sc_hd__buf_1)   1.1250   0.0084 *   4.8315 r
  systolic_array_with_skew_inst_systolic_array_inst/U11064/X (sky130_fd_sc_hd__buf_1)   0.4575   0.4424   5.2739 r
  systolic_array_with_skew_inst_systolic_array_inst/n77330 (net)    11   0.0388   0.0000   5.2739 r
  systolic_array_with_skew_inst_systolic_array_inst/U704/B (sky130_fd_sc_hd__nand2_1)   0.4575   0.0006 *   5.2745 r
  systolic_array_with_skew_inst_systolic_array_inst/U704/Y (sky130_fd_sc_hd__nand2_1)   0.2535   0.2934   5.5678 f
  systolic_array_with_skew_inst_systolic_array_inst/n651 (net)     1   0.0275   0.0000   5.5678 f
  systolic_array_with_skew_inst_systolic_array_inst/U29106/A (sky130_fd_sc_hd__inv_6)   0.2535   0.0016 *   5.5694 f
  systolic_array_with_skew_inst_systolic_array_inst/U29106/Y (sky130_fd_sc_hd__inv_6)   0.2455   0.2895   5.8589 r
  systolic_array_with_skew_inst_systolic_array_inst/n100088 (net)    16   0.1189   0.0000   5.8589 r
  systolic_array_with_skew_inst_systolic_array_inst/row_0__col_0__mac_inst_weight_r_reg_4_/D (sky130_fd_sc_hd__dfxtp_2)   0.2455   0.0041 *   5.8629 r
  data arrival time                                                                    5.8629

  clock ideal_clock (rise edge)                                             6.0000     6.0000
  clock network delay (ideal)                                               0.0000     6.0000
  systolic_array_with_skew_inst_systolic_array_inst/row_0__col_0__mac_inst_weight_r_reg_4_/CLK (sky130_fd_sc_hd__dfxtp_2)   0.0000   6.0000 r
  library setup time                                                       -0.1133     5.8867
  data required time                                                                   5.8867
  -------------------------------------------------------------------------------------------------------------------
  data required time                                                                   5.8867
  data arrival time                                                                   -5.8629
  -------------------------------------------------------------------------------------------------------------------
  slack (MET)                                                                          0.0237


  Startpoint: rst_n (input port clocked by ideal_clock)
  Endpoint: ofmap_skew_registers_inst/row_15__col_14__skew_r_r_reg_27_
            (rising edge-triggered flip-flop clocked by ideal_clock)
  Path Group: REGIN
  Path Type: max

Attributes:
    d - dont_touch
    u - dont_use
   mo - map_only
   so - size_only
    i - ideal_net or ideal_network
  inf - infeasible path

  Point                                       Fanout       Cap     Trans      Incr       Path      Attributes
  -------------------------------------------------------------------------------------------------------------------
  clock ideal_clock (rise edge)                                             0.0000     0.0000
  clock network delay (ideal)                                               0.0000     0.0000
  input external delay                                                      3.0000     3.0000 r
  rst_n (in)                                                      0.3552    0.2425     3.2425 r
  rst_n (net)                                   3       0.0774              0.0000     3.2425 r
  U5637/A (sky130_fd_sc_hd__buf_6)                                0.3552    0.0125 *   3.2550 r
  U5637/X (sky130_fd_sc_hd__buf_6)                                0.5890    0.5534     3.8084 r
  n24715 (net)                                 15       0.3039              0.0000     3.8084 r
  U5652/A (sky130_fd_sc_hd__buf_2)                                0.5890    0.0384 *   3.8468 r
  U5652/X (sky130_fd_sc_hd__buf_2)                                1.1250    0.9763     4.8231 r
  n24724 (net)                                 51       0.2350              0.0000     4.8231 r
  U8466/A (sky130_fd_sc_hd__buf_2)                                1.1250    0.0027 *   4.8257 r
  U8466/X (sky130_fd_sc_hd__buf_2)                                0.5187    0.6055     5.4312 r
  n24939 (net)                                 36       0.1072              0.0000     5.4312 r
  ofmap_skew_registers_inst/IN17 (conv_skew_registers_DATA_WIDTH32_N16_0)   0.0000     5.4312 r
  ofmap_skew_registers_inst/IN17 (net)                  0.1072              0.0000     5.4312 r
  ofmap_skew_registers_inst/U3995/A (sky130_fd_sc_hd__and2_2)     0.5187    0.0012 *   5.4325 r
  ofmap_skew_registers_inst/U3995/X (sky130_fd_sc_hd__and2_2)     0.2771    0.4245     5.8569 r
  ofmap_skew_registers_inst/row_15__col_14__skew_r_N31 (net)     1   0.0528   0.0000   5.8569 r
  ofmap_skew_registers_inst/row_15__col_14__skew_r_r_reg_27_/D (sky130_fd_sc_hd__dfxtp_1)   0.2771   0.0024 *   5.8593 r
  data arrival time                                                                    5.8593

  clock ideal_clock (rise edge)                                             6.0000     6.0000
  clock network delay (ideal)                                               0.0000     6.0000
  ofmap_skew_registers_inst/row_15__col_14__skew_r_r_reg_27_/CLK (sky130_fd_sc_hd__dfxtp_1)   0.0000   6.0000 r
  library setup time                                                       -0.1146     5.8854
  data required time                                                                   5.8854
  -------------------------------------------------------------------------------------------------------------------
  data required time                                                                   5.8854
  data arrival time                                                                   -5.8593
  -------------------------------------------------------------------------------------------------------------------
  slack (MET)                                                                          0.0261


  Startpoint: rst_n (input port clocked by ideal_clock)
  Endpoint: ofmap_deaggregator_inst/instantiate_fifos_7__fifo_inst_fifo_inst_D_OUT_reg_30_
            (rising edge-triggered flip-flop clocked by ideal_clock)
  Path Group: REGIN
  Path Type: max

Attributes:
    d - dont_touch
    u - dont_use
   mo - map_only
   so - size_only
    i - ideal_net or ideal_network
  inf - infeasible path

  Point                                       Fanout       Cap     Trans      Incr       Path      Attributes
  -------------------------------------------------------------------------------------------------------------------
  clock ideal_clock (rise edge)                                             0.0000     0.0000
  clock network delay (ideal)                                               0.0000     0.0000
  input external delay                                                      3.0000     3.0000 r
  rst_n (in)                                                      0.3552    0.2425     3.2425 r
  rst_n (net)                                   3       0.0774              0.0000     3.2425 r
  U5637/A (sky130_fd_sc_hd__buf_6)                                0.3552    0.0125 *   3.2550 r
  U5637/X (sky130_fd_sc_hd__buf_6)                                0.5890    0.5534     3.8084 r
  n24715 (net)                                 15       0.3039              0.0000     3.8084 r
  U5676/A (sky130_fd_sc_hd__buf_12)                               0.5890    0.0450 *   3.8534 r
  U5676/X (sky130_fd_sc_hd__buf_12)                               0.1874    0.2948     4.1481 r
  n24732 (net)                                 25       0.1556              0.0000     4.1481 r
  U5736/A (sky130_fd_sc_hd__buf_6)                                0.1874    0.0103 *   4.1585 r
  U5736/X (sky130_fd_sc_hd__buf_6)                                0.1622    0.2256     4.3840 r
  n24752 (net)                                 24       0.0785              0.0000     4.3840 r
  ofmap_deaggregator_inst/IN4 (conv_deaggregator_DATA_WIDTH32_FETCH_WIDTH16_0)   0.0000   4.3840 r
  ofmap_deaggregator_inst/IN4 (net)                     0.0785              0.0000     4.3840 r
  ofmap_deaggregator_inst/U108/A (sky130_fd_sc_hd__nand3_4)       0.1622    0.0006 *   4.3846 r
  ofmap_deaggregator_inst/U108/Y (sky130_fd_sc_hd__nand3_4)       0.1102    0.1260     4.5106 f
  ofmap_deaggregator_inst/n646 (net)            5       0.0231              0.0000     4.5106 f
  ofmap_deaggregator_inst/U575/C (sky130_fd_sc_hd__nor3_1)        0.1102    0.0001 *   4.5107 f
  ofmap_deaggregator_inst/U575/Y (sky130_fd_sc_hd__nor3_1)        0.4413    0.3657     4.8764 r
  ofmap_deaggregator_inst/n1432 (net)           4       0.0138              0.0000     4.8764 r
  ofmap_deaggregator_inst/U577/A1 (sky130_fd_sc_hd__a21oi_1)      0.4413    0.0000 *   4.8764 r
  ofmap_deaggregator_inst/U577/Y (sky130_fd_sc_hd__a21oi_1)       0.1549    0.1922     5.0686 f
  ofmap_deaggregator_inst/n509 (net)            2       0.0104              0.0000     5.0686 f
  ofmap_deaggregator_inst/U635/A (sky130_fd_sc_hd__nor2_4)        0.1549    0.0000 *   5.0687 f
  ofmap_deaggregator_inst/U635/Y (sky130_fd_sc_hd__nor2_4)        0.6334    0.5557     5.6243 r
  ofmap_deaggregator_inst/n510 (net)           33       0.1046              0.0000     5.6243 r
  ofmap_deaggregator_inst/U1230/C1 (sky130_fd_sc_hd__a222oi_1)    0.6334    0.0006 *   5.6249 r
  ofmap_deaggregator_inst/U1230/Y (sky130_fd_sc_hd__a222oi_1)     0.1959    0.1946     5.8195 f
  ofmap_deaggregator_inst/n837 (net)            1       0.0067              0.0000     5.8195 f
  ofmap_deaggregator_inst/U1231/A (sky130_fd_sc_hd__inv_1)        0.1959    0.0000 *   5.8195 f
  ofmap_deaggregator_inst/U1231/Y (sky130_fd_sc_hd__inv_1)        0.0603    0.0900     5.9096 r
  ofmap_deaggregator_inst/instantiate_fifos_7__fifo_inst_fifo_inst_N161 (net)     1   0.0023   0.0000   5.9096 r
  ofmap_deaggregator_inst/instantiate_fifos_7__fifo_inst_fifo_inst_D_OUT_reg_30_/D (sky130_fd_sc_hd__dfxtp_1)   0.0603   0.0000 *   5.9096 r
  data arrival time                                                                    5.9096

  clock ideal_clock (rise edge)                                             6.0000     6.0000
  clock network delay (ideal)                                               0.0000     6.0000
  ofmap_deaggregator_inst/instantiate_fifos_7__fifo_inst_fifo_inst_D_OUT_reg_30_/CLK (sky130_fd_sc_hd__dfxtp_1)   0.0000   6.0000 r
  library setup time                                                       -0.0640     5.9360
  data required time                                                                   5.9360
  -------------------------------------------------------------------------------------------------------------------
  data required time                                                                   5.9360
  data arrival time                                                                   -5.9096
  -------------------------------------------------------------------------------------------------------------------
  slack (MET)                                                                          0.0265


  Startpoint: rst_n (input port clocked by ideal_clock)
  Endpoint: weight_fifo_inst_fifo_inst_D_OUT_reg_19_
            (rising edge-triggered flip-flop clocked by ideal_clock)
  Path Group: REGIN
  Path Type: max

Attributes:
    d - dont_touch
    u - dont_use
   mo - map_only
   so - size_only
    i - ideal_net or ideal_network
  inf - infeasible path

  Point                                       Fanout       Cap     Trans      Incr       Path      Attributes
  -------------------------------------------------------------------------------------------------------------------
  clock ideal_clock (rise edge)                                             0.0000     0.0000
  clock network delay (ideal)                                               0.0000     0.0000
  input external delay                                                      3.0000     3.0000 r
  rst_n (in)                                                      0.3552    0.2425     3.2425 r
  rst_n (net)                                   3       0.0774              0.0000     3.2425 r
  U5636/A (sky130_fd_sc_hd__buf_4)                                0.3552    0.0120 *   3.2544 r
  U5636/X (sky130_fd_sc_hd__buf_4)                                0.4805    0.5039     3.7583 r
  n24714 (net)                                  9       0.1762              0.0000     3.7583 r
  U5677/A (sky130_fd_sc_hd__buf_4)                                0.4805    0.0168 *   3.7751 r
  U5677/X (sky130_fd_sc_hd__buf_4)                                0.2627    0.3702     4.1453 r
  n24733 (net)                                  7       0.0935              0.0000     4.1453 r
  U6119/A (sky130_fd_sc_hd__buf_4)                                0.2627    0.0035 *   4.1489 r
  U6119/X (sky130_fd_sc_hd__buf_4)                                0.1999    0.2908     4.4396 r
  n24794 (net)                                 10       0.0703              0.0000     4.4396 r
  U15221/A (sky130_fd_sc_hd__nand3_4)                             0.1999    0.0043 *   4.4440 r
  U15221/Y (sky130_fd_sc_hd__nand3_4)                             0.3902    0.2760     4.7200 f
  n23161 (net)                                  7       0.0840              0.0000     4.7200 f
  U15222/A (sky130_fd_sc_hd__nor2_4)                              0.3902    0.0046 *   4.7246 f
  U15222/Y (sky130_fd_sc_hd__nor2_4)                              0.1260    0.2375     4.9621 r
  n23152 (net)                                  3       0.0107              0.0000     4.9621 r
  U15223/A (sky130_fd_sc_hd__inv_2)                               0.1260    0.0000 *   4.9621 r
  U15223/Y (sky130_fd_sc_hd__inv_2)                               0.0653    0.0870     5.0491 f
  n23149 (net)                                  5       0.0222              0.0000     5.0491 f
  U15225/A (sky130_fd_sc_hd__nand2_2)                             0.0653    0.0000 *   5.0491 f
  U15225/Y (sky130_fd_sc_hd__nand2_2)                             0.1356    0.1273     5.1764 r
  n23158 (net)                                  3       0.0229              0.0000     5.1764 r
  U15227/A (sky130_fd_sc_hd__nor2_8)                              0.1356    0.0001 *   5.1765 r
  U15227/Y (sky130_fd_sc_hd__nor2_8)                              0.1138    0.1101     5.2865 f
  n10118 (net)                                 33       0.0911              0.0000     5.2865 f
  U15285/A1 (sky130_fd_sc_hd__a222oi_1)                           0.1138    0.0005 *   5.2871 f
  U15285/Y (sky130_fd_sc_hd__a222oi_1)                            0.4472    0.4653     5.7523 r
  n10147 (net)                                  1       0.0091              0.0000     5.7523 r
  U15286/A (sky130_fd_sc_hd__inv_2)                               0.4472    0.0001 *   5.7524 r
  U15286/Y (sky130_fd_sc_hd__inv_2)                               0.0863    0.0815     5.8339 f
  weight_fifo_inst_fifo_inst_N150 (net)         1       0.0082              0.0000     5.8339 f
  weight_fifo_inst_fifo_inst_D_OUT_reg_19_/D (sky130_fd_sc_hd__dfxtp_1)   0.0863   0.0001 *   5.8340 f
  data arrival time                                                                    5.8340

  clock ideal_clock (rise edge)                                             6.0000     6.0000
  clock network delay (ideal)                                               0.0000     6.0000
  weight_fifo_inst_fifo_inst_D_OUT_reg_19_/CLK (sky130_fd_sc_hd__dfxtp_1)   0.0000     6.0000 r
  library setup time                                                       -0.1392     5.8608
  data required time                                                                   5.8608
  -------------------------------------------------------------------------------------------------------------------
  data required time                                                                   5.8608
  data arrival time                                                                   -5.8340
  -------------------------------------------------------------------------------------------------------------------
  slack (MET)                                                                          0.0268


  Startpoint: rst_n (input port clocked by ideal_clock)
  Endpoint: systolic_array_with_skew_inst_systolic_array_inst/row_0__col_6__mac_inst_weight_r_reg_4_
            (rising edge-triggered flip-flop clocked by ideal_clock)
  Path Group: REGIN
  Path Type: max

Attributes:
    d - dont_touch
    u - dont_use
   mo - map_only
   so - size_only
    i - ideal_net or ideal_network
  inf - infeasible path

  Point                                       Fanout       Cap     Trans      Incr       Path      Attributes
  -------------------------------------------------------------------------------------------------------------------
  clock ideal_clock (rise edge)                                             0.0000     0.0000
  clock network delay (ideal)                                               0.0000     0.0000
  input external delay                                                      3.0000     3.0000 r
  rst_n (in)                                                      0.3552    0.2425     3.2425 r
  rst_n (net)                                   3       0.0774              0.0000     3.2425 r
  U5637/A (sky130_fd_sc_hd__buf_6)                                0.3552    0.0125 *   3.2550 r
  U5637/X (sky130_fd_sc_hd__buf_6)                                0.5890    0.5534     3.8084 r
  n24715 (net)                                 15       0.3039              0.0000     3.8084 r
  U5652/A (sky130_fd_sc_hd__buf_2)                                0.5890    0.0384 *   3.8468 r
  U5652/X (sky130_fd_sc_hd__buf_2)                                1.1250    0.9763     4.8231 r
  n24724 (net)                                 51       0.2350              0.0000     4.8231 r
  systolic_array_with_skew_inst_systolic_array_inst/IN161 (conv_systolic_array_IFMAP_WIDTH8_WEIGHT_WIDTH8_OFMAP_WIDTH32_ARRAY_HEIGHT16_ARRAY_WIDTH16_0)   0.0000   4.8231 r
  systolic_array_with_skew_inst_systolic_array_inst/IN161 (net)   0.2350    0.0000     4.8231 r
  systolic_array_with_skew_inst_systolic_array_inst/U11064/A (sky130_fd_sc_hd__buf_1)   1.1250   0.0084 *   4.8315 r
  systolic_array_with_skew_inst_systolic_array_inst/U11064/X (sky130_fd_sc_hd__buf_1)   0.4575   0.4424   5.2739 r
  systolic_array_with_skew_inst_systolic_array_inst/n77330 (net)    11   0.0388   0.0000   5.2739 r
  systolic_array_with_skew_inst_systolic_array_inst/U704/B (sky130_fd_sc_hd__nand2_1)   0.4575   0.0006 *   5.2745 r
  systolic_array_with_skew_inst_systolic_array_inst/U704/Y (sky130_fd_sc_hd__nand2_1)   0.2535   0.2934   5.5678 f
  systolic_array_with_skew_inst_systolic_array_inst/n651 (net)     1   0.0275   0.0000   5.5678 f
  systolic_array_with_skew_inst_systolic_array_inst/U29106/A (sky130_fd_sc_hd__inv_6)   0.2535   0.0016 *   5.5694 f
  systolic_array_with_skew_inst_systolic_array_inst/U29106/Y (sky130_fd_sc_hd__inv_6)   0.2455   0.2895   5.8589 r
  systolic_array_with_skew_inst_systolic_array_inst/n100088 (net)    16   0.1189   0.0000   5.8589 r
  systolic_array_with_skew_inst_systolic_array_inst/row_0__col_6__mac_inst_weight_r_reg_4_/D (sky130_fd_sc_hd__dfxtp_1)   0.2455   0.0068 *   5.8657 r
  data arrival time                                                                    5.8657

  clock ideal_clock (rise edge)                                             6.0000     6.0000
  clock network delay (ideal)                                               0.0000     6.0000
  systolic_array_with_skew_inst_systolic_array_inst/row_0__col_6__mac_inst_weight_r_reg_4_/CLK (sky130_fd_sc_hd__dfxtp_1)   0.0000   6.0000 r
  library setup time                                                       -0.1072     5.8928
  data required time                                                                   5.8928
  -------------------------------------------------------------------------------------------------------------------
  data required time                                                                   5.8928
  data arrival time                                                                   -5.8657
  -------------------------------------------------------------------------------------------------------------------
  slack (MET)                                                                          0.0271


  Startpoint: rst_n (input port clocked by ideal_clock)
  Endpoint: ofmap_deaggregator_inst/instantiate_fifos_7__fifo_inst_fifo_inst_D_OUT_reg_25_
            (rising edge-triggered flip-flop clocked by ideal_clock)
  Path Group: REGIN
  Path Type: max

Attributes:
    d - dont_touch
    u - dont_use
   mo - map_only
   so - size_only
    i - ideal_net or ideal_network
  inf - infeasible path

  Point                                       Fanout       Cap     Trans      Incr       Path      Attributes
  -------------------------------------------------------------------------------------------------------------------
  clock ideal_clock (rise edge)                                             0.0000     0.0000
  clock network delay (ideal)                                               0.0000     0.0000
  input external delay                                                      3.0000     3.0000 r
  rst_n (in)                                                      0.3552    0.2425     3.2425 r
  rst_n (net)                                   3       0.0774              0.0000     3.2425 r
  U5637/A (sky130_fd_sc_hd__buf_6)                                0.3552    0.0125 *   3.2550 r
  U5637/X (sky130_fd_sc_hd__buf_6)                                0.5890    0.5534     3.8084 r
  n24715 (net)                                 15       0.3039              0.0000     3.8084 r
  U5676/A (sky130_fd_sc_hd__buf_12)                               0.5890    0.0450 *   3.8534 r
  U5676/X (sky130_fd_sc_hd__buf_12)                               0.1874    0.2948     4.1481 r
  n24732 (net)                                 25       0.1556              0.0000     4.1481 r
  U5736/A (sky130_fd_sc_hd__buf_6)                                0.1874    0.0103 *   4.1585 r
  U5736/X (sky130_fd_sc_hd__buf_6)                                0.1622    0.2256     4.3840 r
  n24752 (net)                                 24       0.0785              0.0000     4.3840 r
  ofmap_deaggregator_inst/IN4 (conv_deaggregator_DATA_WIDTH32_FETCH_WIDTH16_0)   0.0000   4.3840 r
  ofmap_deaggregator_inst/IN4 (net)                     0.0785              0.0000     4.3840 r
  ofmap_deaggregator_inst/U108/A (sky130_fd_sc_hd__nand3_4)       0.1622    0.0006 *   4.3846 r
  ofmap_deaggregator_inst/U108/Y (sky130_fd_sc_hd__nand3_4)       0.1102    0.1260     4.5106 f
  ofmap_deaggregator_inst/n646 (net)            5       0.0231              0.0000     4.5106 f
  ofmap_deaggregator_inst/U575/C (sky130_fd_sc_hd__nor3_1)        0.1102    0.0001 *   4.5107 f
  ofmap_deaggregator_inst/U575/Y (sky130_fd_sc_hd__nor3_1)        0.4413    0.3657     4.8764 r
  ofmap_deaggregator_inst/n1432 (net)           4       0.0138              0.0000     4.8764 r
  ofmap_deaggregator_inst/U577/A1 (sky130_fd_sc_hd__a21oi_1)      0.4413    0.0000 *   4.8764 r
  ofmap_deaggregator_inst/U577/Y (sky130_fd_sc_hd__a21oi_1)       0.1549    0.1922     5.0686 f
  ofmap_deaggregator_inst/n509 (net)            2       0.0104              0.0000     5.0686 f
  ofmap_deaggregator_inst/U635/A (sky130_fd_sc_hd__nor2_4)        0.1549    0.0000 *   5.0687 f
  ofmap_deaggregator_inst/U635/Y (sky130_fd_sc_hd__nor2_4)        0.6334    0.5557     5.6243 r
  ofmap_deaggregator_inst/n510 (net)           33       0.1046              0.0000     5.6243 r
  ofmap_deaggregator_inst/U1248/C1 (sky130_fd_sc_hd__a222oi_1)    0.6334    0.0004 *   5.6248 r
  ofmap_deaggregator_inst/U1248/Y (sky130_fd_sc_hd__a222oi_1)     0.1921    0.1879     5.8126 f
  ofmap_deaggregator_inst/n846 (net)            1       0.0061              0.0000     5.8126 f
  ofmap_deaggregator_inst/U1249/A (sky130_fd_sc_hd__inv_1)        0.1921    0.0000 *   5.8127 f
  ofmap_deaggregator_inst/U1249/Y (sky130_fd_sc_hd__inv_1)        0.0635    0.0952     5.9079 r
  ofmap_deaggregator_inst/instantiate_fifos_7__fifo_inst_fifo_inst_N156 (net)     1   0.0028   0.0000   5.9079 r
  ofmap_deaggregator_inst/instantiate_fifos_7__fifo_inst_fifo_inst_D_OUT_reg_25_/D (sky130_fd_sc_hd__dfxtp_1)   0.0635   0.0000 *   5.9079 r
  data arrival time                                                                    5.9079

  clock ideal_clock (rise edge)                                             6.0000     6.0000
  clock network delay (ideal)                                               0.0000     6.0000
  ofmap_deaggregator_inst/instantiate_fifos_7__fifo_inst_fifo_inst_D_OUT_reg_25_/CLK (sky130_fd_sc_hd__dfxtp_1)   0.0000   6.0000 r
  library setup time                                                       -0.0647     5.9353
  data required time                                                                   5.9353
  -------------------------------------------------------------------------------------------------------------------
  data required time                                                                   5.9353
  data arrival time                                                                   -5.9079
  -------------------------------------------------------------------------------------------------------------------
  slack (MET)                                                                          0.0274


  Startpoint: rst_n (input port clocked by ideal_clock)
  Endpoint: ofmap_deaggregator_inst/instantiate_fifos_10__fifo_inst_fifo_inst_D_OUT_reg_3_
            (rising edge-triggered flip-flop clocked by ideal_clock)
  Path Group: REGIN
  Path Type: max

Attributes:
    d - dont_touch
    u - dont_use
   mo - map_only
   so - size_only
    i - ideal_net or ideal_network
  inf - infeasible path

  Point                                       Fanout       Cap     Trans      Incr       Path      Attributes
  -------------------------------------------------------------------------------------------------------------------
  clock ideal_clock (rise edge)                                             0.0000     0.0000
  clock network delay (ideal)                                               0.0000     0.0000
  input external delay                                                      3.0000     3.0000 r
  rst_n (in)                                                      0.3552    0.2425     3.2425 r
  rst_n (net)                                   3       0.0774              0.0000     3.2425 r
  U5637/A (sky130_fd_sc_hd__buf_6)                                0.3552    0.0125 *   3.2550 r
  U5637/X (sky130_fd_sc_hd__buf_6)                                0.5890    0.5534     3.8084 r
  n24715 (net)                                 15       0.3039              0.0000     3.8084 r
  U5676/A (sky130_fd_sc_hd__buf_12)                               0.5890    0.0450 *   3.8534 r
  U5676/X (sky130_fd_sc_hd__buf_12)                               0.1874    0.2948     4.1481 r
  n24732 (net)                                 25       0.1556              0.0000     4.1481 r
  ofmap_deaggregator_inst/IN5 (conv_deaggregator_DATA_WIDTH32_FETCH_WIDTH16_0)   0.0000   4.1481 r
  ofmap_deaggregator_inst/IN5 (net)                     0.1556              0.0000     4.1481 r
  ofmap_deaggregator_inst/U85/A (sky130_fd_sc_hd__buf_4)          0.1874    0.0074 *   4.1556 r
  ofmap_deaggregator_inst/U85/X (sky130_fd_sc_hd__buf_4)          0.1317    0.2216     4.3772 r
  ofmap_deaggregator_inst/n111 (net)           15       0.0444              0.0000     4.3772 r
  ofmap_deaggregator_inst/U86/A (sky130_fd_sc_hd__inv_2)          0.1317    0.0004 *   4.3776 r
  ofmap_deaggregator_inst/U86/Y (sky130_fd_sc_hd__inv_2)          0.0640    0.0854     4.4630 f
  ofmap_deaggregator_inst/n112 (net)            5       0.0207              0.0000     4.4630 f
  ofmap_deaggregator_inst/U162/B (sky130_fd_sc_hd__nor2_4)        0.0640    0.0001 *   4.4632 f
  ofmap_deaggregator_inst/U162/Y (sky130_fd_sc_hd__nor2_4)        0.1043    0.1095     4.5727 r
  ofmap_deaggregator_inst/N69 (net)             3       0.0117              0.0000     4.5727 r
  ofmap_deaggregator_inst/U263/A (sky130_fd_sc_hd__nand3_2)       0.1043    0.0000 *   4.5727 r
  ofmap_deaggregator_inst/U263/Y (sky130_fd_sc_hd__nand3_2)       0.1494    0.1460     4.7186 f
  ofmap_deaggregator_inst/n500 (net)            4       0.0222              0.0000     4.7186 f
  ofmap_deaggregator_inst/U570/A (sky130_fd_sc_hd__nor2_2)        0.1494    0.0001 *   4.7188 f
  ofmap_deaggregator_inst/U570/Y (sky130_fd_sc_hd__nor2_2)        0.1968    0.2282     4.9470 r
  ofmap_deaggregator_inst/n1473 (net)           4       0.0155              0.0000     4.9470 r
  ofmap_deaggregator_inst/U572/A1 (sky130_fd_sc_hd__a21oi_1)      0.1968    0.0002 *   4.9472 r
  ofmap_deaggregator_inst/U572/Y (sky130_fd_sc_hd__a21oi_1)       0.1077    0.1401     5.0872 f
  ofmap_deaggregator_inst/n507 (net)            2       0.0101              0.0000     5.0872 f
  ofmap_deaggregator_inst/U628/A (sky130_fd_sc_hd__nor2_4)        0.1077    0.0000 *   5.0872 f
  ofmap_deaggregator_inst/U628/Y (sky130_fd_sc_hd__nor2_4)        0.6484    0.5491     5.6364 r
  ofmap_deaggregator_inst/n508 (net)           33       0.1072              0.0000     5.6364 r
  ofmap_deaggregator_inst/U896/C1 (sky130_fd_sc_hd__a222oi_1)     0.6484    0.0023 *   5.6387 r
  ofmap_deaggregator_inst/U896/Y (sky130_fd_sc_hd__a222oi_1)      0.1907    0.1810     5.8197 f
  ofmap_deaggregator_inst/n653 (net)            1       0.0054              0.0000     5.8197 f
  ofmap_deaggregator_inst/U897/A (sky130_fd_sc_hd__inv_1)         0.1907    0.0001 *   5.8198 f
  ofmap_deaggregator_inst/U897/Y (sky130_fd_sc_hd__inv_1)         0.0589    0.0882     5.9080 r
  ofmap_deaggregator_inst/instantiate_fifos_10__fifo_inst_fifo_inst_N134 (net)     1   0.0022   0.0000   5.9080 r
  ofmap_deaggregator_inst/instantiate_fifos_10__fifo_inst_fifo_inst_D_OUT_reg_3_/D (sky130_fd_sc_hd__dfxtp_1)   0.0589   0.0000 *   5.9080 r
  data arrival time                                                                    5.9080

  clock ideal_clock (rise edge)                                             6.0000     6.0000
  clock network delay (ideal)                                               0.0000     6.0000
  ofmap_deaggregator_inst/instantiate_fifos_10__fifo_inst_fifo_inst_D_OUT_reg_3_/CLK (sky130_fd_sc_hd__dfxtp_1)   0.0000   6.0000 r
  library setup time                                                       -0.0636     5.9364
  data required time                                                                   5.9364
  -------------------------------------------------------------------------------------------------------------------
  data required time                                                                   5.9364
  data arrival time                                                                   -5.9080
  -------------------------------------------------------------------------------------------------------------------
  slack (MET)                                                                          0.0284


  Startpoint: rst_n (input port clocked by ideal_clock)
  Endpoint: ofmap_fifo_inst_fifo_inst_D_OUT_reg_5_
            (rising edge-triggered flip-flop clocked by ideal_clock)
  Path Group: REGIN
  Path Type: max

Attributes:
    d - dont_touch
    u - dont_use
   mo - map_only
   so - size_only
    i - ideal_net or ideal_network
  inf - infeasible path

  Point                                       Fanout       Cap     Trans      Incr       Path      Attributes
  -------------------------------------------------------------------------------------------------------------------
  clock ideal_clock (rise edge)                                             0.0000     0.0000
  clock network delay (ideal)                                               0.0000     0.0000
  input external delay                                                      3.0000     3.0000 r
  rst_n (in)                                                      0.3552    0.2425     3.2425 r
  rst_n (net)                                   3       0.0774              0.0000     3.2425 r
  U5637/A (sky130_fd_sc_hd__buf_6)                                0.3552    0.0125 *   3.2550 r
  U5637/X (sky130_fd_sc_hd__buf_6)                                0.5890    0.5534     3.8084 r
  n24715 (net)                                 15       0.3039              0.0000     3.8084 r
  U5676/A (sky130_fd_sc_hd__buf_12)                               0.5890    0.0450 *   3.8534 r
  U5676/X (sky130_fd_sc_hd__buf_12)                               0.1874    0.2948     4.1481 r
  n24732 (net)                                 25       0.1556              0.0000     4.1481 r
  U5736/A (sky130_fd_sc_hd__buf_6)                                0.1874    0.0103 *   4.1585 r
  U5736/X (sky130_fd_sc_hd__buf_6)                                0.1622    0.2256     4.3840 r
  n24752 (net)                                 24       0.0785              0.0000     4.3840 r
  ofmap_deaggregator_inst/IN4 (conv_deaggregator_DATA_WIDTH32_FETCH_WIDTH16_0)   0.0000   4.3840 r
  ofmap_deaggregator_inst/IN4 (net)                     0.0785              0.0000     4.3840 r
  ofmap_deaggregator_inst/U160/A (sky130_fd_sc_hd__nand2_1)       0.1622    0.0002 *   4.3842 r
  ofmap_deaggregator_inst/U160/Y (sky130_fd_sc_hd__nand2_1)       0.0622    0.0816     4.4659 f
  ofmap_deaggregator_inst/n109 (net)            1       0.0043              0.0000     4.4659 f
  ofmap_deaggregator_inst/U161/B (sky130_fd_sc_hd__nor2_2)        0.0622    0.0000 *   4.4659 f
  ofmap_deaggregator_inst/U161/Y (sky130_fd_sc_hd__nor2_2)        0.2724    0.2305     4.6964 r
  ofmap_deaggregator_inst/receiver_enq (net)     3      0.0234              0.0000     4.6964 r
  ofmap_deaggregator_inst/receiver_enq (conv_deaggregator_DATA_WIDTH32_FETCH_WIDTH16_0)   0.0000   4.6964 r
  ofmap_fifo_enq (net)                                  0.0234              0.0000     4.6964 r
  U13978/A (sky130_fd_sc_hd__inv_2)                               0.2724    0.0013 *   4.6977 r
  U13978/Y (sky130_fd_sc_hd__inv_2)                               0.0810    0.0998     4.7974 f
  n23123 (net)                                  5       0.0148              0.0000     4.7974 f
  U13979/B (sky130_fd_sc_hd__nor2_2)                              0.0810    0.0000 *   4.7974 f
  U13979/Y (sky130_fd_sc_hd__nor2_2)                              0.9910    0.7633     5.5608 r
  n9254 (net)                                  33       0.0944              0.0000     5.5608 r
  U15067/B1 (sky130_fd_sc_hd__a222oi_1)                           0.9910    0.0006 *   5.5613 r
  U15067/Y (sky130_fd_sc_hd__a222oi_1)                            0.2479    0.2487     5.8101 f
  n10026 (net)                                  1       0.0064              0.0000     5.8101 f
  U15068/A (sky130_fd_sc_hd__clkinv_1)                            0.2479    0.0001 *   5.8102 f
  U15068/Y (sky130_fd_sc_hd__clkinv_1)                            0.0666    0.0960     5.9062 r
  ofmap_fifo_inst_fifo_inst_N136 (net)          1       0.0031              0.0000     5.9062 r
  ofmap_fifo_inst_fifo_inst_D_OUT_reg_5_/D (sky130_fd_sc_hd__dfxtp_1)   0.0666   0.0000 *   5.9062 r
  data arrival time                                                                    5.9062

  clock ideal_clock (rise edge)                                             6.0000     6.0000
  clock network delay (ideal)                                               0.0000     6.0000
  ofmap_fifo_inst_fifo_inst_D_OUT_reg_5_/CLK (sky130_fd_sc_hd__dfxtp_1)     0.0000     6.0000 r
  library setup time                                                       -0.0655     5.9345
  data required time                                                                   5.9345
  -------------------------------------------------------------------------------------------------------------------
  data required time                                                                   5.9345
  data arrival time                                                                   -5.9062
  -------------------------------------------------------------------------------------------------------------------
  slack (MET)                                                                          0.0284


  Startpoint: rst_n (input port clocked by ideal_clock)
  Endpoint: ofmap_fifo_inst_fifo_inst_D_OUT_reg_3_
            (rising edge-triggered flip-flop clocked by ideal_clock)
  Path Group: REGIN
  Path Type: max

Attributes:
    d - dont_touch
    u - dont_use
   mo - map_only
   so - size_only
    i - ideal_net or ideal_network
  inf - infeasible path

  Point                                       Fanout       Cap     Trans      Incr       Path      Attributes
  -------------------------------------------------------------------------------------------------------------------
  clock ideal_clock (rise edge)                                             0.0000     0.0000
  clock network delay (ideal)                                               0.0000     0.0000
  input external delay                                                      3.0000     3.0000 r
  rst_n (in)                                                      0.3552    0.2425     3.2425 r
  rst_n (net)                                   3       0.0774              0.0000     3.2425 r
  U5637/A (sky130_fd_sc_hd__buf_6)                                0.3552    0.0125 *   3.2550 r
  U5637/X (sky130_fd_sc_hd__buf_6)                                0.5890    0.5534     3.8084 r
  n24715 (net)                                 15       0.3039              0.0000     3.8084 r
  U5676/A (sky130_fd_sc_hd__buf_12)                               0.5890    0.0450 *   3.8534 r
  U5676/X (sky130_fd_sc_hd__buf_12)                               0.1874    0.2948     4.1481 r
  n24732 (net)                                 25       0.1556              0.0000     4.1481 r
  U5736/A (sky130_fd_sc_hd__buf_6)                                0.1874    0.0103 *   4.1585 r
  U5736/X (sky130_fd_sc_hd__buf_6)                                0.1622    0.2256     4.3840 r
  n24752 (net)                                 24       0.0785              0.0000     4.3840 r
  ofmap_deaggregator_inst/IN4 (conv_deaggregator_DATA_WIDTH32_FETCH_WIDTH16_0)   0.0000   4.3840 r
  ofmap_deaggregator_inst/IN4 (net)                     0.0785              0.0000     4.3840 r
  ofmap_deaggregator_inst/U160/A (sky130_fd_sc_hd__nand2_1)       0.1622    0.0002 *   4.3842 r
  ofmap_deaggregator_inst/U160/Y (sky130_fd_sc_hd__nand2_1)       0.0622    0.0816     4.4659 f
  ofmap_deaggregator_inst/n109 (net)            1       0.0043              0.0000     4.4659 f
  ofmap_deaggregator_inst/U161/B (sky130_fd_sc_hd__nor2_2)        0.0622    0.0000 *   4.4659 f
  ofmap_deaggregator_inst/U161/Y (sky130_fd_sc_hd__nor2_2)        0.2724    0.2305     4.6964 r
  ofmap_deaggregator_inst/receiver_enq (net)     3      0.0234              0.0000     4.6964 r
  ofmap_deaggregator_inst/receiver_enq (conv_deaggregator_DATA_WIDTH32_FETCH_WIDTH16_0)   0.0000   4.6964 r
  ofmap_fifo_enq (net)                                  0.0234              0.0000     4.6964 r
  U13978/A (sky130_fd_sc_hd__inv_2)                               0.2724    0.0013 *   4.6977 r
  U13978/Y (sky130_fd_sc_hd__inv_2)                               0.0810    0.0998     4.7974 f
  n23123 (net)                                  5       0.0148              0.0000     4.7974 f
  U13979/B (sky130_fd_sc_hd__nor2_2)                              0.0810    0.0000 *   4.7974 f
  U13979/Y (sky130_fd_sc_hd__nor2_2)                              0.9910    0.7633     5.5608 r
  n9254 (net)                                  33       0.0944              0.0000     5.5608 r
  U15069/B1 (sky130_fd_sc_hd__a222oi_1)                           0.9910    0.0003 *   5.5611 r
  U15069/Y (sky130_fd_sc_hd__a222oi_1)                            0.2537    0.2581     5.8192 f
  n10029 (net)                                  1       0.0072              0.0000     5.8192 f
  U15070/A (sky130_fd_sc_hd__clkinv_1)                            0.2537    0.0002 *   5.8194 f
  U15070/Y (sky130_fd_sc_hd__clkinv_1)                            0.0621    0.0878     5.9072 r
  ofmap_fifo_inst_fifo_inst_N134 (net)          1       0.0022              0.0000     5.9072 r
  ofmap_fifo_inst_fifo_inst_D_OUT_reg_3_/D (sky130_fd_sc_hd__dfxtp_1)   0.0621   0.0000 *   5.9072 r
  data arrival time                                                                    5.9072

  clock ideal_clock (rise edge)                                             6.0000     6.0000
  clock network delay (ideal)                                               0.0000     6.0000
  ofmap_fifo_inst_fifo_inst_D_OUT_reg_3_/CLK (sky130_fd_sc_hd__dfxtp_1)     0.0000     6.0000 r
  library setup time                                                       -0.0644     5.9356
  data required time                                                                   5.9356
  -------------------------------------------------------------------------------------------------------------------
  data required time                                                                   5.9356
  data arrival time                                                                   -5.9072
  -------------------------------------------------------------------------------------------------------------------
  slack (MET)                                                                          0.0284


  Startpoint: rst_n (input port clocked by ideal_clock)
  Endpoint: ofmap_deaggregator_inst/instantiate_fifos_7__fifo_inst_fifo_inst_D_OUT_reg_24_
            (rising edge-triggered flip-flop clocked by ideal_clock)
  Path Group: REGIN
  Path Type: max

Attributes:
    d - dont_touch
    u - dont_use
   mo - map_only
   so - size_only
    i - ideal_net or ideal_network
  inf - infeasible path

  Point                                       Fanout       Cap     Trans      Incr       Path      Attributes
  -------------------------------------------------------------------------------------------------------------------
  clock ideal_clock (rise edge)                                             0.0000     0.0000
  clock network delay (ideal)                                               0.0000     0.0000
  input external delay                                                      3.0000     3.0000 r
  rst_n (in)                                                      0.3552    0.2425     3.2425 r
  rst_n (net)                                   3       0.0774              0.0000     3.2425 r
  U5637/A (sky130_fd_sc_hd__buf_6)                                0.3552    0.0125 *   3.2550 r
  U5637/X (sky130_fd_sc_hd__buf_6)                                0.5890    0.5534     3.8084 r
  n24715 (net)                                 15       0.3039              0.0000     3.8084 r
  U5676/A (sky130_fd_sc_hd__buf_12)                               0.5890    0.0450 *   3.8534 r
  U5676/X (sky130_fd_sc_hd__buf_12)                               0.1874    0.2948     4.1481 r
  n24732 (net)                                 25       0.1556              0.0000     4.1481 r
  U5736/A (sky130_fd_sc_hd__buf_6)                                0.1874    0.0103 *   4.1585 r
  U5736/X (sky130_fd_sc_hd__buf_6)                                0.1622    0.2256     4.3840 r
  n24752 (net)                                 24       0.0785              0.0000     4.3840 r
  ofmap_deaggregator_inst/IN4 (conv_deaggregator_DATA_WIDTH32_FETCH_WIDTH16_0)   0.0000   4.3840 r
  ofmap_deaggregator_inst/IN4 (net)                     0.0785              0.0000     4.3840 r
  ofmap_deaggregator_inst/U108/A (sky130_fd_sc_hd__nand3_4)       0.1622    0.0006 *   4.3846 r
  ofmap_deaggregator_inst/U108/Y (sky130_fd_sc_hd__nand3_4)       0.1102    0.1260     4.5106 f
  ofmap_deaggregator_inst/n646 (net)            5       0.0231              0.0000     4.5106 f
  ofmap_deaggregator_inst/U575/C (sky130_fd_sc_hd__nor3_1)        0.1102    0.0001 *   4.5107 f
  ofmap_deaggregator_inst/U575/Y (sky130_fd_sc_hd__nor3_1)        0.4413    0.3657     4.8764 r
  ofmap_deaggregator_inst/n1432 (net)           4       0.0138              0.0000     4.8764 r
  ofmap_deaggregator_inst/U577/A1 (sky130_fd_sc_hd__a21oi_1)      0.4413    0.0000 *   4.8764 r
  ofmap_deaggregator_inst/U577/Y (sky130_fd_sc_hd__a21oi_1)       0.1549    0.1922     5.0686 f
  ofmap_deaggregator_inst/n509 (net)            2       0.0104              0.0000     5.0686 f
  ofmap_deaggregator_inst/U635/A (sky130_fd_sc_hd__nor2_4)        0.1549    0.0000 *   5.0687 f
  ofmap_deaggregator_inst/U635/Y (sky130_fd_sc_hd__nor2_4)        0.6334    0.5557     5.6243 r
  ofmap_deaggregator_inst/n510 (net)           33       0.1046              0.0000     5.6243 r
  ofmap_deaggregator_inst/U1244/C1 (sky130_fd_sc_hd__a222oi_1)    0.6334    0.0005 *   5.6249 r
  ofmap_deaggregator_inst/U1244/Y (sky130_fd_sc_hd__a222oi_1)     0.1942    0.1916     5.8165 f
  ofmap_deaggregator_inst/n844 (net)            1       0.0064              0.0000     5.8165 f
  ofmap_deaggregator_inst/U1245/A (sky130_fd_sc_hd__inv_1)        0.1942    0.0000 *   5.8165 f
  ofmap_deaggregator_inst/U1245/Y (sky130_fd_sc_hd__inv_1)        0.0608    0.0910     5.9075 r
  ofmap_deaggregator_inst/instantiate_fifos_7__fifo_inst_fifo_inst_N155 (net)     1   0.0024   0.0000   5.9075 r
  ofmap_deaggregator_inst/instantiate_fifos_7__fifo_inst_fifo_inst_D_OUT_reg_24_/D (sky130_fd_sc_hd__dfxtp_1)   0.0608   0.0000 *   5.9075 r
  data arrival time                                                                    5.9075

  clock ideal_clock (rise edge)                                             6.0000     6.0000
  clock network delay (ideal)                                               0.0000     6.0000
  ofmap_deaggregator_inst/instantiate_fifos_7__fifo_inst_fifo_inst_D_OUT_reg_24_/CLK (sky130_fd_sc_hd__dfxtp_1)   0.0000   6.0000 r
  library setup time                                                       -0.0641     5.9359
  data required time                                                                   5.9359
  -------------------------------------------------------------------------------------------------------------------
  data required time                                                                   5.9359
  data arrival time                                                                   -5.9075
  -------------------------------------------------------------------------------------------------------------------
  slack (MET)                                                                          0.0284


  Startpoint: rst_n (input port clocked by ideal_clock)
  Endpoint: systolic_array_with_skew_inst_systolic_array_inst/row_0__col_5__mac_inst_weight_r_reg_4_
            (rising edge-triggered flip-flop clocked by ideal_clock)
  Path Group: REGIN
  Path Type: max

Attributes:
    d - dont_touch
    u - dont_use
   mo - map_only
   so - size_only
    i - ideal_net or ideal_network
  inf - infeasible path

  Point                                       Fanout       Cap     Trans      Incr       Path      Attributes
  -------------------------------------------------------------------------------------------------------------------
  clock ideal_clock (rise edge)                                             0.0000     0.0000
  clock network delay (ideal)                                               0.0000     0.0000
  input external delay                                                      3.0000     3.0000 r
  rst_n (in)                                                      0.3552    0.2425     3.2425 r
  rst_n (net)                                   3       0.0774              0.0000     3.2425 r
  U5637/A (sky130_fd_sc_hd__buf_6)                                0.3552    0.0125 *   3.2550 r
  U5637/X (sky130_fd_sc_hd__buf_6)                                0.5890    0.5534     3.8084 r
  n24715 (net)                                 15       0.3039              0.0000     3.8084 r
  U5652/A (sky130_fd_sc_hd__buf_2)                                0.5890    0.0384 *   3.8468 r
  U5652/X (sky130_fd_sc_hd__buf_2)                                1.1250    0.9763     4.8231 r
  n24724 (net)                                 51       0.2350              0.0000     4.8231 r
  systolic_array_with_skew_inst_systolic_array_inst/IN161 (conv_systolic_array_IFMAP_WIDTH8_WEIGHT_WIDTH8_OFMAP_WIDTH32_ARRAY_HEIGHT16_ARRAY_WIDTH16_0)   0.0000   4.8231 r
  systolic_array_with_skew_inst_systolic_array_inst/IN161 (net)   0.2350    0.0000     4.8231 r
  systolic_array_with_skew_inst_systolic_array_inst/U11064/A (sky130_fd_sc_hd__buf_1)   1.1250   0.0084 *   4.8315 r
  systolic_array_with_skew_inst_systolic_array_inst/U11064/X (sky130_fd_sc_hd__buf_1)   0.4575   0.4424   5.2739 r
  systolic_array_with_skew_inst_systolic_array_inst/n77330 (net)    11   0.0388   0.0000   5.2739 r
  systolic_array_with_skew_inst_systolic_array_inst/U704/B (sky130_fd_sc_hd__nand2_1)   0.4575   0.0006 *   5.2745 r
  systolic_array_with_skew_inst_systolic_array_inst/U704/Y (sky130_fd_sc_hd__nand2_1)   0.2535   0.2934   5.5678 f
  systolic_array_with_skew_inst_systolic_array_inst/n651 (net)     1   0.0275   0.0000   5.5678 f
  systolic_array_with_skew_inst_systolic_array_inst/U29106/A (sky130_fd_sc_hd__inv_6)   0.2535   0.0016 *   5.5694 f
  systolic_array_with_skew_inst_systolic_array_inst/U29106/Y (sky130_fd_sc_hd__inv_6)   0.2455   0.2895   5.8589 r
  systolic_array_with_skew_inst_systolic_array_inst/n100088 (net)    16   0.1189   0.0000   5.8589 r
  systolic_array_with_skew_inst_systolic_array_inst/row_0__col_5__mac_inst_weight_r_reg_4_/D (sky130_fd_sc_hd__dfxtp_1)   0.2455   0.0055 *   5.8644 r
  data arrival time                                                                    5.8644

  clock ideal_clock (rise edge)                                             6.0000     6.0000
  clock network delay (ideal)                                               0.0000     6.0000
  systolic_array_with_skew_inst_systolic_array_inst/row_0__col_5__mac_inst_weight_r_reg_4_/CLK (sky130_fd_sc_hd__dfxtp_1)   0.0000   6.0000 r
  library setup time                                                       -0.1072     5.8928
  data required time                                                                   5.8928
  -------------------------------------------------------------------------------------------------------------------
  data required time                                                                   5.8928
  data arrival time                                                                   -5.8644
  -------------------------------------------------------------------------------------------------------------------
  slack (MET)                                                                          0.0284


  Startpoint: rst_n (input port clocked by ideal_clock)
  Endpoint: systolic_array_with_skew_inst_systolic_array_inst/row_0__col_7__mac_inst_weight_r_reg_4_
            (rising edge-triggered flip-flop clocked by ideal_clock)
  Path Group: REGIN
  Path Type: max

Attributes:
    d - dont_touch
    u - dont_use
   mo - map_only
   so - size_only
    i - ideal_net or ideal_network
  inf - infeasible path

  Point                                       Fanout       Cap     Trans      Incr       Path      Attributes
  -------------------------------------------------------------------------------------------------------------------
  clock ideal_clock (rise edge)                                             0.0000     0.0000
  clock network delay (ideal)                                               0.0000     0.0000
  input external delay                                                      3.0000     3.0000 r
  rst_n (in)                                                      0.3552    0.2425     3.2425 r
  rst_n (net)                                   3       0.0774              0.0000     3.2425 r
  U5637/A (sky130_fd_sc_hd__buf_6)                                0.3552    0.0125 *   3.2550 r
  U5637/X (sky130_fd_sc_hd__buf_6)                                0.5890    0.5534     3.8084 r
  n24715 (net)                                 15       0.3039              0.0000     3.8084 r
  U5652/A (sky130_fd_sc_hd__buf_2)                                0.5890    0.0384 *   3.8468 r
  U5652/X (sky130_fd_sc_hd__buf_2)                                1.1250    0.9763     4.8231 r
  n24724 (net)                                 51       0.2350              0.0000     4.8231 r
  systolic_array_with_skew_inst_systolic_array_inst/IN161 (conv_systolic_array_IFMAP_WIDTH8_WEIGHT_WIDTH8_OFMAP_WIDTH32_ARRAY_HEIGHT16_ARRAY_WIDTH16_0)   0.0000   4.8231 r
  systolic_array_with_skew_inst_systolic_array_inst/IN161 (net)   0.2350    0.0000     4.8231 r
  systolic_array_with_skew_inst_systolic_array_inst/U11064/A (sky130_fd_sc_hd__buf_1)   1.1250   0.0084 *   4.8315 r
  systolic_array_with_skew_inst_systolic_array_inst/U11064/X (sky130_fd_sc_hd__buf_1)   0.4575   0.4424   5.2739 r
  systolic_array_with_skew_inst_systolic_array_inst/n77330 (net)    11   0.0388   0.0000   5.2739 r
  systolic_array_with_skew_inst_systolic_array_inst/U704/B (sky130_fd_sc_hd__nand2_1)   0.4575   0.0006 *   5.2745 r
  systolic_array_with_skew_inst_systolic_array_inst/U704/Y (sky130_fd_sc_hd__nand2_1)   0.2535   0.2934   5.5678 f
  systolic_array_with_skew_inst_systolic_array_inst/n651 (net)     1   0.0275   0.0000   5.5678 f
  systolic_array_with_skew_inst_systolic_array_inst/U29106/A (sky130_fd_sc_hd__inv_6)   0.2535   0.0016 *   5.5694 f
  systolic_array_with_skew_inst_systolic_array_inst/U29106/Y (sky130_fd_sc_hd__inv_6)   0.2455   0.2895   5.8589 r
  systolic_array_with_skew_inst_systolic_array_inst/n100088 (net)    16   0.1189   0.0000   5.8589 r
  systolic_array_with_skew_inst_systolic_array_inst/row_0__col_7__mac_inst_weight_r_reg_4_/D (sky130_fd_sc_hd__dfxtp_1)   0.2455   0.0055 *   5.8643 r
  data arrival time                                                                    5.8643

  clock ideal_clock (rise edge)                                             6.0000     6.0000
  clock network delay (ideal)                                               0.0000     6.0000
  systolic_array_with_skew_inst_systolic_array_inst/row_0__col_7__mac_inst_weight_r_reg_4_/CLK (sky130_fd_sc_hd__dfxtp_1)   0.0000   6.0000 r
  library setup time                                                       -0.1072     5.8928
  data required time                                                                   5.8928
  -------------------------------------------------------------------------------------------------------------------
  data required time                                                                   5.8928
  data arrival time                                                                   -5.8643
  -------------------------------------------------------------------------------------------------------------------
  slack (MET)                                                                          0.0285


  Startpoint: ofmap_fifo_inst_fifo_inst_hasodata_reg
              (rising edge-triggered flip-flop clocked by ideal_clock)
  Endpoint: ofmap_vld (output port clocked by ideal_clock)
  Path Group: REGOUT
  Path Type: max

Attributes:
    d - dont_touch
    u - dont_use
   mo - map_only
   so - size_only
    i - ideal_net or ideal_network
  inf - infeasible path

  Point                                       Fanout       Cap     Trans      Incr       Path      Attributes
  -------------------------------------------------------------------------------------------------------------------
  clock ideal_clock (rise edge)                                             0.0000     0.0000
  clock network delay (ideal)                                               0.0000     0.0000
  ofmap_fifo_inst_fifo_inst_hasodata_reg/CLK (sky130_fd_sc_hd__dfxtp_1)   0.0000   0.0000 #   0.0000 r
  ofmap_fifo_inst_fifo_inst_hasodata_reg/Q (sky130_fd_sc_hd__dfxtp_1)   0.3311   0.4906   0.4906 r
  ofmap_vld (net)                               3       0.0349              0.0000     0.4906 r
  ofmap_vld (out)                                                 0.3311    0.0014 *   0.4920 r
  data arrival time                                                                    0.4920

  clock ideal_clock (rise edge)                                             6.0000     6.0000
  clock network delay (ideal)                                               0.0000     6.0000
  output external delay                                                     0.0000     6.0000
  data required time                                                                   6.0000
  -------------------------------------------------------------------------------------------------------------------
  data required time                                                                   6.0000
  data arrival time                                                                   -0.4920
  -------------------------------------------------------------------------------------------------------------------
  slack (MET)                                                                          5.5080


  Startpoint: params_fifo_inst_fifo_inst_not_ring_full_reg
              (rising edge-triggered flip-flop clocked by ideal_clock)
  Endpoint: config_rdy (output port clocked by ideal_clock)
  Path Group: REGOUT
  Path Type: max

Attributes:
    d - dont_touch
    u - dont_use
   mo - map_only
   so - size_only
    i - ideal_net or ideal_network
  inf - infeasible path

  Point                                       Fanout       Cap     Trans      Incr       Path      Attributes
  -------------------------------------------------------------------------------------------------------------------
  clock ideal_clock (rise edge)                                             0.0000     0.0000
  clock network delay (ideal)                                               0.0000     0.0000
  params_fifo_inst_fifo_inst_not_ring_full_reg/CLK (sky130_fd_sc_hd__dfxtp_1)   0.0000   0.0000 #   0.0000 r
  params_fifo_inst_fifo_inst_not_ring_full_reg/Q (sky130_fd_sc_hd__dfxtp_1)   0.2348   0.4228   0.4228 r
  config_rdy (net)                              3       0.0243              0.0000     0.4228 r
  config_rdy (out)                                                0.2348    0.0002 *   0.4231 r
  data arrival time                                                                    0.4231

  clock ideal_clock (rise edge)                                             6.0000     6.0000
  clock network delay (ideal)                                               0.0000     6.0000
  output external delay                                                     0.0000     6.0000
  data required time                                                                   6.0000
  -------------------------------------------------------------------------------------------------------------------
  data required time                                                                   6.0000
  data arrival time                                                                   -0.4231
  -------------------------------------------------------------------------------------------------------------------
  slack (MET)                                                                          5.5769


  Startpoint: ofmap_fifo_inst_fifo_inst_hasodata_reg
              (rising edge-triggered flip-flop clocked by ideal_clock)
  Endpoint: ofmap_vld (output port clocked by ideal_clock)
  Path Group: REGOUT
  Path Type: max

Attributes:
    d - dont_touch
    u - dont_use
   mo - map_only
   so - size_only
    i - ideal_net or ideal_network
  inf - infeasible path

  Point                                       Fanout       Cap     Trans      Incr       Path      Attributes
  -------------------------------------------------------------------------------------------------------------------
  clock ideal_clock (rise edge)                                             0.0000     0.0000
  clock network delay (ideal)                                               0.0000     0.0000
  ofmap_fifo_inst_fifo_inst_hasodata_reg/CLK (sky130_fd_sc_hd__dfxtp_1)   0.0000   0.0000 #   0.0000 r
  ofmap_fifo_inst_fifo_inst_hasodata_reg/Q (sky130_fd_sc_hd__dfxtp_1)   0.1625   0.3880   0.3880 f
  ofmap_vld (net)                               3       0.0345              0.0000     0.3880 f
  ofmap_vld (out)                                                 0.1625    0.0014 *   0.3894 f
  data arrival time                                                                    0.3894

  clock ideal_clock (rise edge)                                             6.0000     6.0000
  clock network delay (ideal)                                               0.0000     6.0000
  output external delay                                                     0.0000     6.0000
  data required time                                                                   6.0000
  -------------------------------------------------------------------------------------------------------------------
  data required time                                                                   6.0000
  data arrival time                                                                   -0.3894
  -------------------------------------------------------------------------------------------------------------------
  slack (MET)                                                                          5.6106


  Startpoint: ofmap_fifo_inst_fifo_inst_D_OUT_reg_2_
              (rising edge-triggered flip-flop clocked by ideal_clock)
  Endpoint: ofmap_data[2]
            (output port clocked by ideal_clock)
  Path Group: REGOUT
  Path Type: max

Attributes:
    d - dont_touch
    u - dont_use
   mo - map_only
   so - size_only
    i - ideal_net or ideal_network
  inf - infeasible path

  Point                                       Fanout       Cap     Trans      Incr       Path      Attributes
  -------------------------------------------------------------------------------------------------------------------
  clock ideal_clock (rise edge)                                             0.0000     0.0000
  clock network delay (ideal)                                               0.0000     0.0000
  ofmap_fifo_inst_fifo_inst_D_OUT_reg_2_/CLK (sky130_fd_sc_hd__dfxtp_1)   0.0000   0.0000   0.0000 r
  ofmap_fifo_inst_fifo_inst_D_OUT_reg_2_/Q (sky130_fd_sc_hd__dfxtp_1)   0.1520   0.3640   0.3640 r
  ofmap_data[2] (net)                           1       0.0152              0.0000     0.3640 r
  ofmap_data[2] (out)                                             0.1520    0.0002 *   0.3642 r
  data arrival time                                                                    0.3642

  clock ideal_clock (rise edge)                                             6.0000     6.0000
  clock network delay (ideal)                                               0.0000     6.0000
  output external delay                                                     0.0000     6.0000
  data required time                                                                   6.0000
  -------------------------------------------------------------------------------------------------------------------
  data required time                                                                   6.0000
  data arrival time                                                                   -0.3642
  -------------------------------------------------------------------------------------------------------------------
  slack (MET)                                                                          5.6358


  Startpoint: ofmap_fifo_inst_fifo_inst_D_OUT_reg_3_
              (rising edge-triggered flip-flop clocked by ideal_clock)
  Endpoint: ofmap_data[3]
            (output port clocked by ideal_clock)
  Path Group: REGOUT
  Path Type: max

Attributes:
    d - dont_touch
    u - dont_use
   mo - map_only
   so - size_only
    i - ideal_net or ideal_network
  inf - infeasible path

  Point                                       Fanout       Cap     Trans      Incr       Path      Attributes
  -------------------------------------------------------------------------------------------------------------------
  clock ideal_clock (rise edge)                                             0.0000     0.0000
  clock network delay (ideal)                                               0.0000     0.0000
  ofmap_fifo_inst_fifo_inst_D_OUT_reg_3_/CLK (sky130_fd_sc_hd__dfxtp_1)   0.0000   0.0000   0.0000 r
  ofmap_fifo_inst_fifo_inst_D_OUT_reg_3_/Q (sky130_fd_sc_hd__dfxtp_1)   0.1515   0.3636   0.3636 r
  ofmap_data[3] (net)                           1       0.0151              0.0000     0.3636 r
  ofmap_data[3] (out)                                             0.1515    0.0002 *   0.3638 r
  data arrival time                                                                    0.3638

  clock ideal_clock (rise edge)                                             6.0000     6.0000
  clock network delay (ideal)                                               0.0000     6.0000
  output external delay                                                     0.0000     6.0000
  data required time                                                                   6.0000
  -------------------------------------------------------------------------------------------------------------------
  data required time                                                                   6.0000
  data arrival time                                                                   -0.3638
  -------------------------------------------------------------------------------------------------------------------
  slack (MET)                                                                          5.6362


  Startpoint: ofmap_fifo_inst_fifo_inst_D_OUT_reg_6_
              (rising edge-triggered flip-flop clocked by ideal_clock)
  Endpoint: ofmap_data[6]
            (output port clocked by ideal_clock)
  Path Group: REGOUT
  Path Type: max

Attributes:
    d - dont_touch
    u - dont_use
   mo - map_only
   so - size_only
    i - ideal_net or ideal_network
  inf - infeasible path

  Point                                       Fanout       Cap     Trans      Incr       Path      Attributes
  -------------------------------------------------------------------------------------------------------------------
  clock ideal_clock (rise edge)                                             0.0000     0.0000
  clock network delay (ideal)                                               0.0000     0.0000
  ofmap_fifo_inst_fifo_inst_D_OUT_reg_6_/CLK (sky130_fd_sc_hd__dfxtp_1)   0.0000   0.0000   0.0000 r
  ofmap_fifo_inst_fifo_inst_D_OUT_reg_6_/Q (sky130_fd_sc_hd__dfxtp_1)   0.1497   0.3623   0.3623 r
  ofmap_data[6] (net)                           1       0.0149              0.0000     0.3623 r
  ofmap_data[6] (out)                                             0.1497    0.0001 *   0.3625 r
  data arrival time                                                                    0.3625

  clock ideal_clock (rise edge)                                             6.0000     6.0000
  clock network delay (ideal)                                               0.0000     6.0000
  output external delay                                                     0.0000     6.0000
  data required time                                                                   6.0000
  -------------------------------------------------------------------------------------------------------------------
  data required time                                                                   6.0000
  data arrival time                                                                   -0.3625
  -------------------------------------------------------------------------------------------------------------------
  slack (MET)                                                                          5.6375


  Startpoint: ofmap_fifo_inst_fifo_inst_D_OUT_reg_15_
              (rising edge-triggered flip-flop clocked by ideal_clock)
  Endpoint: ofmap_data[15]
            (output port clocked by ideal_clock)
  Path Group: REGOUT
  Path Type: max

Attributes:
    d - dont_touch
    u - dont_use
   mo - map_only
   so - size_only
    i - ideal_net or ideal_network
  inf - infeasible path

  Point                                       Fanout       Cap     Trans      Incr       Path      Attributes
  -------------------------------------------------------------------------------------------------------------------
  clock ideal_clock (rise edge)                                             0.0000     0.0000
  clock network delay (ideal)                                               0.0000     0.0000
  ofmap_fifo_inst_fifo_inst_D_OUT_reg_15_/CLK (sky130_fd_sc_hd__dfxtp_1)   0.0000   0.0000   0.0000 r
  ofmap_fifo_inst_fifo_inst_D_OUT_reg_15_/Q (sky130_fd_sc_hd__dfxtp_1)   0.1477   0.3609   0.3609 r
  ofmap_data[15] (net)                          1       0.0147              0.0000     0.3609 r
  ofmap_data[15] (out)                                            0.1477    0.0001 *   0.3610 r
  data arrival time                                                                    0.3610

  clock ideal_clock (rise edge)                                             6.0000     6.0000
  clock network delay (ideal)                                               0.0000     6.0000
  output external delay                                                     0.0000     6.0000
  data required time                                                                   6.0000
  -------------------------------------------------------------------------------------------------------------------
  data required time                                                                   6.0000
  data arrival time                                                                   -0.3610
  -------------------------------------------------------------------------------------------------------------------
  slack (MET)                                                                          5.6390


  Startpoint: ofmap_fifo_inst_fifo_inst_D_OUT_reg_23_
              (rising edge-triggered flip-flop clocked by ideal_clock)
  Endpoint: ofmap_data[23]
            (output port clocked by ideal_clock)
  Path Group: REGOUT
  Path Type: max

Attributes:
    d - dont_touch
    u - dont_use
   mo - map_only
   so - size_only
    i - ideal_net or ideal_network
  inf - infeasible path

  Point                                       Fanout       Cap     Trans      Incr       Path      Attributes
  -------------------------------------------------------------------------------------------------------------------
  clock ideal_clock (rise edge)                                             0.0000     0.0000
  clock network delay (ideal)                                               0.0000     0.0000
  ofmap_fifo_inst_fifo_inst_D_OUT_reg_23_/CLK (sky130_fd_sc_hd__dfxtp_1)   0.0000   0.0000   0.0000 r
  ofmap_fifo_inst_fifo_inst_D_OUT_reg_23_/Q (sky130_fd_sc_hd__dfxtp_1)   0.1474   0.3607   0.3607 r
  ofmap_data[23] (net)                          1       0.0146              0.0000     0.3607 r
  ofmap_data[23] (out)                                            0.1474    0.0002 *   0.3609 r
  data arrival time                                                                    0.3609

  clock ideal_clock (rise edge)                                             6.0000     6.0000
  clock network delay (ideal)                                               0.0000     6.0000
  output external delay                                                     0.0000     6.0000
  data required time                                                                   6.0000
  -------------------------------------------------------------------------------------------------------------------
  data required time                                                                   6.0000
  data arrival time                                                                   -0.3609
  -------------------------------------------------------------------------------------------------------------------
  slack (MET)                                                                          5.6391


  Startpoint: ofmap_fifo_inst_fifo_inst_D_OUT_reg_0_
              (rising edge-triggered flip-flop clocked by ideal_clock)
  Endpoint: ofmap_data[0]
            (output port clocked by ideal_clock)
  Path Group: REGOUT
  Path Type: max

Attributes:
    d - dont_touch
    u - dont_use
   mo - map_only
   so - size_only
    i - ideal_net or ideal_network
  inf - infeasible path

  Point                                       Fanout       Cap     Trans      Incr       Path      Attributes
  -------------------------------------------------------------------------------------------------------------------
  clock ideal_clock (rise edge)                                             0.0000     0.0000
  clock network delay (ideal)                                               0.0000     0.0000
  ofmap_fifo_inst_fifo_inst_D_OUT_reg_0_/CLK (sky130_fd_sc_hd__dfxtp_1)   0.0000   0.0000   0.0000 r
  ofmap_fifo_inst_fifo_inst_D_OUT_reg_0_/Q (sky130_fd_sc_hd__dfxtp_1)   0.1462   0.3598   0.3598 r
  ofmap_data[0] (net)                           1       0.0145              0.0000     0.3598 r
  ofmap_data[0] (out)                                             0.1462    0.0002 *   0.3600 r
  data arrival time                                                                    0.3600

  clock ideal_clock (rise edge)                                             6.0000     6.0000
  clock network delay (ideal)                                               0.0000     6.0000
  output external delay                                                     0.0000     6.0000
  data required time                                                                   6.0000
  -------------------------------------------------------------------------------------------------------------------
  data required time                                                                   6.0000
  data arrival time                                                                   -0.3600
  -------------------------------------------------------------------------------------------------------------------
  slack (MET)                                                                          5.6400


  Startpoint: ofmap_fifo_inst_fifo_inst_D_OUT_reg_1_
              (rising edge-triggered flip-flop clocked by ideal_clock)
  Endpoint: ofmap_data[1]
            (output port clocked by ideal_clock)
  Path Group: REGOUT
  Path Type: max

Attributes:
    d - dont_touch
    u - dont_use
   mo - map_only
   so - size_only
    i - ideal_net or ideal_network
  inf - infeasible path

  Point                                       Fanout       Cap     Trans      Incr       Path      Attributes
  -------------------------------------------------------------------------------------------------------------------
  clock ideal_clock (rise edge)                                             0.0000     0.0000
  clock network delay (ideal)                                               0.0000     0.0000
  ofmap_fifo_inst_fifo_inst_D_OUT_reg_1_/CLK (sky130_fd_sc_hd__dfxtp_1)   0.0000   0.0000   0.0000 r
  ofmap_fifo_inst_fifo_inst_D_OUT_reg_1_/Q (sky130_fd_sc_hd__dfxtp_1)   0.1456   0.3594   0.3594 r
  ofmap_data[1] (net)                           1       0.0145              0.0000     0.3594 r
  ofmap_data[1] (out)                                             0.1456    0.0002 *   0.3596 r
  data arrival time                                                                    0.3596

  clock ideal_clock (rise edge)                                             6.0000     6.0000
  clock network delay (ideal)                                               0.0000     6.0000
  output external delay                                                     0.0000     6.0000
  data required time                                                                   6.0000
  -------------------------------------------------------------------------------------------------------------------
  data required time                                                                   6.0000
  data arrival time                                                                   -0.3596
  -------------------------------------------------------------------------------------------------------------------
  slack (MET)                                                                          5.6404


  Startpoint: ofmap_fifo_inst_fifo_inst_D_OUT_reg_12_
              (rising edge-triggered flip-flop clocked by ideal_clock)
  Endpoint: ofmap_data[12]
            (output port clocked by ideal_clock)
  Path Group: REGOUT
  Path Type: max

Attributes:
    d - dont_touch
    u - dont_use
   mo - map_only
   so - size_only
    i - ideal_net or ideal_network
  inf - infeasible path

  Point                                       Fanout       Cap     Trans      Incr       Path      Attributes
  -------------------------------------------------------------------------------------------------------------------
  clock ideal_clock (rise edge)                                             0.0000     0.0000
  clock network delay (ideal)                                               0.0000     0.0000
  ofmap_fifo_inst_fifo_inst_D_OUT_reg_12_/CLK (sky130_fd_sc_hd__dfxtp_1)   0.0000   0.0000   0.0000 r
  ofmap_fifo_inst_fifo_inst_D_OUT_reg_12_/Q (sky130_fd_sc_hd__dfxtp_1)   0.1453   0.3592   0.3592 r
  ofmap_data[12] (net)                          1       0.0144              0.0000     0.3592 r
  ofmap_data[12] (out)                                            0.1453    0.0002 *   0.3594 r
  data arrival time                                                                    0.3594

  clock ideal_clock (rise edge)                                             6.0000     6.0000
  clock network delay (ideal)                                               0.0000     6.0000
  output external delay                                                     0.0000     6.0000
  data required time                                                                   6.0000
  -------------------------------------------------------------------------------------------------------------------
  data required time                                                                   6.0000
  data arrival time                                                                   -0.3594
  -------------------------------------------------------------------------------------------------------------------
  slack (MET)                                                                          5.6406


  Startpoint: ofmap_fifo_inst_fifo_inst_D_OUT_reg_17_
              (rising edge-triggered flip-flop clocked by ideal_clock)
  Endpoint: ofmap_data[17]
            (output port clocked by ideal_clock)
  Path Group: REGOUT
  Path Type: max

Attributes:
    d - dont_touch
    u - dont_use
   mo - map_only
   so - size_only
    i - ideal_net or ideal_network
  inf - infeasible path

  Point                                       Fanout       Cap     Trans      Incr       Path      Attributes
  -------------------------------------------------------------------------------------------------------------------
  clock ideal_clock (rise edge)                                             0.0000     0.0000
  clock network delay (ideal)                                               0.0000     0.0000
  ofmap_fifo_inst_fifo_inst_D_OUT_reg_17_/CLK (sky130_fd_sc_hd__dfxtp_1)   0.0000   0.0000   0.0000 r
  ofmap_fifo_inst_fifo_inst_D_OUT_reg_17_/Q (sky130_fd_sc_hd__dfxtp_1)   0.1453   0.3592   0.3592 r
  ofmap_data[17] (net)                          1       0.0144              0.0000     0.3592 r
  ofmap_data[17] (out)                                            0.1453    0.0001 *   0.3593 r
  data arrival time                                                                    0.3593

  clock ideal_clock (rise edge)                                             6.0000     6.0000
  clock network delay (ideal)                                               0.0000     6.0000
  output external delay                                                     0.0000     6.0000
  data required time                                                                   6.0000
  -------------------------------------------------------------------------------------------------------------------
  data required time                                                                   6.0000
  data arrival time                                                                   -0.3593
  -------------------------------------------------------------------------------------------------------------------
  slack (MET)                                                                          5.6407


  Startpoint: ofmap_fifo_inst_fifo_inst_D_OUT_reg_24_
              (rising edge-triggered flip-flop clocked by ideal_clock)
  Endpoint: ofmap_data[24]
            (output port clocked by ideal_clock)
  Path Group: REGOUT
  Path Type: max

Attributes:
    d - dont_touch
    u - dont_use
   mo - map_only
   so - size_only
    i - ideal_net or ideal_network
  inf - infeasible path

  Point                                       Fanout       Cap     Trans      Incr       Path      Attributes
  -------------------------------------------------------------------------------------------------------------------
  clock ideal_clock (rise edge)                                             0.0000     0.0000
  clock network delay (ideal)                                               0.0000     0.0000
  ofmap_fifo_inst_fifo_inst_D_OUT_reg_24_/CLK (sky130_fd_sc_hd__dfxtp_1)   0.0000   0.0000   0.0000 r
  ofmap_fifo_inst_fifo_inst_D_OUT_reg_24_/Q (sky130_fd_sc_hd__dfxtp_1)   0.1438   0.3581   0.3581 r
  ofmap_data[24] (net)                          1       0.0143              0.0000     0.3581 r
  ofmap_data[24] (out)                                            0.1438    0.0002 *   0.3583 r
  data arrival time                                                                    0.3583

  clock ideal_clock (rise edge)                                             6.0000     6.0000
  clock network delay (ideal)                                               0.0000     6.0000
  output external delay                                                     0.0000     6.0000
  data required time                                                                   6.0000
  -------------------------------------------------------------------------------------------------------------------
  data required time                                                                   6.0000
  data arrival time                                                                   -0.3583
  -------------------------------------------------------------------------------------------------------------------
  slack (MET)                                                                          5.6417


  Startpoint: ofmap_fifo_inst_fifo_inst_D_OUT_reg_5_
              (rising edge-triggered flip-flop clocked by ideal_clock)
  Endpoint: ofmap_data[5]
            (output port clocked by ideal_clock)
  Path Group: REGOUT
  Path Type: max

Attributes:
    d - dont_touch
    u - dont_use
   mo - map_only
   so - size_only
    i - ideal_net or ideal_network
  inf - infeasible path

  Point                                       Fanout       Cap     Trans      Incr       Path      Attributes
  -------------------------------------------------------------------------------------------------------------------
  clock ideal_clock (rise edge)                                             0.0000     0.0000
  clock network delay (ideal)                                               0.0000     0.0000
  ofmap_fifo_inst_fifo_inst_D_OUT_reg_5_/CLK (sky130_fd_sc_hd__dfxtp_1)   0.0000   0.0000   0.0000 r
  ofmap_fifo_inst_fifo_inst_D_OUT_reg_5_/Q (sky130_fd_sc_hd__dfxtp_1)   0.1424   0.3571   0.3571 r
  ofmap_data[5] (net)                           1       0.0141              0.0000     0.3571 r
  ofmap_data[5] (out)                                             0.1424    0.0001 *   0.3573 r
  data arrival time                                                                    0.3573

  clock ideal_clock (rise edge)                                             6.0000     6.0000
  clock network delay (ideal)                                               0.0000     6.0000
  output external delay                                                     0.0000     6.0000
  data required time                                                                   6.0000
  -------------------------------------------------------------------------------------------------------------------
  data required time                                                                   6.0000
  data arrival time                                                                   -0.3573
  -------------------------------------------------------------------------------------------------------------------
  slack (MET)                                                                          5.6427


  Startpoint: ofmap_fifo_inst_fifo_inst_D_OUT_reg_7_
              (rising edge-triggered flip-flop clocked by ideal_clock)
  Endpoint: ofmap_data[7]
            (output port clocked by ideal_clock)
  Path Group: REGOUT
  Path Type: max

Attributes:
    d - dont_touch
    u - dont_use
   mo - map_only
   so - size_only
    i - ideal_net or ideal_network
  inf - infeasible path

  Point                                       Fanout       Cap     Trans      Incr       Path      Attributes
  -------------------------------------------------------------------------------------------------------------------
  clock ideal_clock (rise edge)                                             0.0000     0.0000
  clock network delay (ideal)                                               0.0000     0.0000
  ofmap_fifo_inst_fifo_inst_D_OUT_reg_7_/CLK (sky130_fd_sc_hd__dfxtp_1)   0.0000   0.0000   0.0000 r
  ofmap_fifo_inst_fifo_inst_D_OUT_reg_7_/Q (sky130_fd_sc_hd__dfxtp_1)   0.1414   0.3565   0.3565 r
  ofmap_data[7] (net)                           1       0.0140              0.0000     0.3565 r
  ofmap_data[7] (out)                                             0.1414    0.0002 *   0.3567 r
  data arrival time                                                                    0.3567

  clock ideal_clock (rise edge)                                             6.0000     6.0000
  clock network delay (ideal)                                               0.0000     6.0000
  output external delay                                                     0.0000     6.0000
  data required time                                                                   6.0000
  -------------------------------------------------------------------------------------------------------------------
  data required time                                                                   6.0000
  data arrival time                                                                   -0.3567
  -------------------------------------------------------------------------------------------------------------------
  slack (MET)                                                                          5.6433


  Startpoint: ofmap_fifo_inst_fifo_inst_D_OUT_reg_4_
              (rising edge-triggered flip-flop clocked by ideal_clock)
  Endpoint: ofmap_data[4]
            (output port clocked by ideal_clock)
  Path Group: REGOUT
  Path Type: max

Attributes:
    d - dont_touch
    u - dont_use
   mo - map_only
   so - size_only
    i - ideal_net or ideal_network
  inf - infeasible path

  Point                                       Fanout       Cap     Trans      Incr       Path      Attributes
  -------------------------------------------------------------------------------------------------------------------
  clock ideal_clock (rise edge)                                             0.0000     0.0000
  clock network delay (ideal)                                               0.0000     0.0000
  ofmap_fifo_inst_fifo_inst_D_OUT_reg_4_/CLK (sky130_fd_sc_hd__dfxtp_1)   0.0000   0.0000   0.0000 r
  ofmap_fifo_inst_fifo_inst_D_OUT_reg_4_/Q (sky130_fd_sc_hd__dfxtp_1)   0.1401   0.3555   0.3555 r
  ofmap_data[4] (net)                           1       0.0138              0.0000     0.3555 r
  ofmap_data[4] (out)                                             0.1401    0.0001 *   0.3556 r
  data arrival time                                                                    0.3556

  clock ideal_clock (rise edge)                                             6.0000     6.0000
  clock network delay (ideal)                                               0.0000     6.0000
  output external delay                                                     0.0000     6.0000
  data required time                                                                   6.0000
  -------------------------------------------------------------------------------------------------------------------
  data required time                                                                   6.0000
  data arrival time                                                                   -0.3556
  -------------------------------------------------------------------------------------------------------------------
  slack (MET)                                                                          5.6444


  Startpoint: ofmap_fifo_inst_fifo_inst_D_OUT_reg_13_
              (rising edge-triggered flip-flop clocked by ideal_clock)
  Endpoint: ofmap_data[13]
            (output port clocked by ideal_clock)
  Path Group: REGOUT
  Path Type: max

Attributes:
    d - dont_touch
    u - dont_use
   mo - map_only
   so - size_only
    i - ideal_net or ideal_network
  inf - infeasible path

  Point                                       Fanout       Cap     Trans      Incr       Path      Attributes
  -------------------------------------------------------------------------------------------------------------------
  clock ideal_clock (rise edge)                                             0.0000     0.0000
  clock network delay (ideal)                                               0.0000     0.0000
  ofmap_fifo_inst_fifo_inst_D_OUT_reg_13_/CLK (sky130_fd_sc_hd__dfxtp_1)   0.0000   0.0000   0.0000 r
  ofmap_fifo_inst_fifo_inst_D_OUT_reg_13_/Q (sky130_fd_sc_hd__dfxtp_1)   0.1400   0.3554   0.3554 r
  ofmap_data[13] (net)                          1       0.0138              0.0000     0.3554 r
  ofmap_data[13] (out)                                            0.1400    0.0001 *   0.3556 r
  data arrival time                                                                    0.3556

  clock ideal_clock (rise edge)                                             6.0000     6.0000
  clock network delay (ideal)                                               0.0000     6.0000
  output external delay                                                     0.0000     6.0000
  data required time                                                                   6.0000
  -------------------------------------------------------------------------------------------------------------------
  data required time                                                                   6.0000
  data arrival time                                                                   -0.3556
  -------------------------------------------------------------------------------------------------------------------
  slack (MET)                                                                          5.6444


  Startpoint: ofmap_fifo_inst_fifo_inst_D_OUT_reg_14_
              (rising edge-triggered flip-flop clocked by ideal_clock)
  Endpoint: ofmap_data[14]
            (output port clocked by ideal_clock)
  Path Group: REGOUT
  Path Type: max

Attributes:
    d - dont_touch
    u - dont_use
   mo - map_only
   so - size_only
    i - ideal_net or ideal_network
  inf - infeasible path

  Point                                       Fanout       Cap     Trans      Incr       Path      Attributes
  -------------------------------------------------------------------------------------------------------------------
  clock ideal_clock (rise edge)                                             0.0000     0.0000
  clock network delay (ideal)                                               0.0000     0.0000
  ofmap_fifo_inst_fifo_inst_D_OUT_reg_14_/CLK (sky130_fd_sc_hd__dfxtp_1)   0.0000   0.0000   0.0000 r
  ofmap_fifo_inst_fifo_inst_D_OUT_reg_14_/Q (sky130_fd_sc_hd__dfxtp_1)   0.1399   0.3553   0.3553 r
  ofmap_data[14] (net)                          1       0.0138              0.0000     0.3553 r
  ofmap_data[14] (out)                                            0.1399    0.0001 *   0.3554 r
  data arrival time                                                                    0.3554

  clock ideal_clock (rise edge)                                             6.0000     6.0000
  clock network delay (ideal)                                               0.0000     6.0000
  output external delay                                                     0.0000     6.0000
  data required time                                                                   6.0000
  -------------------------------------------------------------------------------------------------------------------
  data required time                                                                   6.0000
  data arrival time                                                                   -0.3554
  -------------------------------------------------------------------------------------------------------------------
  slack (MET)                                                                          5.6446


  Startpoint: ofmap_fifo_inst_fifo_inst_D_OUT_reg_25_
              (rising edge-triggered flip-flop clocked by ideal_clock)
  Endpoint: ofmap_data[25]
            (output port clocked by ideal_clock)
  Path Group: REGOUT
  Path Type: max

Attributes:
    d - dont_touch
    u - dont_use
   mo - map_only
   so - size_only
    i - ideal_net or ideal_network
  inf - infeasible path

  Point                                       Fanout       Cap     Trans      Incr       Path      Attributes
  -------------------------------------------------------------------------------------------------------------------
  clock ideal_clock (rise edge)                                             0.0000     0.0000
  clock network delay (ideal)                                               0.0000     0.0000
  ofmap_fifo_inst_fifo_inst_D_OUT_reg_25_/CLK (sky130_fd_sc_hd__dfxtp_1)   0.0000   0.0000   0.0000 r
  ofmap_fifo_inst_fifo_inst_D_OUT_reg_25_/Q (sky130_fd_sc_hd__dfxtp_1)   0.1389   0.3547   0.3547 r
  ofmap_data[25] (net)                          1       0.0137              0.0000     0.3547 r
  ofmap_data[25] (out)                                            0.1389    0.0002 *   0.3549 r
  data arrival time                                                                    0.3549

  clock ideal_clock (rise edge)                                             6.0000     6.0000
  clock network delay (ideal)                                               0.0000     6.0000
  output external delay                                                     0.0000     6.0000
  data required time                                                                   6.0000
  -------------------------------------------------------------------------------------------------------------------
  data required time                                                                   6.0000
  data arrival time                                                                   -0.3549
  -------------------------------------------------------------------------------------------------------------------
  slack (MET)                                                                          5.6451


  Startpoint: ofmap_fifo_inst_fifo_inst_D_OUT_reg_8_
              (rising edge-triggered flip-flop clocked by ideal_clock)
  Endpoint: ofmap_data[8]
            (output port clocked by ideal_clock)
  Path Group: REGOUT
  Path Type: max

Attributes:
    d - dont_touch
    u - dont_use
   mo - map_only
   so - size_only
    i - ideal_net or ideal_network
  inf - infeasible path

  Point                                       Fanout       Cap     Trans      Incr       Path      Attributes
  -------------------------------------------------------------------------------------------------------------------
  clock ideal_clock (rise edge)                                             0.0000     0.0000
  clock network delay (ideal)                                               0.0000     0.0000
  ofmap_fifo_inst_fifo_inst_D_OUT_reg_8_/CLK (sky130_fd_sc_hd__dfxtp_1)   0.0000   0.0000   0.0000 r
  ofmap_fifo_inst_fifo_inst_D_OUT_reg_8_/Q (sky130_fd_sc_hd__dfxtp_1)   0.1387   0.3545   0.3545 r
  ofmap_data[8] (net)                           1       0.0137              0.0000     0.3545 r
  ofmap_data[8] (out)                                             0.1387    0.0002 *   0.3547 r
  data arrival time                                                                    0.3547

  clock ideal_clock (rise edge)                                             6.0000     6.0000
  clock network delay (ideal)                                               0.0000     6.0000
  output external delay                                                     0.0000     6.0000
  data required time                                                                   6.0000
  -------------------------------------------------------------------------------------------------------------------
  data required time                                                                   6.0000
  data arrival time                                                                   -0.3547
  -------------------------------------------------------------------------------------------------------------------
  slack (MET)                                                                          5.6453


  Startpoint: ofmap_fifo_inst_fifo_inst_D_OUT_reg_11_
              (rising edge-triggered flip-flop clocked by ideal_clock)
  Endpoint: ofmap_data[11]
            (output port clocked by ideal_clock)
  Path Group: REGOUT
  Path Type: max

Attributes:
    d - dont_touch
    u - dont_use
   mo - map_only
   so - size_only
    i - ideal_net or ideal_network
  inf - infeasible path

  Point                                       Fanout       Cap     Trans      Incr       Path      Attributes
  -------------------------------------------------------------------------------------------------------------------
  clock ideal_clock (rise edge)                                             0.0000     0.0000
  clock network delay (ideal)                                               0.0000     0.0000
  ofmap_fifo_inst_fifo_inst_D_OUT_reg_11_/CLK (sky130_fd_sc_hd__dfxtp_1)   0.0000   0.0000   0.0000 r
  ofmap_fifo_inst_fifo_inst_D_OUT_reg_11_/Q (sky130_fd_sc_hd__dfxtp_1)   0.1375   0.3537   0.3537 r
  ofmap_data[11] (net)                          1       0.0136              0.0000     0.3537 r
  ofmap_data[11] (out)                                            0.1375    0.0001 *   0.3538 r
  data arrival time                                                                    0.3538

  clock ideal_clock (rise edge)                                             6.0000     6.0000
  clock network delay (ideal)                                               0.0000     6.0000
  output external delay                                                     0.0000     6.0000
  data required time                                                                   6.0000
  -------------------------------------------------------------------------------------------------------------------
  data required time                                                                   6.0000
  data arrival time                                                                   -0.3538
  -------------------------------------------------------------------------------------------------------------------
  slack (MET)                                                                          5.6462


  Startpoint: ofmap_fifo_inst_fifo_inst_D_OUT_reg_18_
              (rising edge-triggered flip-flop clocked by ideal_clock)
  Endpoint: ofmap_data[18]
            (output port clocked by ideal_clock)
  Path Group: REGOUT
  Path Type: max

Attributes:
    d - dont_touch
    u - dont_use
   mo - map_only
   so - size_only
    i - ideal_net or ideal_network
  inf - infeasible path

  Point                                       Fanout       Cap     Trans      Incr       Path      Attributes
  -------------------------------------------------------------------------------------------------------------------
  clock ideal_clock (rise edge)                                             0.0000     0.0000
  clock network delay (ideal)                                               0.0000     0.0000
  ofmap_fifo_inst_fifo_inst_D_OUT_reg_18_/CLK (sky130_fd_sc_hd__dfxtp_1)   0.0000   0.0000   0.0000 r
  ofmap_fifo_inst_fifo_inst_D_OUT_reg_18_/Q (sky130_fd_sc_hd__dfxtp_1)   0.1365   0.3529   0.3529 r
  ofmap_data[18] (net)                          1       0.0134              0.0000     0.3529 r
  ofmap_data[18] (out)                                            0.1365    0.0001 *   0.3530 r
  data arrival time                                                                    0.3530

  clock ideal_clock (rise edge)                                             6.0000     6.0000
  clock network delay (ideal)                                               0.0000     6.0000
  output external delay                                                     0.0000     6.0000
  data required time                                                                   6.0000
  -------------------------------------------------------------------------------------------------------------------
  data required time                                                                   6.0000
  data arrival time                                                                   -0.3530
  -------------------------------------------------------------------------------------------------------------------
  slack (MET)                                                                          5.6470


  Startpoint: ofmap_fifo_inst_fifo_inst_D_OUT_reg_21_
              (rising edge-triggered flip-flop clocked by ideal_clock)
  Endpoint: ofmap_data[21]
            (output port clocked by ideal_clock)
  Path Group: REGOUT
  Path Type: max

Attributes:
    d - dont_touch
    u - dont_use
   mo - map_only
   so - size_only
    i - ideal_net or ideal_network
  inf - infeasible path

  Point                                       Fanout       Cap     Trans      Incr       Path      Attributes
  -------------------------------------------------------------------------------------------------------------------
  clock ideal_clock (rise edge)                                             0.0000     0.0000
  clock network delay (ideal)                                               0.0000     0.0000
  ofmap_fifo_inst_fifo_inst_D_OUT_reg_21_/CLK (sky130_fd_sc_hd__dfxtp_1)   0.0000   0.0000   0.0000 r
  ofmap_fifo_inst_fifo_inst_D_OUT_reg_21_/Q (sky130_fd_sc_hd__dfxtp_1)   0.1356   0.3523   0.3523 r
  ofmap_data[21] (net)                          1       0.0133              0.0000     0.3523 r
  ofmap_data[21] (out)                                            0.1356    0.0002 *   0.3525 r
  data arrival time                                                                    0.3525

  clock ideal_clock (rise edge)                                             6.0000     6.0000
  clock network delay (ideal)                                               0.0000     6.0000
  output external delay                                                     0.0000     6.0000
  data required time                                                                   6.0000
  -------------------------------------------------------------------------------------------------------------------
  data required time                                                                   6.0000
  data arrival time                                                                   -0.3525
  -------------------------------------------------------------------------------------------------------------------
  slack (MET)                                                                          5.6475


  Startpoint: params_fifo_inst_fifo_inst_not_ring_full_reg
              (rising edge-triggered flip-flop clocked by ideal_clock)
  Endpoint: config_rdy (output port clocked by ideal_clock)
  Path Group: REGOUT
  Path Type: max

Attributes:
    d - dont_touch
    u - dont_use
   mo - map_only
   so - size_only
    i - ideal_net or ideal_network
  inf - infeasible path

  Point                                       Fanout       Cap     Trans      Incr       Path      Attributes
  -------------------------------------------------------------------------------------------------------------------
  clock ideal_clock (rise edge)                                             0.0000     0.0000
  clock network delay (ideal)                                               0.0000     0.0000
  params_fifo_inst_fifo_inst_not_ring_full_reg/CLK (sky130_fd_sc_hd__dfxtp_1)   0.0000   0.0000 #   0.0000 r
  params_fifo_inst_fifo_inst_not_ring_full_reg/Q (sky130_fd_sc_hd__dfxtp_1)   0.1151   0.3521   0.3521 f
  config_rdy (net)                              3       0.0238              0.0000     0.3521 f
  config_rdy (out)                                                0.1151    0.0002 *   0.3524 f
  data arrival time                                                                    0.3524

  clock ideal_clock (rise edge)                                             6.0000     6.0000
  clock network delay (ideal)                                               0.0000     6.0000
  output external delay                                                     0.0000     6.0000
  data required time                                                                   6.0000
  -------------------------------------------------------------------------------------------------------------------
  data required time                                                                   6.0000
  data arrival time                                                                   -0.3524
  -------------------------------------------------------------------------------------------------------------------
  slack (MET)                                                                          5.6476


  Startpoint: ofmap_fifo_inst_fifo_inst_D_OUT_reg_19_
              (rising edge-triggered flip-flop clocked by ideal_clock)
  Endpoint: ofmap_data[19]
            (output port clocked by ideal_clock)
  Path Group: REGOUT
  Path Type: max

Attributes:
    d - dont_touch
    u - dont_use
   mo - map_only
   so - size_only
    i - ideal_net or ideal_network
  inf - infeasible path

  Point                                       Fanout       Cap     Trans      Incr       Path      Attributes
  -------------------------------------------------------------------------------------------------------------------
  clock ideal_clock (rise edge)                                             0.0000     0.0000
  clock network delay (ideal)                                               0.0000     0.0000
  ofmap_fifo_inst_fifo_inst_D_OUT_reg_19_/CLK (sky130_fd_sc_hd__dfxtp_1)   0.0000   0.0000   0.0000 r
  ofmap_fifo_inst_fifo_inst_D_OUT_reg_19_/Q (sky130_fd_sc_hd__dfxtp_1)   0.1353   0.3521   0.3521 r
  ofmap_data[19] (net)                          1       0.0133              0.0000     0.3521 r
  ofmap_data[19] (out)                                            0.1353    0.0001 *   0.3522 r
  data arrival time                                                                    0.3522

  clock ideal_clock (rise edge)                                             6.0000     6.0000
  clock network delay (ideal)                                               0.0000     6.0000
  output external delay                                                     0.0000     6.0000
  data required time                                                                   6.0000
  -------------------------------------------------------------------------------------------------------------------
  data required time                                                                   6.0000
  data arrival time                                                                   -0.3522
  -------------------------------------------------------------------------------------------------------------------
  slack (MET)                                                                          5.6478


  Startpoint: ofmap_fifo_inst_fifo_inst_D_OUT_reg_10_
              (rising edge-triggered flip-flop clocked by ideal_clock)
  Endpoint: ofmap_data[10]
            (output port clocked by ideal_clock)
  Path Group: REGOUT
  Path Type: max

Attributes:
    d - dont_touch
    u - dont_use
   mo - map_only
   so - size_only
    i - ideal_net or ideal_network
  inf - infeasible path

  Point                                       Fanout       Cap     Trans      Incr       Path      Attributes
  -------------------------------------------------------------------------------------------------------------------
  clock ideal_clock (rise edge)                                             0.0000     0.0000
  clock network delay (ideal)                                               0.0000     0.0000
  ofmap_fifo_inst_fifo_inst_D_OUT_reg_10_/CLK (sky130_fd_sc_hd__dfxtp_1)   0.0000   0.0000   0.0000 r
  ofmap_fifo_inst_fifo_inst_D_OUT_reg_10_/Q (sky130_fd_sc_hd__dfxtp_1)   0.1348   0.3517   0.3517 r
  ofmap_data[10] (net)                          1       0.0133              0.0000     0.3517 r
  ofmap_data[10] (out)                                            0.1348    0.0002 *   0.3519 r
  data arrival time                                                                    0.3519

  clock ideal_clock (rise edge)                                             6.0000     6.0000
  clock network delay (ideal)                                               0.0000     6.0000
  output external delay                                                     0.0000     6.0000
  data required time                                                                   6.0000
  -------------------------------------------------------------------------------------------------------------------
  data required time                                                                   6.0000
  data arrival time                                                                   -0.3519
  -------------------------------------------------------------------------------------------------------------------
  slack (MET)                                                                          5.6481


  Startpoint: ofmap_fifo_inst_fifo_inst_D_OUT_reg_22_
              (rising edge-triggered flip-flop clocked by ideal_clock)
  Endpoint: ofmap_data[22]
            (output port clocked by ideal_clock)
  Path Group: REGOUT
  Path Type: max

Attributes:
    d - dont_touch
    u - dont_use
   mo - map_only
   so - size_only
    i - ideal_net or ideal_network
  inf - infeasible path

  Point                                       Fanout       Cap     Trans      Incr       Path      Attributes
  -------------------------------------------------------------------------------------------------------------------
  clock ideal_clock (rise edge)                                             0.0000     0.0000
  clock network delay (ideal)                                               0.0000     0.0000
  ofmap_fifo_inst_fifo_inst_D_OUT_reg_22_/CLK (sky130_fd_sc_hd__dfxtp_1)   0.0000   0.0000   0.0000 r
  ofmap_fifo_inst_fifo_inst_D_OUT_reg_22_/Q (sky130_fd_sc_hd__dfxtp_1)   0.1345   0.3515   0.3515 r
  ofmap_data[22] (net)                          1       0.0132              0.0000     0.3515 r
  ofmap_data[22] (out)                                            0.1345    0.0002 *   0.3517 r
  data arrival time                                                                    0.3517

  clock ideal_clock (rise edge)                                             6.0000     6.0000
  clock network delay (ideal)                                               0.0000     6.0000
  output external delay                                                     0.0000     6.0000
  data required time                                                                   6.0000
  -------------------------------------------------------------------------------------------------------------------
  data required time                                                                   6.0000
  data arrival time                                                                   -0.3517
  -------------------------------------------------------------------------------------------------------------------
  slack (MET)                                                                          5.6483


  Startpoint: ofmap_fifo_inst_fifo_inst_D_OUT_reg_9_
              (rising edge-triggered flip-flop clocked by ideal_clock)
  Endpoint: ofmap_data[9]
            (output port clocked by ideal_clock)
  Path Group: REGOUT
  Path Type: max

Attributes:
    d - dont_touch
    u - dont_use
   mo - map_only
   so - size_only
    i - ideal_net or ideal_network
  inf - infeasible path

  Point                                       Fanout       Cap     Trans      Incr       Path      Attributes
  -------------------------------------------------------------------------------------------------------------------
  clock ideal_clock (rise edge)                                             0.0000     0.0000
  clock network delay (ideal)                                               0.0000     0.0000
  ofmap_fifo_inst_fifo_inst_D_OUT_reg_9_/CLK (sky130_fd_sc_hd__dfxtp_1)   0.0000   0.0000   0.0000 r
  ofmap_fifo_inst_fifo_inst_D_OUT_reg_9_/Q (sky130_fd_sc_hd__dfxtp_1)   0.1343   0.3514   0.3514 r
  ofmap_data[9] (net)                           1       0.0132              0.0000     0.3514 r
  ofmap_data[9] (out)                                             0.1343    0.0001 *   0.3515 r
  data arrival time                                                                    0.3515

  clock ideal_clock (rise edge)                                             6.0000     6.0000
  clock network delay (ideal)                                               0.0000     6.0000
  output external delay                                                     0.0000     6.0000
  data required time                                                                   6.0000
  -------------------------------------------------------------------------------------------------------------------
  data required time                                                                   6.0000
  data arrival time                                                                   -0.3515
  -------------------------------------------------------------------------------------------------------------------
  slack (MET)                                                                          5.6485


  Startpoint: ifmap_fifo_inst_fifo_inst_not_ring_full_reg
              (rising edge-triggered flip-flop clocked by ideal_clock)
  Endpoint: ifmap_rdy (output port clocked by ideal_clock)
  Path Group: REGOUT
  Path Type: max

Attributes:
    d - dont_touch
    u - dont_use
   mo - map_only
   so - size_only
    i - ideal_net or ideal_network
  inf - infeasible path

  Point                                       Fanout       Cap     Trans      Incr       Path      Attributes
  -------------------------------------------------------------------------------------------------------------------
  clock ideal_clock (rise edge)                                             0.0000     0.0000
  clock network delay (ideal)                                               0.0000     0.0000
  ifmap_fifo_inst_fifo_inst_not_ring_full_reg/CLK (sky130_fd_sc_hd__dfxtp_4)   0.0000   0.0000 #   0.0000 r
  ifmap_fifo_inst_fifo_inst_not_ring_full_reg/Q (sky130_fd_sc_hd__dfxtp_4)   0.0772   0.3507   0.3507 r
  ifmap_rdy (net)                               3       0.0212              0.0000     0.3507 r
  ifmap_rdy (out)                                                 0.0772    0.0003 *   0.3510 r
  data arrival time                                                                    0.3510

  clock ideal_clock (rise edge)                                             6.0000     6.0000
  clock network delay (ideal)                                               0.0000     6.0000
  output external delay                                                     0.0000     6.0000
  data required time                                                                   6.0000
  -------------------------------------------------------------------------------------------------------------------
  data required time                                                                   6.0000
  data arrival time                                                                   -0.3510
  -------------------------------------------------------------------------------------------------------------------
  slack (MET)                                                                          5.6490


  Startpoint: ofmap_fifo_inst_fifo_inst_D_OUT_reg_20_
              (rising edge-triggered flip-flop clocked by ideal_clock)
  Endpoint: ofmap_data[20]
            (output port clocked by ideal_clock)
  Path Group: REGOUT
  Path Type: max

Attributes:
    d - dont_touch
    u - dont_use
   mo - map_only
   so - size_only
    i - ideal_net or ideal_network
  inf - infeasible path

  Point                                       Fanout       Cap     Trans      Incr       Path      Attributes
  -------------------------------------------------------------------------------------------------------------------
  clock ideal_clock (rise edge)                                             0.0000     0.0000
  clock network delay (ideal)                                               0.0000     0.0000
  ofmap_fifo_inst_fifo_inst_D_OUT_reg_20_/CLK (sky130_fd_sc_hd__dfxtp_1)   0.0000   0.0000   0.0000 r
  ofmap_fifo_inst_fifo_inst_D_OUT_reg_20_/Q (sky130_fd_sc_hd__dfxtp_1)   0.1330   0.3505   0.3505 r
  ofmap_data[20] (net)                          1       0.0131              0.0000     0.3505 r
  ofmap_data[20] (out)                                            0.1330    0.0001 *   0.3506 r
  data arrival time                                                                    0.3506

  clock ideal_clock (rise edge)                                             6.0000     6.0000
  clock network delay (ideal)                                               0.0000     6.0000
  output external delay                                                     0.0000     6.0000
  data required time                                                                   6.0000
  -------------------------------------------------------------------------------------------------------------------
  data required time                                                                   6.0000
  data arrival time                                                                   -0.3506
  -------------------------------------------------------------------------------------------------------------------
  slack (MET)                                                                          5.6494


  Startpoint: conv_controller_inst_ic1_fy_fx_r_reg_3_
              (rising edge-triggered flip-flop clocked by ideal_clock)
  Endpoint: conv_controller_inst_ic1_fy_fx_r_reg_3_
            (rising edge-triggered flip-flop clocked by ideal_clock)
  Path Group: ideal_clock
  Path Type: max

Attributes:
    d - dont_touch
    u - dont_use
   mo - map_only
   so - size_only
    i - ideal_net or ideal_network
  inf - infeasible path

  Point                                       Fanout       Cap     Trans      Incr       Path      Attributes
  -------------------------------------------------------------------------------------------------------------------
  clock ideal_clock (rise edge)                                             0.0000     0.0000
  clock network delay (ideal)                                               0.0000     0.0000
  conv_controller_inst_ic1_fy_fx_r_reg_3_/CLK (sky130_fd_sc_hd__dfxtp_4)   0.0000   0.0000   0.0000 r
  conv_controller_inst_ic1_fy_fx_r_reg_3_/Q (sky130_fd_sc_hd__dfxtp_4)   0.5138   0.6644   0.6644 r
  conv_controller_inst_ic1_fy_fx_r[3] (net)    35       0.1837              0.0000     0.6644 r
  U5696/B (sky130_fd_sc_hd__xnor2_1)                              0.5138    0.0001 *   0.6645 r
  U5696/Y (sky130_fd_sc_hd__xnor2_1)                              0.1702    0.1935     0.8580 r
  n46974 (net)                                  1       0.0050              0.0000     0.8580 r
  U52273/A (sky130_fd_sc_hd__buf_6)                               0.1702    0.0000 *   0.8580 r
  U52273/X (sky130_fd_sc_hd__buf_6)                               0.1948    0.2447     1.1027 r
  n3300 (net)                                  30       0.0957              0.0000     1.1027 r
  U5704/B (sky130_fd_sc_hd__nand2_2)                              0.1948    0.0001 *   1.1028 r
  U5704/Y (sky130_fd_sc_hd__nand2_2)                              0.3223    0.3100     1.4128 f
  n3574 (net)                                  28       0.0820              0.0000     1.4128 f
  U6279/B2 (sky130_fd_sc_hd__o22ai_1)                             0.3223    0.0002 *   1.4131 f
  U6279/Y (sky130_fd_sc_hd__o22ai_1)                              0.1976    0.2418     1.6549 r
  n3700 (net)                                   1       0.0050              0.0000     1.6549 r
  U6292/CIN (sky130_fd_sc_hd__fa_1)                               0.1976    0.0000 *   1.6549 r
  U6292/SUM (sky130_fd_sc_hd__fa_1)                               0.0922    0.4610     2.1159 f
  n3790 (net)                                   1       0.0055              0.0000     2.1159 f
  U6344/CIN (sky130_fd_sc_hd__fa_1)                               0.0922    0.0000 *   2.1160 f
  U6344/COUT (sky130_fd_sc_hd__fa_1)                              0.0755    0.3770     2.4930 f
  n3763 (net)                                   1       0.0036              0.0000     2.4930 f
  U6326/CI (sky130_fd_sc_hd__fah_1)                               0.0755    0.0000 *   2.4930 f
  U6326/SUM (sky130_fd_sc_hd__fah_1)                              0.0693    0.3091     2.8021 r
  n3805 (net)                                   1       0.0050              0.0000     2.8021 r
  U6358/CIN (sky130_fd_sc_hd__fa_1)                               0.0693    0.0000 *   2.8021 r
  U6358/SUM (sky130_fd_sc_hd__fa_1)                               0.1171    0.4550     3.2572 f
  n6342 (net)                                   4       0.0103              0.0000     3.2572 f
  U6359/B (sky130_fd_sc_hd__nor2_1)                               0.1171    0.0000 *   3.2572 f
  U6359/Y (sky130_fd_sc_hd__nor2_1)                               0.1159    0.1346     3.3918 r
  n3808 (net)                                   1       0.0049              0.0000     3.3918 r
  U6360/A (sky130_fd_sc_hd__inv_2)                                0.1159    0.0000 *   3.3918 r
  U6360/Y (sky130_fd_sc_hd__inv_2)                                0.0368    0.0510     3.4427 f
  n4161 (net)                                   3       0.0072              0.0000     3.4427 f
  U6498/A1 (sky130_fd_sc_hd__a21oi_1)                             0.0368    0.0000 *   3.4428 f
  U6498/Y (sky130_fd_sc_hd__a21oi_1)                              0.1870    0.1729     3.6156 r
  n5565 (net)                                   2       0.0070              0.0000     3.6156 r
  U6499/B1 (sky130_fd_sc_hd__o21ai_2)                             0.1870    0.0000 *   3.6157 r
  U6499/Y (sky130_fd_sc_hd__o21ai_2)                              0.0884    0.1166     3.7322 f
  n4078 (net)                                   2       0.0142              0.0000     3.7322 f
  U6511/A2 (sky130_fd_sc_hd__a21oi_2)                             0.0884    0.0002 *   3.7324 f
  U6511/Y (sky130_fd_sc_hd__a21oi_2)                              0.1806    0.2128     3.9452 r
  n4084 (net)                                   2       0.0122              0.0000     3.9452 r
  U6518/A2 (sky130_fd_sc_hd__o21ai_2)                             0.1806    0.0002 *   3.9453 r
  U6518/Y (sky130_fd_sc_hd__o21ai_2)                              0.0822    0.0957     4.0410 f
  n4132 (net)                                   3       0.0106              0.0000     4.0410 f
  U6711/A (sky130_fd_sc_hd__inv_2)                                0.0822    0.0001 *   4.0410 f
  U6711/Y (sky130_fd_sc_hd__inv_2)                                0.0614    0.0830     4.1241 r
  n4318 (net)                                   3       0.0111              0.0000     4.1241 r
  U6932/A2 (sky130_fd_sc_hd__o21ai_1)                             0.0614    0.0000 *   4.1241 r
  U6932/Y (sky130_fd_sc_hd__o21ai_1)                              0.0800    0.0683     4.1923 f
  n4319 (net)                                   1       0.0050              0.0000     4.1923 f
  U6933/B (sky130_fd_sc_hd__xnor2_1)                              0.0800    0.0000 *   4.1923 f
  U6933/Y (sky130_fd_sc_hd__xnor2_1)                              0.2146    0.2119     4.4042 r
  n12894 (net)                                  2       0.0075              0.0000     4.4042 r
  U6934/A (sky130_fd_sc_hd__inv_2)                                0.2146    0.0000 *   4.4042 r
  U6934/Y (sky130_fd_sc_hd__inv_2)                                0.0386    0.0406     4.4448 f
  n4349 (net)                                   1       0.0027              0.0000     4.4448 f
  U6952/CI (sky130_fd_sc_hd__fah_1)                               0.0386    0.0000 *   4.4448 f
  U6952/SUM (sky130_fd_sc_hd__fah_1)                              0.0714    0.2944     4.7393 r
  n4352 (net)                                   1       0.0052              0.0000     4.7393 r
  U52118/B (sky130_fd_sc_hd__xor2_1)                              0.0714    0.0000 *   4.7393 r
  U52118/X (sky130_fd_sc_hd__xor2_1)                              0.1278    0.1519     4.8912 r
  n46621 (net)                                  1       0.0036              0.0000     4.8912 r
  U6955/B (sky130_fd_sc_hd__nand2_1)                              0.1278    0.0000 *   4.8912 r
  U6955/Y (sky130_fd_sc_hd__nand2_1)                              0.0517    0.0799     4.9711 f
  n4357 (net)                                   1       0.0047              0.0000     4.9711 f
  U6956/B (sky130_fd_sc_hd__nor2_1)                               0.0517    0.0001 *   4.9712 f
  U6956/Y (sky130_fd_sc_hd__nor2_1)                               0.0871    0.0900     5.0612 r
  n4432 (net)                                   1       0.0033              0.0000     5.0612 r
  U10767/B (sky130_fd_sc_hd__and2_1)                              0.0871    0.0000 *   5.0613 r
  U10767/X (sky130_fd_sc_hd__and2_1)                              0.0456    0.1245     5.1858 r
  n46655 (net)                                  1       0.0025              0.0000     5.1858 r
  U6107/A (sky130_fd_sc_hd__nand4_1)                              0.0456    0.0000 *   5.1858 r
  U6107/Y (sky130_fd_sc_hd__nand4_1)                              0.0945    0.0846     5.2703 f
  n4435 (net)                                   1       0.0048              0.0000     5.2703 f
  U7028/B (sky130_fd_sc_hd__nor2_2)                               0.0945    0.0000 *   5.2703 f
  U7028/Y (sky130_fd_sc_hd__nor2_2)                               0.1317    0.1397     5.4101 r
  n4697 (net)                                   2       0.0096              0.0000     5.4101 r
  U10758/A (sky130_fd_sc_hd__and2_4)                              0.1317    0.0000 *   5.4101 r
  U10758/X (sky130_fd_sc_hd__and2_4)                              0.0924    0.2046     5.6147 r
  n46678 (net)                                  1       0.0258              0.0000     5.6147 r
  U52239/B (sky130_fd_sc_hd__nor2_8)                              0.0924    0.0007 *   5.6153 r
  U52239/Y (sky130_fd_sc_hd__nor2_8)                              0.0578    0.0657     5.6810 f
  n46503 (net)                                 11       0.0479              0.0000     5.6810 f
  U6038/A (sky130_fd_sc_hd__inv_8)                                0.0578    0.0000 *   5.6811 f
  U6038/Y (sky130_fd_sc_hd__inv_8)                                0.1147    0.1159     5.7970 r
  n8339 (net)                                  22       0.0719              0.0000     5.7970 r
  U10679/B1 (sky130_fd_sc_hd__o2bb2ai_1)                          0.1147    0.0018 *   5.7988 r
  U10679/Y (sky130_fd_sc_hd__o2bb2ai_1)                           0.0435    0.0794     5.8782 f
  conv_controller_inst_N2560 (net)              1       0.0023              0.0000     5.8782 f
  conv_controller_inst_ic1_fy_fx_r_reg_3_/D (sky130_fd_sc_hd__dfxtp_4)   0.0435   0.0000 *   5.8782 f
  data arrival time                                                                    5.8782

  clock ideal_clock (rise edge)                                             6.0000     6.0000
  clock network delay (ideal)                                               0.0000     6.0000
  conv_controller_inst_ic1_fy_fx_r_reg_3_/CLK (sky130_fd_sc_hd__dfxtp_4)    0.0000     6.0000 r
  library setup time                                                       -0.1214     5.8786
  data required time                                                                   5.8786
  -------------------------------------------------------------------------------------------------------------------
  data required time                                                                   5.8786
  data arrival time                                                                   -5.8782
  -------------------------------------------------------------------------------------------------------------------
  slack (MET)                                                                          0.0004


  Startpoint: conv_controller_inst_ic1_fy_fx_r_reg_3_
              (rising edge-triggered flip-flop clocked by ideal_clock)
  Endpoint: conv_controller_inst_systolic_array_weight_wen_reg_2_
            (rising edge-triggered flip-flop clocked by ideal_clock)
  Path Group: ideal_clock
  Path Type: max

Attributes:
    d - dont_touch
    u - dont_use
   mo - map_only
   so - size_only
    i - ideal_net or ideal_network
  inf - infeasible path

  Point                                       Fanout       Cap     Trans      Incr       Path      Attributes
  -------------------------------------------------------------------------------------------------------------------
  clock ideal_clock (rise edge)                                             0.0000     0.0000
  clock network delay (ideal)                                               0.0000     0.0000
  conv_controller_inst_ic1_fy_fx_r_reg_3_/CLK (sky130_fd_sc_hd__dfxtp_4)   0.0000   0.0000   0.0000 r
  conv_controller_inst_ic1_fy_fx_r_reg_3_/Q (sky130_fd_sc_hd__dfxtp_4)   0.5138   0.6644   0.6644 r
  conv_controller_inst_ic1_fy_fx_r[3] (net)    35       0.1837              0.0000     0.6644 r
  U5696/B (sky130_fd_sc_hd__xnor2_1)                              0.5138    0.0001 *   0.6645 r
  U5696/Y (sky130_fd_sc_hd__xnor2_1)                              0.1702    0.1935     0.8580 r
  n46974 (net)                                  1       0.0050              0.0000     0.8580 r
  U52273/A (sky130_fd_sc_hd__buf_6)                               0.1702    0.0000 *   0.8580 r
  U52273/X (sky130_fd_sc_hd__buf_6)                               0.1948    0.2447     1.1027 r
  n3300 (net)                                  30       0.0957              0.0000     1.1027 r
  U5704/B (sky130_fd_sc_hd__nand2_2)                              0.1948    0.0001 *   1.1028 r
  U5704/Y (sky130_fd_sc_hd__nand2_2)                              0.3223    0.3100     1.4128 f
  n3574 (net)                                  28       0.0820              0.0000     1.4128 f
  U7158/B2 (sky130_fd_sc_hd__o22ai_1)                             0.3223    0.0006 *   1.4134 f
  U7158/Y (sky130_fd_sc_hd__o22ai_1)                              0.2424    0.2841     1.6976 r
  n4650 (net)                                   1       0.0077              0.0000     1.6976 r
  U7159/CIN (sky130_fd_sc_hd__fa_1)                               0.2424    0.0001 *   1.6977 r
  U7159/SUM (sky130_fd_sc_hd__fa_1)                               0.1321    0.5191     2.2168 f
  n4661 (net)                                   1       0.0137              0.0000     2.2168 f
  U7162/A (sky130_fd_sc_hd__fa_2)                                 0.1321    0.0004 *   2.2172 f
  U7162/SUM (sky130_fd_sc_hd__fa_2)                               0.0656    0.5983     2.8155 r
  n4666 (net)                                   1       0.0061              0.0000     2.8155 r
  U7164/CIN (sky130_fd_sc_hd__fa_2)                               0.0656    0.0000 *   2.8156 r
  U7164/SUM (sky130_fd_sc_hd__fa_2)                               0.0847    0.4403     3.2559 f
  n4672 (net)                                   1       0.0065              0.0000     3.2559 f
  U7166/B (sky130_fd_sc_hd__fa_1)                                 0.0847    0.0000 *   3.2559 f
  U7166/SUM (sky130_fd_sc_hd__fa_1)                               0.0790    0.4598     3.7157 f
  n4674 (net)                                   1       0.0031              0.0000     3.7157 f
  U7167/CI (sky130_fd_sc_hd__fah_1)                               0.0790    0.0000 *   3.7157 f
  U7167/SUM (sky130_fd_sc_hd__fah_1)                              0.0607    0.3038     4.0195 r
  n4677 (net)                                   1       0.0040              0.0000     4.0195 r
  U7168/CI (sky130_fd_sc_hd__fah_1)                               0.0607    0.0000 *   4.0195 r
  U7168/SUM (sky130_fd_sc_hd__fah_1)                              0.1018    0.3195     4.3391 f
  n6799 (net)                                   3       0.0161              0.0000     4.3391 f
  U7169/B (sky130_fd_sc_hd__xnor2_2)                              0.1018    0.0001 *   4.3391 f
  U7169/Y (sky130_fd_sc_hd__xnor2_2)                              0.2915    0.2692     4.6083 r
  n5607 (net)                                   5       0.0194              0.0000     4.6083 r
  U8188/B (sky130_fd_sc_hd__nor2_1)                               0.2915    0.0000 *   4.6084 r
  U8188/Y (sky130_fd_sc_hd__nor2_1)                               0.0627    0.0696     4.6779 f
  n5603 (net)                                   1       0.0026              0.0000     4.6779 f
  U10987/A1 (sky130_fd_sc_hd__a22oi_1)                            0.0627    0.0000 *   4.6779 f
  U10987/Y (sky130_fd_sc_hd__a22oi_1)                             0.2005    0.2064     4.8843 r
  n5713 (net)                                   2       0.0055              0.0000     4.8843 r
  U8195/A (sky130_fd_sc_hd__nand3_1)                              0.2005    0.0000 *   4.8844 r
  U8195/Y (sky130_fd_sc_hd__nand3_1)                              0.1202    0.1403     5.0246 f
  n5721 (net)                                   3       0.0078              0.0000     5.0246 f
  U8205/B (sky130_fd_sc_hd__nand3_1)                              0.1202    0.0000 *   5.0247 f
  U8205/Y (sky130_fd_sc_hd__nand3_1)                              0.0883    0.1282     5.1529 r
  n5729 (net)                                   2       0.0055              0.0000     5.1529 r
  U8206/B (sky130_fd_sc_hd__nor2_1)                               0.0883    0.0000 *   5.1529 r
  U8206/Y (sky130_fd_sc_hd__nor2_1)                               0.0324    0.0491     5.2020 f
  n5741 (net)                                   2       0.0034              0.0000     5.2020 f
  U10772/A (sky130_fd_sc_hd__and2_1)                              0.0324    0.0000 *   5.2020 f
  U10772/X (sky130_fd_sc_hd__and2_1)                              0.0348    0.1250     5.3269 f
  n46654 (net)                                  1       0.0025              0.0000     5.3269 f
  U8278/A (sky130_fd_sc_hd__nor2_1)                               0.0348    0.0000 *   5.3269 f
  U8278/Y (sky130_fd_sc_hd__nor2_1)                               0.1565    0.1501     5.4770 r
  n6239 (net)                                   2       0.0075              0.0000     5.4770 r
  U8811/B (sky130_fd_sc_hd__nand2_2)                              0.1565    0.0000 *   5.4770 r
  U8811/Y (sky130_fd_sc_hd__nand2_2)                              0.0685    0.0998     5.5768 f
  n8135 (net)                                   3       0.0123              0.0000     5.5768 f
  U10372/A (sky130_fd_sc_hd__inv_1)                               0.0685    0.0000 *   5.5768 f
  U10372/Y (sky130_fd_sc_hd__inv_1)                               0.0729    0.0852     5.6620 r
  n8063 (net)                                   2       0.0074              0.0000     5.6620 r
  U10373/A (sky130_fd_sc_hd__inv_2)                               0.0729    0.0000 *   5.6620 r
  U10373/Y (sky130_fd_sc_hd__inv_2)                               0.0236    0.0361     5.6981 f
  n8054 (net)                                   1       0.0045              0.0000     5.6981 f
  U10374/A (sky130_fd_sc_hd__nand2_2)                             0.0236    0.0000 *   5.6981 f
  U10374/Y (sky130_fd_sc_hd__nand2_2)                             0.0429    0.0377     5.7358 r
  n8056 (net)                                   1       0.0028              0.0000     5.7358 r
  U10376/A (sky130_fd_sc_hd__nor2_1)                              0.0429    0.0000 *   5.7358 r
  U10376/Y (sky130_fd_sc_hd__nor2_1)                              0.0333    0.0465     5.7823 f
  n8059 (net)                                   1       0.0049              0.0000     5.7823 f
  U10380/A (sky130_fd_sc_hd__nand2_2)                             0.0333    0.0000 *   5.7823 f
  U10380/Y (sky130_fd_sc_hd__nand2_2)                             0.0621    0.0614     5.8437 r
  n13538 (net)                                  3       0.0081              0.0000     5.8437 r
  U10381/B (sky130_fd_sc_hd__nor2_1)                              0.0621    0.0000 *   5.8437 r
  U10381/Y (sky130_fd_sc_hd__nor2_1)                              0.0403    0.0369     5.8806 f
  conv_controller_inst_N2592 (net)              1       0.0020              0.0000     5.8806 f
  conv_controller_inst_systolic_array_weight_wen_reg_2_/D (sky130_fd_sc_hd__dfxtp_1)   0.0403   0.0000 *   5.8806 f
  data arrival time                                                                    5.8806

  clock ideal_clock (rise edge)                                             6.0000     6.0000
  clock network delay (ideal)                                               0.0000     6.0000
  conv_controller_inst_systolic_array_weight_wen_reg_2_/CLK (sky130_fd_sc_hd__dfxtp_1)   0.0000   6.0000 r
  library setup time                                                       -0.1190     5.8810
  data required time                                                                   5.8810
  -------------------------------------------------------------------------------------------------------------------
  data required time                                                                   5.8810
  data arrival time                                                                   -5.8806
  -------------------------------------------------------------------------------------------------------------------
  slack (MET)                                                                          0.0004


  Startpoint: conv_controller_inst_ic1_fy_fx_r_reg_3_
              (rising edge-triggered flip-flop clocked by ideal_clock)
  Endpoint: conv_controller_inst_ic1_fy_fx_r_reg_3_
            (rising edge-triggered flip-flop clocked by ideal_clock)
  Path Group: ideal_clock
  Path Type: max

Attributes:
    d - dont_touch
    u - dont_use
   mo - map_only
   so - size_only
    i - ideal_net or ideal_network
  inf - infeasible path

  Point                                       Fanout       Cap     Trans      Incr       Path      Attributes
  -------------------------------------------------------------------------------------------------------------------
  clock ideal_clock (rise edge)                                             0.0000     0.0000
  clock network delay (ideal)                                               0.0000     0.0000
  conv_controller_inst_ic1_fy_fx_r_reg_3_/CLK (sky130_fd_sc_hd__dfxtp_4)   0.0000   0.0000   0.0000 r
  conv_controller_inst_ic1_fy_fx_r_reg_3_/Q (sky130_fd_sc_hd__dfxtp_4)   0.5138   0.6644   0.6644 r
  conv_controller_inst_ic1_fy_fx_r[3] (net)    35       0.1837              0.0000     0.6644 r
  U5696/B (sky130_fd_sc_hd__xnor2_1)                              0.5138    0.0001 *   0.6645 r
  U5696/Y (sky130_fd_sc_hd__xnor2_1)                              0.1702    0.1935     0.8580 r
  n46974 (net)                                  1       0.0050              0.0000     0.8580 r
  U52273/A (sky130_fd_sc_hd__buf_6)                               0.1702    0.0000 *   0.8580 r
  U52273/X (sky130_fd_sc_hd__buf_6)                               0.1948    0.2447     1.1027 r
  n3300 (net)                                  30       0.0957              0.0000     1.1027 r
  U5704/B (sky130_fd_sc_hd__nand2_2)                              0.1948    0.0001 *   1.1028 r
  U5704/Y (sky130_fd_sc_hd__nand2_2)                              0.3223    0.3100     1.4128 f
  n3574 (net)                                  28       0.0820              0.0000     1.4128 f
  U6464/B2 (sky130_fd_sc_hd__o22ai_1)                             0.3223    0.0002 *   1.4130 f
  U6464/Y (sky130_fd_sc_hd__o22ai_1)                              0.2337    0.2768     1.6898 r
  n3921 (net)                                   1       0.0072              0.0000     1.6898 r
  U6482/A (sky130_fd_sc_hd__fa_1)                                 0.2337    0.0000 *   1.6898 r
  U6482/SUM (sky130_fd_sc_hd__fa_1)                               0.1007    0.4575     2.1473 f
  n3922 (net)                                   1       0.0071              0.0000     2.1473 f
  U6483/CIN (sky130_fd_sc_hd__fa_1)                               0.1007    0.0001 *   2.1473 f
  U6483/SUM (sky130_fd_sc_hd__fa_1)                               0.0574    0.4942     2.6416 r
  n3916 (net)                                   1       0.0030              0.0000     2.6416 r
  U6481/CI (sky130_fd_sc_hd__fah_1)                               0.0574    0.0000 *   2.6416 r
  U6481/SUM (sky130_fd_sc_hd__fah_1)                              0.0957    0.3119     2.9535 f
  n6372 (net)                                   5       0.0145              0.0000     2.9535 f
  U6468/B (sky130_fd_sc_hd__nor2_1)                               0.0957    0.0000 *   2.9536 f
  U6468/Y (sky130_fd_sc_hd__nor2_1)                               0.1115    0.1237     3.0773 r
  n3907 (net)                                   1       0.0047              0.0000     3.0773 r
  U6469/A (sky130_fd_sc_hd__inv_2)                                0.1115    0.0000 *   3.0773 r
  U6469/Y (sky130_fd_sc_hd__inv_2)                                0.0359    0.0500     3.1273 f
  n4206 (net)                                   3       0.0072              0.0000     3.1273 f
  U6479/A1 (sky130_fd_sc_hd__a21oi_1)                             0.0359    0.0000 *   3.1273 f
  U6479/Y (sky130_fd_sc_hd__a21oi_1)                              0.1383    0.1368     3.2641 r
  n5561 (net)                                   2       0.0044              0.0000     3.2641 r
  U6480/B1 (sky130_fd_sc_hd__o21ai_1)                             0.1383    0.0000 *   3.2641 r
  U6480/Y (sky130_fd_sc_hd__o21ai_1)                              0.0926    0.1158     3.3800 f
  n4181 (net)                                   2       0.0078              0.0000     3.3800 f
  U6493/A1 (sky130_fd_sc_hd__a21oi_1)                             0.0926    0.0000 *   3.3800 f
  U6493/Y (sky130_fd_sc_hd__a21oi_1)                              0.2310    0.2274     3.6074 r
  n4159 (net)                                   2       0.0092              0.0000     3.6074 r
  U6775/A (sky130_fd_sc_hd__inv_1)                                0.2310    0.0000 *   3.6074 r
  U6775/Y (sky130_fd_sc_hd__inv_1)                                0.0793    0.1047     3.7122 f
  n4170 (net)                                   2       0.0083              0.0000     3.7122 f
  U6776/A1 (sky130_fd_sc_hd__a21oi_1)                             0.0793    0.0000 *   3.7122 f
  U6776/Y (sky130_fd_sc_hd__a21oi_1)                              0.1500    0.1631     3.8752 r
  n4162 (net)                                   1       0.0050              0.0000     3.8752 r
  U6778/A (sky130_fd_sc_hd__xor2_1)                               0.1500    0.0000 *   3.8753 r
  U6778/X (sky130_fd_sc_hd__xor2_1)                               0.1547    0.1823     4.0576 r
  n12974 (net)                                  2       0.0050              0.0000     4.0576 r
  U6779/A (sky130_fd_sc_hd__inv_1)                                0.1547    0.0000 *   4.0576 r
  U6779/Y (sky130_fd_sc_hd__inv_1)                                0.0507    0.0695     4.1271 f
  n4171 (net)                                   1       0.0049              0.0000     4.1271 f
  U6789/CIN (sky130_fd_sc_hd__fa_1)                               0.0507    0.0000 *   4.1271 f
  U6789/SUM (sky130_fd_sc_hd__fa_1)                               0.0883    0.4435     4.5706 f
  n4174 (net)                                   1       0.0048              0.0000     4.5706 f
  U6790/B (sky130_fd_sc_hd__xnor2_1)                              0.0883    0.0000 *   4.5706 f
  U6790/Y (sky130_fd_sc_hd__xnor2_1)                              0.0436    0.1335     4.7041 f
  n4176 (net)                                   1       0.0024              0.0000     4.7041 f
  U6791/B (sky130_fd_sc_hd__nor2_1)                               0.0436    0.0000 *   4.7041 f
  U6791/Y (sky130_fd_sc_hd__nor2_1)                               0.0747    0.0781     4.7822 r
  n4305 (net)                                   1       0.0026              0.0000     4.7822 r
  U6923/A (sky130_fd_sc_hd__nand2_1)                              0.0747    0.0000 *   4.7822 r
  U6923/Y (sky130_fd_sc_hd__nand2_1)                              0.0629    0.0762     4.8584 f
  n4306 (net)                                   1       0.0071              0.0000     4.8584 f
  U52309/A (sky130_fd_sc_hd__nor2_1)                              0.0629    0.0001 *   4.8585 f
  U52309/Y (sky130_fd_sc_hd__nor2_1)                              0.1091    0.1257     4.9841 r
  n4310 (net)                                   1       0.0046              0.0000     4.9841 r
  U6927/B (sky130_fd_sc_hd__nand2_1)                              0.1091    0.0000 *   4.9842 r
  U6927/Y (sky130_fd_sc_hd__nand2_1)                              0.0584    0.0785     5.0627 f
  n4312 (net)                                   1       0.0052              0.0000     5.0627 f
  U6928/B (sky130_fd_sc_hd__nor2_1)                               0.0584    0.0001 *   5.0628 f
  U6928/Y (sky130_fd_sc_hd__nor2_1)                               0.0872    0.0925     5.1552 r
  n4433 (net)                                   1       0.0033              0.0000     5.1552 r
  U6107/D (sky130_fd_sc_hd__nand4_1)                              0.0872    0.0000 *   5.1553 r
  U6107/Y (sky130_fd_sc_hd__nand4_1)                              0.0945    0.1150     5.2702 f
  n4435 (net)                                   1       0.0048              0.0000     5.2702 f
  U7028/B (sky130_fd_sc_hd__nor2_2)                               0.0945    0.0000 *   5.2702 f
  U7028/Y (sky130_fd_sc_hd__nor2_2)                               0.1317    0.1397     5.4100 r
  n4697 (net)                                   2       0.0096              0.0000     5.4100 r
  U10758/A (sky130_fd_sc_hd__and2_4)                              0.1317    0.0000 *   5.4100 r
  U10758/X (sky130_fd_sc_hd__and2_4)                              0.0924    0.2046     5.6146 r
  n46678 (net)                                  1       0.0258              0.0000     5.6146 r
  U52239/B (sky130_fd_sc_hd__nor2_8)                              0.0924    0.0007 *   5.6152 r
  U52239/Y (sky130_fd_sc_hd__nor2_8)                              0.0578    0.0657     5.6810 f
  n46503 (net)                                 11       0.0479              0.0000     5.6810 f
  U6038/A (sky130_fd_sc_hd__inv_8)                                0.0578    0.0000 *   5.6810 f
  U6038/Y (sky130_fd_sc_hd__inv_8)                                0.1147    0.1159     5.7969 r
  n8339 (net)                                  22       0.0719              0.0000     5.7969 r
  U10679/B1 (sky130_fd_sc_hd__o2bb2ai_1)                          0.1147    0.0018 *   5.7987 r
  U10679/Y (sky130_fd_sc_hd__o2bb2ai_1)                           0.0435    0.0794     5.8781 f
  conv_controller_inst_N2560 (net)              1       0.0023              0.0000     5.8781 f
  conv_controller_inst_ic1_fy_fx_r_reg_3_/D (sky130_fd_sc_hd__dfxtp_4)   0.0435   0.0000 *   5.8781 f
  data arrival time                                                                    5.8781

  clock ideal_clock (rise edge)                                             6.0000     6.0000
  clock network delay (ideal)                                               0.0000     6.0000
  conv_controller_inst_ic1_fy_fx_r_reg_3_/CLK (sky130_fd_sc_hd__dfxtp_4)    0.0000     6.0000 r
  library setup time                                                       -0.1214     5.8786
  data required time                                                                   5.8786
  -------------------------------------------------------------------------------------------------------------------
  data required time                                                                   5.8786
  data arrival time                                                                   -5.8781
  -------------------------------------------------------------------------------------------------------------------
  slack (MET)                                                                          0.0005


  Startpoint: conv_controller_inst_ic1_fy_fx_r_reg_3_
              (rising edge-triggered flip-flop clocked by ideal_clock)
  Endpoint: conv_controller_inst_systolic_array_weight_wen_reg_1_
            (rising edge-triggered flip-flop clocked by ideal_clock)
  Path Group: ideal_clock
  Path Type: max

Attributes:
    d - dont_touch
    u - dont_use
   mo - map_only
   so - size_only
    i - ideal_net or ideal_network
  inf - infeasible path

  Point                                       Fanout       Cap     Trans      Incr       Path      Attributes
  -------------------------------------------------------------------------------------------------------------------
  clock ideal_clock (rise edge)                                             0.0000     0.0000
  clock network delay (ideal)                                               0.0000     0.0000
  conv_controller_inst_ic1_fy_fx_r_reg_3_/CLK (sky130_fd_sc_hd__dfxtp_4)   0.0000   0.0000   0.0000 r
  conv_controller_inst_ic1_fy_fx_r_reg_3_/Q (sky130_fd_sc_hd__dfxtp_4)   0.5138   0.6644   0.6644 r
  conv_controller_inst_ic1_fy_fx_r[3] (net)    35       0.1837              0.0000     0.6644 r
  U5696/B (sky130_fd_sc_hd__xnor2_1)                              0.5138    0.0001 *   0.6645 r
  U5696/Y (sky130_fd_sc_hd__xnor2_1)                              0.1702    0.1935     0.8580 r
  n46974 (net)                                  1       0.0050              0.0000     0.8580 r
  U52273/A (sky130_fd_sc_hd__buf_6)                               0.1702    0.0000 *   0.8580 r
  U52273/X (sky130_fd_sc_hd__buf_6)                               0.1948    0.2447     1.1027 r
  n3300 (net)                                  30       0.0957              0.0000     1.1027 r
  U5704/B (sky130_fd_sc_hd__nand2_2)                              0.1948    0.0001 *   1.1028 r
  U5704/Y (sky130_fd_sc_hd__nand2_2)                              0.3223    0.3100     1.4128 f
  n3574 (net)                                  28       0.0820              0.0000     1.4128 f
  U7158/B2 (sky130_fd_sc_hd__o22ai_1)                             0.3223    0.0006 *   1.4134 f
  U7158/Y (sky130_fd_sc_hd__o22ai_1)                              0.2424    0.2841     1.6976 r
  n4650 (net)                                   1       0.0077              0.0000     1.6976 r
  U7159/CIN (sky130_fd_sc_hd__fa_1)                               0.2424    0.0001 *   1.6977 r
  U7159/SUM (sky130_fd_sc_hd__fa_1)                               0.1321    0.5191     2.2168 f
  n4661 (net)                                   1       0.0137              0.0000     2.2168 f
  U7162/A (sky130_fd_sc_hd__fa_2)                                 0.1321    0.0004 *   2.2172 f
  U7162/SUM (sky130_fd_sc_hd__fa_2)                               0.0656    0.5983     2.8155 r
  n4666 (net)                                   1       0.0061              0.0000     2.8155 r
  U7164/CIN (sky130_fd_sc_hd__fa_2)                               0.0656    0.0000 *   2.8156 r
  U7164/SUM (sky130_fd_sc_hd__fa_2)                               0.0847    0.4403     3.2559 f
  n4672 (net)                                   1       0.0065              0.0000     3.2559 f
  U7166/B (sky130_fd_sc_hd__fa_1)                                 0.0847    0.0000 *   3.2559 f
  U7166/SUM (sky130_fd_sc_hd__fa_1)                               0.0790    0.4598     3.7157 f
  n4674 (net)                                   1       0.0031              0.0000     3.7157 f
  U7167/CI (sky130_fd_sc_hd__fah_1)                               0.0790    0.0000 *   3.7157 f
  U7167/SUM (sky130_fd_sc_hd__fah_1)                              0.0607    0.3038     4.0195 r
  n4677 (net)                                   1       0.0040              0.0000     4.0195 r
  U7168/CI (sky130_fd_sc_hd__fah_1)                               0.0607    0.0000 *   4.0195 r
  U7168/SUM (sky130_fd_sc_hd__fah_1)                              0.1018    0.3195     4.3391 f
  n6799 (net)                                   3       0.0161              0.0000     4.3391 f
  U7169/B (sky130_fd_sc_hd__xnor2_2)                              0.1018    0.0001 *   4.3391 f
  U7169/Y (sky130_fd_sc_hd__xnor2_2)                              0.2915    0.2692     4.6083 r
  n5607 (net)                                   5       0.0194              0.0000     4.6083 r
  U8188/B (sky130_fd_sc_hd__nor2_1)                               0.2915    0.0000 *   4.6084 r
  U8188/Y (sky130_fd_sc_hd__nor2_1)                               0.0627    0.0696     4.6779 f
  n5603 (net)                                   1       0.0026              0.0000     4.6779 f
  U10987/A1 (sky130_fd_sc_hd__a22oi_1)                            0.0627    0.0000 *   4.6779 f
  U10987/Y (sky130_fd_sc_hd__a22oi_1)                             0.2005    0.2064     4.8843 r
  n5713 (net)                                   2       0.0055              0.0000     4.8843 r
  U8195/A (sky130_fd_sc_hd__nand3_1)                              0.2005    0.0000 *   4.8844 r
  U8195/Y (sky130_fd_sc_hd__nand3_1)                              0.1202    0.1403     5.0246 f
  n5721 (net)                                   3       0.0078              0.0000     5.0246 f
  U8205/B (sky130_fd_sc_hd__nand3_1)                              0.1202    0.0000 *   5.0247 f
  U8205/Y (sky130_fd_sc_hd__nand3_1)                              0.0883    0.1282     5.1529 r
  n5729 (net)                                   2       0.0055              0.0000     5.1529 r
  U8206/B (sky130_fd_sc_hd__nor2_1)                               0.0883    0.0000 *   5.1529 r
  U8206/Y (sky130_fd_sc_hd__nor2_1)                               0.0324    0.0491     5.2020 f
  n5741 (net)                                   2       0.0034              0.0000     5.2020 f
  U10772/A (sky130_fd_sc_hd__and2_1)                              0.0324    0.0000 *   5.2020 f
  U10772/X (sky130_fd_sc_hd__and2_1)                              0.0348    0.1250     5.3269 f
  n46654 (net)                                  1       0.0025              0.0000     5.3269 f
  U8278/A (sky130_fd_sc_hd__nor2_1)                               0.0348    0.0000 *   5.3269 f
  U8278/Y (sky130_fd_sc_hd__nor2_1)                               0.1565    0.1501     5.4770 r
  n6239 (net)                                   2       0.0075              0.0000     5.4770 r
  U8811/B (sky130_fd_sc_hd__nand2_2)                              0.1565    0.0000 *   5.4770 r
  U8811/Y (sky130_fd_sc_hd__nand2_2)                              0.0685    0.0998     5.5768 f
  n8135 (net)                                   3       0.0123              0.0000     5.5768 f
  U10372/A (sky130_fd_sc_hd__inv_1)                               0.0685    0.0000 *   5.5768 f
  U10372/Y (sky130_fd_sc_hd__inv_1)                               0.0729    0.0852     5.6620 r
  n8063 (net)                                   2       0.0074              0.0000     5.6620 r
  U10373/A (sky130_fd_sc_hd__inv_2)                               0.0729    0.0000 *   5.6620 r
  U10373/Y (sky130_fd_sc_hd__inv_2)                               0.0236    0.0361     5.6981 f
  n8054 (net)                                   1       0.0045              0.0000     5.6981 f
  U10374/A (sky130_fd_sc_hd__nand2_2)                             0.0236    0.0000 *   5.6981 f
  U10374/Y (sky130_fd_sc_hd__nand2_2)                             0.0429    0.0377     5.7358 r
  n8056 (net)                                   1       0.0028              0.0000     5.7358 r
  U10376/A (sky130_fd_sc_hd__nor2_1)                              0.0429    0.0000 *   5.7358 r
  U10376/Y (sky130_fd_sc_hd__nor2_1)                              0.0333    0.0465     5.7823 f
  n8059 (net)                                   1       0.0049              0.0000     5.7823 f
  U10380/A (sky130_fd_sc_hd__nand2_2)                             0.0333    0.0000 *   5.7823 f
  U10380/Y (sky130_fd_sc_hd__nand2_2)                             0.0621    0.0614     5.8437 r
  n13538 (net)                                  3       0.0081              0.0000     5.8437 r
  U18843/B (sky130_fd_sc_hd__nor2_1)                              0.0621    0.0000 *   5.8437 r
  U18843/Y (sky130_fd_sc_hd__nor2_1)                              0.0397    0.0370     5.8808 f
  conv_controller_inst_N2591 (net)              1       0.0020              0.0000     5.8808 f
  conv_controller_inst_systolic_array_weight_wen_reg_1_/D (sky130_fd_sc_hd__dfxtp_1)   0.0397   0.0000 *   5.8808 f
  data arrival time                                                                    5.8808

  clock ideal_clock (rise edge)                                             6.0000     6.0000
  clock network delay (ideal)                                               0.0000     6.0000
  conv_controller_inst_systolic_array_weight_wen_reg_1_/CLK (sky130_fd_sc_hd__dfxtp_1)   0.0000   6.0000 r
  library setup time                                                       -0.1187     5.8813
  data required time                                                                   5.8813
  -------------------------------------------------------------------------------------------------------------------
  data required time                                                                   5.8813
  data arrival time                                                                   -5.8808
  -------------------------------------------------------------------------------------------------------------------
  slack (MET)                                                                          0.0005


  Startpoint: conv_controller_inst_ic1_fy_fx_r_reg_1_
              (rising edge-triggered flip-flop clocked by ideal_clock)
  Endpoint: conv_controller_inst_ic1_fy_fx_r_reg_31_
            (rising edge-triggered flip-flop clocked by ideal_clock)
  Path Group: ideal_clock
  Path Type: max

Attributes:
    d - dont_touch
    u - dont_use
   mo - map_only
   so - size_only
    i - ideal_net or ideal_network
  inf - infeasible path

  Point                                       Fanout       Cap     Trans      Incr       Path      Attributes
  -------------------------------------------------------------------------------------------------------------------
  clock ideal_clock (rise edge)                                             0.0000     0.0000
  clock network delay (ideal)                                               0.0000     0.0000
  conv_controller_inst_ic1_fy_fx_r_reg_1_/CLK (sky130_fd_sc_hd__dfxtp_4)   0.0000   0.0000   0.0000 r
  conv_controller_inst_ic1_fy_fx_r_reg_1_/Q (sky130_fd_sc_hd__dfxtp_4)   0.2253   0.4972   0.4972 f
  conv_controller_inst_ic1_fy_fx_r[1] (net)    37       0.1825              0.0000     0.4972 f
  U7188/B (sky130_fd_sc_hd__nand2_1)                              0.2253    0.0002 *   0.4974 f
  U7188/Y (sky130_fd_sc_hd__nand2_1)                              0.0763    0.1298     0.6272 r
  n4694 (net)                                   1       0.0029              0.0000     0.6272 r
  U7189/A (sky130_fd_sc_hd__inv_1)                                0.0763    0.0000 *   0.6272 r
  U7189/Y (sky130_fd_sc_hd__inv_1)                                0.0285    0.0437     0.6709 f
  n8343 (net)                                   1       0.0030              0.0000     0.6709 f
  U10675/B (sky130_fd_sc_hd__ha_1)                                0.0285    0.0000 *   0.6709 f
  U10675/COUT (sky130_fd_sc_hd__ha_1)                             0.0461    0.1696     0.8405 f
  n8347 (net)                                   1       0.0034              0.0000     0.8405 f
  U10678/B (sky130_fd_sc_hd__ha_1)                                0.0461    0.0000 *   0.8405 f
  U10678/COUT (sky130_fd_sc_hd__ha_1)                             0.0454    0.1762     1.0167 f
  n8351 (net)                                   1       0.0033              0.0000     1.0167 f
  U10681/B (sky130_fd_sc_hd__ha_1)                                0.0454    0.0000 *   1.0167 f
  U10681/COUT (sky130_fd_sc_hd__ha_1)                             0.0468    0.1776     1.1943 f
  n8355 (net)                                   1       0.0036              0.0000     1.1943 f
  U10684/B (sky130_fd_sc_hd__ha_1)                                0.0468    0.0000 *   1.1943 f
  U10684/COUT (sky130_fd_sc_hd__ha_1)                             0.0477    0.1794     1.3737 f
  n8358 (net)                                   1       0.0038              0.0000     1.3737 f
  U10687/B (sky130_fd_sc_hd__ha_1)                                0.0477    0.0000 *   1.3737 f
  U10687/COUT (sky130_fd_sc_hd__ha_1)                             0.0463    0.1780     1.5517 f
  n8363 (net)                                   1       0.0035              0.0000     1.5517 f
  U10690/B (sky130_fd_sc_hd__ha_1)                                0.0463    0.0000 *   1.5517 f
  U10690/COUT (sky130_fd_sc_hd__ha_1)                             0.0466    0.1780     1.7297 f
  n8140 (net)                                   1       0.0036              0.0000     1.7297 f
  U10464/B (sky130_fd_sc_hd__ha_1)                                0.0466    0.0000 *   1.7297 f
  U10464/COUT (sky130_fd_sc_hd__ha_1)                             0.0447    0.1754     1.9051 f
  n8195 (net)                                   1       0.0032              0.0000     1.9051 f
  U10527/B (sky130_fd_sc_hd__ha_1)                                0.0447    0.0000 *   1.9051 f
  U10527/COUT (sky130_fd_sc_hd__ha_1)                             0.0453    0.1756     2.0807 f
  n8199 (net)                                   1       0.0033              0.0000     2.0807 f
  U10530/B (sky130_fd_sc_hd__ha_1)                                0.0453    0.0000 *   2.0807 f
  U10530/COUT (sky130_fd_sc_hd__ha_1)                             0.0445    0.1747     2.2554 f
  n8203 (net)                                   1       0.0031              0.0000     2.2554 f
  U10533/B (sky130_fd_sc_hd__ha_1)                                0.0445    0.0000 *   2.2555 f
  U10533/COUT (sky130_fd_sc_hd__ha_1)                             0.0468    0.1775     2.4329 f
  n8206 (net)                                   1       0.0036              0.0000     2.4329 f
  U10536/B (sky130_fd_sc_hd__ha_2)                                0.0468    0.0000 *   2.4329 f
  U10536/COUT (sky130_fd_sc_hd__ha_2)                             0.0340    0.1619     2.5948 f
  n8210 (net)                                   1       0.0032              0.0000     2.5948 f
  U10539/B (sky130_fd_sc_hd__ha_1)                                0.0340    0.0000 *   2.5948 f
  U10539/COUT (sky130_fd_sc_hd__ha_1)                             0.0447    0.1702     2.7650 f
  n8217 (net)                                   1       0.0032              0.0000     2.7650 f
  U10545/B (sky130_fd_sc_hd__ha_1)                                0.0447    0.0000 *   2.7650 f
  U10545/COUT (sky130_fd_sc_hd__ha_1)                             0.0474    0.1781     2.9431 f
  n8220 (net)                                   1       0.0037              0.0000     2.9431 f
  U10548/B (sky130_fd_sc_hd__ha_2)                                0.0474    0.0000 *   2.9431 f
  U10548/COUT (sky130_fd_sc_hd__ha_2)                             0.0347    0.1628     3.1059 f
  n8224 (net)                                   1       0.0033              0.0000     3.1059 f
  U10551/B (sky130_fd_sc_hd__ha_1)                                0.0347    0.0000 *   3.1059 f
  U10551/COUT (sky130_fd_sc_hd__ha_1)                             0.0452    0.1710     3.2769 f
  n8214 (net)                                   1       0.0032              0.0000     3.2769 f
  U10542/B (sky130_fd_sc_hd__ha_1)                                0.0452    0.0000 *   3.2769 f
  U10542/COUT (sky130_fd_sc_hd__ha_1)                             0.0467    0.1777     3.4546 f
  n8227 (net)                                   1       0.0036              0.0000     3.4546 f
  U10554/B (sky130_fd_sc_hd__ha_1)                                0.0467    0.0000 *   3.4546 f
  U10554/COUT (sky130_fd_sc_hd__ha_1)                             0.0454    0.1766     3.6312 f
  n5886 (net)                                   1       0.0033              0.0000     3.6312 f
  U8395/B (sky130_fd_sc_hd__ha_1)                                 0.0454    0.0000 *   3.6312 f
  U8395/COUT (sky130_fd_sc_hd__ha_1)                              0.0460    0.1769     3.8081 f
  n8425 (net)                                   1       0.0034              0.0000     3.8081 f
  U10754/B (sky130_fd_sc_hd__ha_1)                                0.0460    0.0000 *   3.8082 f
  U10754/COUT (sky130_fd_sc_hd__ha_1)                             0.0449    0.1757     3.9838 f
  n13573 (net)                                  1       0.0032              0.0000     3.9838 f
  U18870/B (sky130_fd_sc_hd__ha_1)                                0.0449    0.0000 *   3.9838 f
  U18870/COUT (sky130_fd_sc_hd__ha_1)                             0.0458    0.1764     4.1603 f
  n13571 (net)                                  1       0.0034              0.0000     4.1603 f
  U18868/B (sky130_fd_sc_hd__ha_1)                                0.0458    0.0000 *   4.1603 f
  U18868/COUT (sky130_fd_sc_hd__ha_1)                             0.0440    0.1744     4.3347 f
  n6813 (net)                                   1       0.0031              0.0000     4.3347 f
  U9298/B (sky130_fd_sc_hd__ha_1)                                 0.0440    0.0000 *   4.3347 f
  U9298/COUT (sky130_fd_sc_hd__ha_1)                              0.0464    0.1767     4.5114 f
  n13569 (net)                                  1       0.0035              0.0000     4.5114 f
  U18866/B (sky130_fd_sc_hd__ha_1)                                0.0464    0.0000 *   4.5114 f
  U18866/COUT (sky130_fd_sc_hd__ha_1)                             0.0461    0.1774     4.6888 f
  n6816 (net)                                   1       0.0035              0.0000     4.6888 f
  U9301/B (sky130_fd_sc_hd__ha_1)                                 0.0461    0.0000 *   4.6888 f
  U9301/COUT (sky130_fd_sc_hd__ha_1)                              0.0472    0.1786     4.8674 f
  n8050 (net)                                   1       0.0037              0.0000     4.8674 f
  U10369/B (sky130_fd_sc_hd__ha_2)                                0.0472    0.0000 *   4.8674 f
  U10369/COUT (sky130_fd_sc_hd__ha_2)                             0.0359    0.1648     5.0322 f
  n13566 (net)                                  1       0.0037              0.0000     5.0322 f
  U18864/B (sky130_fd_sc_hd__ha_2)                                0.0359    0.0000 *   5.0322 f
  U18864/COUT (sky130_fd_sc_hd__ha_2)                             0.0370    0.1615     5.1937 f
  n13564 (net)                                  1       0.0041              0.0000     5.1937 f
  U18862/B (sky130_fd_sc_hd__ha_2)                                0.0370    0.0000 *   5.1937 f
  U18862/COUT (sky130_fd_sc_hd__ha_2)                             0.0382    0.1637     5.3574 f
  n6915 (net)                                   1       0.0046              0.0000     5.3574 f
  U9426/B (sky130_fd_sc_hd__ha_2)                                 0.0382    0.0000 *   5.3574 f
  U9426/COUT (sky130_fd_sc_hd__ha_2)                              0.0473    0.1762     5.5336 f
  n8230 (net)                                   1       0.0084              0.0000     5.5336 f
  U10557/B (sky130_fd_sc_hd__ha_4)                                0.0473    0.0000 *   5.5337 f
  U10557/COUT (sky130_fd_sc_hd__ha_4)                             0.0288    0.1495     5.6831 f
  n5887 (net)                                   1       0.0045              0.0000     5.6831 f
  U52280/A (sky130_fd_sc_hd__xnor2_1)                             0.0288    0.0000 *   5.6831 f
  U52280/Y (sky130_fd_sc_hd__xnor2_1)                             0.0434    0.1092     5.7923 f
  n46979 (net)                                  1       0.0024              0.0000     5.7923 f
  U52279/A (sky130_fd_sc_hd__nand2_1)                             0.0434    0.0000 *   5.7923 f
  U52279/Y (sky130_fd_sc_hd__nand2_1)                             0.0480    0.0525     5.8448 r
  n5890 (net)                                   1       0.0027              0.0000     5.8448 r
  U8399/A (sky130_fd_sc_hd__nand2_1)                              0.0480    0.0000 *   5.8448 r
  U8399/Y (sky130_fd_sc_hd__nand2_1)                              0.0278    0.0409     5.8857 f
  conv_controller_inst_N2588 (net)              1       0.0021              0.0000     5.8857 f
  conv_controller_inst_ic1_fy_fx_r_reg_31_/D (sky130_fd_sc_hd__dfxtp_1)   0.0278   0.0000 *   5.8857 f
  data arrival time                                                                    5.8857

  clock ideal_clock (rise edge)                                             6.0000     6.0000
  clock network delay (ideal)                                               0.0000     6.0000
  conv_controller_inst_ic1_fy_fx_r_reg_31_/CLK (sky130_fd_sc_hd__dfxtp_1)   0.0000     6.0000 r
  library setup time                                                       -0.1135     5.8865
  data required time                                                                   5.8865
  -------------------------------------------------------------------------------------------------------------------
  data required time                                                                   5.8865
  data arrival time                                                                   -5.8857
  -------------------------------------------------------------------------------------------------------------------
  slack (MET)                                                                          0.0008


  Startpoint: conv_controller_inst_ic1_fy_fx_r_reg_3_
              (rising edge-triggered flip-flop clocked by ideal_clock)
  Endpoint: conv_controller_inst_ic1_fy_fx_r_reg_3_
            (rising edge-triggered flip-flop clocked by ideal_clock)
  Path Group: ideal_clock
  Path Type: max

Attributes:
    d - dont_touch
    u - dont_use
   mo - map_only
   so - size_only
    i - ideal_net or ideal_network
  inf - infeasible path

  Point                                       Fanout       Cap     Trans      Incr       Path      Attributes
  -------------------------------------------------------------------------------------------------------------------
  clock ideal_clock (rise edge)                                             0.0000     0.0000
  clock network delay (ideal)                                               0.0000     0.0000
  conv_controller_inst_ic1_fy_fx_r_reg_3_/CLK (sky130_fd_sc_hd__dfxtp_4)   0.0000   0.0000   0.0000 r
  conv_controller_inst_ic1_fy_fx_r_reg_3_/Q (sky130_fd_sc_hd__dfxtp_4)   0.5138   0.6644   0.6644 r
  conv_controller_inst_ic1_fy_fx_r[3] (net)    35       0.1837              0.0000     0.6644 r
  U5696/B (sky130_fd_sc_hd__xnor2_1)                              0.5138    0.0001 *   0.6645 r
  U5696/Y (sky130_fd_sc_hd__xnor2_1)                              0.1702    0.1935     0.8580 r
  n46974 (net)                                  1       0.0050              0.0000     0.8580 r
  U52273/A (sky130_fd_sc_hd__buf_6)                               0.1702    0.0000 *   0.8580 r
  U52273/X (sky130_fd_sc_hd__buf_6)                               0.1948    0.2447     1.1027 r
  n3300 (net)                                  30       0.0957              0.0000     1.1027 r
  U5704/B (sky130_fd_sc_hd__nand2_2)                              0.1948    0.0001 *   1.1028 r
  U5704/Y (sky130_fd_sc_hd__nand2_2)                              0.3223    0.3100     1.4128 f
  n3574 (net)                                  28       0.0820              0.0000     1.4128 f
  U6279/B2 (sky130_fd_sc_hd__o22ai_1)                             0.3223    0.0002 *   1.4131 f
  U6279/Y (sky130_fd_sc_hd__o22ai_1)                              0.1976    0.2418     1.6549 r
  n3700 (net)                                   1       0.0050              0.0000     1.6549 r
  U6292/CIN (sky130_fd_sc_hd__fa_1)                               0.1976    0.0000 *   1.6549 r
  U6292/SUM (sky130_fd_sc_hd__fa_1)                               0.0922    0.4610     2.1159 f
  n3790 (net)                                   1       0.0055              0.0000     2.1159 f
  U6344/CIN (sky130_fd_sc_hd__fa_1)                               0.0922    0.0000 *   2.1160 f
  U6344/COUT (sky130_fd_sc_hd__fa_1)                              0.0755    0.3770     2.4930 f
  n3763 (net)                                   1       0.0036              0.0000     2.4930 f
  U6326/CI (sky130_fd_sc_hd__fah_1)                               0.0755    0.0000 *   2.4930 f
  U6326/SUM (sky130_fd_sc_hd__fah_1)                              0.0693    0.3091     2.8021 r
  n3805 (net)                                   1       0.0050              0.0000     2.8021 r
  U6358/CIN (sky130_fd_sc_hd__fa_1)                               0.0693    0.0000 *   2.8021 r
  U6358/SUM (sky130_fd_sc_hd__fa_1)                               0.1171    0.4550     3.2572 f
  n6342 (net)                                   4       0.0103              0.0000     3.2572 f
  U6359/B (sky130_fd_sc_hd__nor2_1)                               0.1171    0.0000 *   3.2572 f
  U6359/Y (sky130_fd_sc_hd__nor2_1)                               0.1159    0.1346     3.3918 r
  n3808 (net)                                   1       0.0049              0.0000     3.3918 r
  U6360/A (sky130_fd_sc_hd__inv_2)                                0.1159    0.0000 *   3.3918 r
  U6360/Y (sky130_fd_sc_hd__inv_2)                                0.0368    0.0510     3.4427 f
  n4161 (net)                                   3       0.0072              0.0000     3.4427 f
  U6498/A1 (sky130_fd_sc_hd__a21oi_1)                             0.0368    0.0000 *   3.4428 f
  U6498/Y (sky130_fd_sc_hd__a21oi_1)                              0.1870    0.1729     3.6156 r
  n5565 (net)                                   2       0.0070              0.0000     3.6156 r
  U6499/B1 (sky130_fd_sc_hd__o21ai_2)                             0.1870    0.0000 *   3.6157 r
  U6499/Y (sky130_fd_sc_hd__o21ai_2)                              0.0884    0.1166     3.7322 f
  n4078 (net)                                   2       0.0142              0.0000     3.7322 f
  U6511/A2 (sky130_fd_sc_hd__a21oi_2)                             0.0884    0.0002 *   3.7324 f
  U6511/Y (sky130_fd_sc_hd__a21oi_2)                              0.1806    0.2128     3.9452 r
  n4084 (net)                                   2       0.0122              0.0000     3.9452 r
  U6518/A2 (sky130_fd_sc_hd__o21ai_2)                             0.1806    0.0002 *   3.9453 r
  U6518/Y (sky130_fd_sc_hd__o21ai_2)                              0.0822    0.0957     4.0410 f
  n4132 (net)                                   3       0.0106              0.0000     4.0410 f
  U6519/B (sky130_fd_sc_hd__nand2_1)                              0.0822    0.0001 *   4.0410 f
  U6519/Y (sky130_fd_sc_hd__nand2_1)                              0.1316    0.1395     4.1805 r
  n4062 (net)                                   3       0.0128              0.0000     4.1805 r
  U6534/A (sky130_fd_sc_hd__nand2_2)                              0.1316    0.0002 *   4.1807 r
  U6534/Y (sky130_fd_sc_hd__nand2_2)                              0.0856    0.1044     4.2851 f
  n4503 (net)                                   6       0.0168              0.0000     4.2851 f
  U6637/A (sky130_fd_sc_hd__nand2_1)                              0.0856    0.0000 *   4.2852 f
  U6637/Y (sky130_fd_sc_hd__nand2_1)                              0.0436    0.0688     4.3540 r
  n4051 (net)                                   1       0.0026              0.0000     4.3540 r
  U6639/A (sky130_fd_sc_hd__nand2_1)                              0.0436    0.0000 *   4.3540 r
  U6639/Y (sky130_fd_sc_hd__nand2_1)                              0.0440    0.0540     4.4080 f
  n4052 (net)                                   1       0.0048              0.0000     4.4080 f
  U6640/B (sky130_fd_sc_hd__xnor2_1)                              0.0440    0.0000 *   4.4080 f
  U6640/Y (sky130_fd_sc_hd__xnor2_1)                              0.2151    0.1982     4.6062 r
  n12919 (net)                                  2       0.0076              0.0000     4.6062 r
  U6641/A (sky130_fd_sc_hd__inv_2)                                0.2151    0.0000 *   4.6062 r
  U6641/Y (sky130_fd_sc_hd__inv_2)                                0.0395    0.0419     4.6481 f
  n4067 (net)                                   1       0.0029              0.0000     4.6481 f
  U6655/CI (sky130_fd_sc_hd__fah_1)                               0.0395    0.0000 *   4.6481 f
  U6655/SUM (sky130_fd_sc_hd__fah_1)                              0.0691    0.2930     4.9411 r
  n4070 (net)                                   1       0.0050              0.0000     4.9411 r
  U6656/B (sky130_fd_sc_hd__xnor2_1)                              0.0691    0.0000 *   4.9411 r
  U6656/Y (sky130_fd_sc_hd__xnor2_1)                              0.1187    0.1115     5.0526 r
  n4072 (net)                                   1       0.0028              0.0000     5.0526 r
  U10767/A (sky130_fd_sc_hd__and2_1)                              0.1187    0.0000 *   5.0526 r
  U10767/X (sky130_fd_sc_hd__and2_1)                              0.0456    0.1327     5.1853 r
  n46655 (net)                                  1       0.0025              0.0000     5.1853 r
  U6107/A (sky130_fd_sc_hd__nand4_1)                              0.0456    0.0000 *   5.1853 r
  U6107/Y (sky130_fd_sc_hd__nand4_1)                              0.0945    0.0846     5.2698 f
  n4435 (net)                                   1       0.0048              0.0000     5.2698 f
  U7028/B (sky130_fd_sc_hd__nor2_2)                               0.0945    0.0000 *   5.2699 f
  U7028/Y (sky130_fd_sc_hd__nor2_2)                               0.1317    0.1397     5.4096 r
  n4697 (net)                                   2       0.0096              0.0000     5.4096 r
  U10758/A (sky130_fd_sc_hd__and2_4)                              0.1317    0.0000 *   5.4096 r
  U10758/X (sky130_fd_sc_hd__and2_4)                              0.0924    0.2046     5.6142 r
  n46678 (net)                                  1       0.0258              0.0000     5.6142 r
  U52239/B (sky130_fd_sc_hd__nor2_8)                              0.0924    0.0007 *   5.6149 r
  U52239/Y (sky130_fd_sc_hd__nor2_8)                              0.0578    0.0657     5.6806 f
  n46503 (net)                                 11       0.0479              0.0000     5.6806 f
  U6038/A (sky130_fd_sc_hd__inv_8)                                0.0578    0.0000 *   5.6806 f
  U6038/Y (sky130_fd_sc_hd__inv_8)                                0.1147    0.1159     5.7965 r
  n8339 (net)                                  22       0.0719              0.0000     5.7965 r
  U10679/B1 (sky130_fd_sc_hd__o2bb2ai_1)                          0.1147    0.0018 *   5.7983 r
  U10679/Y (sky130_fd_sc_hd__o2bb2ai_1)                           0.0435    0.0794     5.8777 f
  conv_controller_inst_N2560 (net)              1       0.0023              0.0000     5.8777 f
  conv_controller_inst_ic1_fy_fx_r_reg_3_/D (sky130_fd_sc_hd__dfxtp_4)   0.0435   0.0000 *   5.8777 f
  data arrival time                                                                    5.8777

  clock ideal_clock (rise edge)                                             6.0000     6.0000
  clock network delay (ideal)                                               0.0000     6.0000
  conv_controller_inst_ic1_fy_fx_r_reg_3_/CLK (sky130_fd_sc_hd__dfxtp_4)    0.0000     6.0000 r
  library setup time                                                       -0.1214     5.8786
  data required time                                                                   5.8786
  -------------------------------------------------------------------------------------------------------------------
  data required time                                                                   5.8786
  data arrival time                                                                   -5.8777
  -------------------------------------------------------------------------------------------------------------------
  slack (MET)                                                                          0.0009


  Startpoint: conv_controller_inst_ic1_fy_fx_r_reg_3_
              (rising edge-triggered flip-flop clocked by ideal_clock)
  Endpoint: conv_controller_inst_ic1_fy_fx_r_reg_3_
            (rising edge-triggered flip-flop clocked by ideal_clock)
  Path Group: ideal_clock
  Path Type: max

Attributes:
    d - dont_touch
    u - dont_use
   mo - map_only
   so - size_only
    i - ideal_net or ideal_network
  inf - infeasible path

  Point                                       Fanout       Cap     Trans      Incr       Path      Attributes
  -------------------------------------------------------------------------------------------------------------------
  clock ideal_clock (rise edge)                                             0.0000     0.0000
  clock network delay (ideal)                                               0.0000     0.0000
  conv_controller_inst_ic1_fy_fx_r_reg_3_/CLK (sky130_fd_sc_hd__dfxtp_4)   0.0000   0.0000   0.0000 r
  conv_controller_inst_ic1_fy_fx_r_reg_3_/Q (sky130_fd_sc_hd__dfxtp_4)   0.5138   0.6644   0.6644 r
  conv_controller_inst_ic1_fy_fx_r[3] (net)    35       0.1837              0.0000     0.6644 r
  U5696/B (sky130_fd_sc_hd__xnor2_1)                              0.5138    0.0001 *   0.6645 r
  U5696/Y (sky130_fd_sc_hd__xnor2_1)                              0.1702    0.1935     0.8580 r
  n46974 (net)                                  1       0.0050              0.0000     0.8580 r
  U52273/A (sky130_fd_sc_hd__buf_6)                               0.1702    0.0000 *   0.8580 r
  U52273/X (sky130_fd_sc_hd__buf_6)                               0.1948    0.2447     1.1027 r
  n3300 (net)                                  30       0.0957              0.0000     1.1027 r
  U5704/B (sky130_fd_sc_hd__nand2_2)                              0.1948    0.0001 *   1.1028 r
  U5704/Y (sky130_fd_sc_hd__nand2_2)                              0.3223    0.3100     1.4128 f
  n3574 (net)                                  28       0.0820              0.0000     1.4128 f
  U6086/B2 (sky130_fd_sc_hd__o22ai_1)                             0.3223    0.0002 *   1.4130 f
  U6086/Y (sky130_fd_sc_hd__o22ai_1)                              0.2093    0.2550     1.6680 r
  n3521 (net)                                   1       0.0058              0.0000     1.6680 r
  U6112/CIN (sky130_fd_sc_hd__fa_1)                               0.2093    0.0001 *   1.6680 r
  U6112/SUM (sky130_fd_sc_hd__fa_1)                               0.0958    0.4688     2.1369 f
  n3549 (net)                                   1       0.0062              0.0000     2.1369 f
  U6142/B (sky130_fd_sc_hd__fa_1)                                 0.0958    0.0000 *   2.1369 f
  U6142/SUM (sky130_fd_sc_hd__fa_1)                               0.0869    0.4758     2.6127 f
  n3669 (net)                                   1       0.0045              0.0000     2.6127 f
  U6240/CI (sky130_fd_sc_hd__fah_1)                               0.0869    0.0000 *   2.6127 f
  U6240/COUT (sky130_fd_sc_hd__fah_1)                             0.0598    0.2523     2.8651 f
  n3582 (net)                                   1       0.0027              0.0000     2.8651 f
  U6172/CI (sky130_fd_sc_hd__fah_1)                               0.0598    0.0000 *   2.8651 f
  U6172/COUT (sky130_fd_sc_hd__fah_1)                             0.0835    0.2804     3.1455 f
  n3588 (net)                                   1       0.0085              0.0000     3.1455 f
  U6175/B (sky130_fd_sc_hd__fa_2)                                 0.0835    0.0001 *   3.1456 f
  U6175/SUM (sky130_fd_sc_hd__fa_2)                               0.1143    0.5981     3.7437 r
  n6289 (net)                                   4       0.0166              0.0000     3.7437 r
  U6144/A (sky130_fd_sc_hd__inv_2)                                0.1143    0.0000 *   3.7437 r
  U6144/Y (sky130_fd_sc_hd__inv_2)                                0.0251    0.0334     3.7772 f
  n3586 (net)                                   1       0.0023              0.0000     3.7772 f
  U6174/A (sky130_fd_sc_hd__nand2_1)                              0.0251    0.0000 *   3.7772 f
  U6174/Y (sky130_fd_sc_hd__nand2_1)                              0.0877    0.0769     3.8541 r
  n4130 (net)                                   3       0.0078              0.0000     3.8541 r
  U6180/A (sky130_fd_sc_hd__nand2_1)                              0.0877    0.0000 *   3.8541 r
  U6180/Y (sky130_fd_sc_hd__nand2_1)                              0.0946    0.1060     3.9601 f
  n5637 (net)                                   4       0.0119              0.0000     3.9601 f
  U6181/B (sky130_fd_sc_hd__nor2_2)                               0.0946    0.0001 *   3.9602 f
  U6181/Y (sky130_fd_sc_hd__nor2_2)                               0.1200    0.1311     4.0913 r
  n5572 (net)                                   2       0.0085              0.0000     4.0913 r
  U6519/A (sky130_fd_sc_hd__nand2_1)                              0.1200    0.0000 *   4.0913 r
  U6519/Y (sky130_fd_sc_hd__nand2_1)                              0.1030    0.1184     4.2097 f
  n4062 (net)                                   3       0.0122              0.0000     4.2097 f
  U6534/A (sky130_fd_sc_hd__nand2_2)                              0.1030    0.0002 *   4.2099 f
  U6534/Y (sky130_fd_sc_hd__nand2_2)                              0.1089    0.1261     4.3360 r
  n4503 (net)                                   6       0.0177              0.0000     4.3360 r
  U6637/A (sky130_fd_sc_hd__nand2_1)                              0.1089    0.0000 *   4.3361 r
  U6637/Y (sky130_fd_sc_hd__nand2_1)                              0.0417    0.0581     4.3942 f
  n4051 (net)                                   1       0.0025              0.0000     4.3942 f
  U6639/A (sky130_fd_sc_hd__nand2_1)                              0.0417    0.0000 *   4.3942 f
  U6639/Y (sky130_fd_sc_hd__nand2_1)                              0.0629    0.0658     4.4600 r
  n4052 (net)                                   1       0.0049              0.0000     4.4600 r
  U6640/B (sky130_fd_sc_hd__xnor2_1)                              0.0629    0.0000 *   4.4600 r
  U6640/Y (sky130_fd_sc_hd__xnor2_1)                              0.2151    0.1462     4.6061 r
  n12919 (net)                                  2       0.0076              0.0000     4.6061 r
  U6641/A (sky130_fd_sc_hd__inv_2)                                0.2151    0.0000 *   4.6062 r
  U6641/Y (sky130_fd_sc_hd__inv_2)                                0.0395    0.0419     4.6480 f
  n4067 (net)                                   1       0.0029              0.0000     4.6480 f
  U6655/CI (sky130_fd_sc_hd__fah_1)                               0.0395    0.0000 *   4.6481 f
  U6655/SUM (sky130_fd_sc_hd__fah_1)                              0.0691    0.2930     4.9410 r
  n4070 (net)                                   1       0.0050              0.0000     4.9410 r
  U6656/B (sky130_fd_sc_hd__xnor2_1)                              0.0691    0.0000 *   4.9410 r
  U6656/Y (sky130_fd_sc_hd__xnor2_1)                              0.1187    0.1115     5.0525 r
  n4072 (net)                                   1       0.0028              0.0000     5.0525 r
  U10767/A (sky130_fd_sc_hd__and2_1)                              0.1187    0.0000 *   5.0525 r
  U10767/X (sky130_fd_sc_hd__and2_1)                              0.0456    0.1327     5.1852 r
  n46655 (net)                                  1       0.0025              0.0000     5.1852 r
  U6107/A (sky130_fd_sc_hd__nand4_1)                              0.0456    0.0000 *   5.1852 r
  U6107/Y (sky130_fd_sc_hd__nand4_1)                              0.0945    0.0846     5.2698 f
  n4435 (net)                                   1       0.0048              0.0000     5.2698 f
  U7028/B (sky130_fd_sc_hd__nor2_2)                               0.0945    0.0000 *   5.2698 f
  U7028/Y (sky130_fd_sc_hd__nor2_2)                               0.1317    0.1397     5.4095 r
  n4697 (net)                                   2       0.0096              0.0000     5.4095 r
  U10758/A (sky130_fd_sc_hd__and2_4)                              0.1317    0.0000 *   5.4096 r
  U10758/X (sky130_fd_sc_hd__and2_4)                              0.0924    0.2046     5.6141 r
  n46678 (net)                                  1       0.0258              0.0000     5.6141 r
  U52239/B (sky130_fd_sc_hd__nor2_8)                              0.0924    0.0007 *   5.6148 r
  U52239/Y (sky130_fd_sc_hd__nor2_8)                              0.0578    0.0657     5.6805 f
  n46503 (net)                                 11       0.0479              0.0000     5.6805 f
  U6038/A (sky130_fd_sc_hd__inv_8)                                0.0578    0.0000 *   5.6805 f
  U6038/Y (sky130_fd_sc_hd__inv_8)                                0.1147    0.1159     5.7964 r
  n8339 (net)                                  22       0.0719              0.0000     5.7964 r
  U10679/B1 (sky130_fd_sc_hd__o2bb2ai_1)                          0.1147    0.0018 *   5.7982 r
  U10679/Y (sky130_fd_sc_hd__o2bb2ai_1)                           0.0435    0.0794     5.8776 f
  conv_controller_inst_N2560 (net)              1       0.0023              0.0000     5.8776 f
  conv_controller_inst_ic1_fy_fx_r_reg_3_/D (sky130_fd_sc_hd__dfxtp_4)   0.0435   0.0000 *   5.8777 f
  data arrival time                                                                    5.8777

  clock ideal_clock (rise edge)                                             6.0000     6.0000
  clock network delay (ideal)                                               0.0000     6.0000
  conv_controller_inst_ic1_fy_fx_r_reg_3_/CLK (sky130_fd_sc_hd__dfxtp_4)    0.0000     6.0000 r
  library setup time                                                       -0.1214     5.8786
  data required time                                                                   5.8786
  -------------------------------------------------------------------------------------------------------------------
  data required time                                                                   5.8786
  data arrival time                                                                   -5.8777
  -------------------------------------------------------------------------------------------------------------------
  slack (MET)                                                                          0.0009


  Startpoint: conv_controller_inst_ic1_fy_fx_r_reg_3_
              (rising edge-triggered flip-flop clocked by ideal_clock)
  Endpoint: conv_controller_inst_systolic_array_weight_wen_reg_9_
            (rising edge-triggered flip-flop clocked by ideal_clock)
  Path Group: ideal_clock
  Path Type: max

Attributes:
    d - dont_touch
    u - dont_use
   mo - map_only
   so - size_only
    i - ideal_net or ideal_network
  inf - infeasible path

  Point                                       Fanout       Cap     Trans      Incr       Path      Attributes
  -------------------------------------------------------------------------------------------------------------------
  clock ideal_clock (rise edge)                                             0.0000     0.0000
  clock network delay (ideal)                                               0.0000     0.0000
  conv_controller_inst_ic1_fy_fx_r_reg_3_/CLK (sky130_fd_sc_hd__dfxtp_4)   0.0000   0.0000   0.0000 r
  conv_controller_inst_ic1_fy_fx_r_reg_3_/Q (sky130_fd_sc_hd__dfxtp_4)   0.5138   0.6644   0.6644 r
  conv_controller_inst_ic1_fy_fx_r[3] (net)    35       0.1837              0.0000     0.6644 r
  U5696/B (sky130_fd_sc_hd__xnor2_1)                              0.5138    0.0001 *   0.6645 r
  U5696/Y (sky130_fd_sc_hd__xnor2_1)                              0.1702    0.1935     0.8580 r
  n46974 (net)                                  1       0.0050              0.0000     0.8580 r
  U52273/A (sky130_fd_sc_hd__buf_6)                               0.1702    0.0000 *   0.8580 r
  U52273/X (sky130_fd_sc_hd__buf_6)                               0.1948    0.2447     1.1027 r
  n3300 (net)                                  30       0.0957              0.0000     1.1027 r
  U5704/B (sky130_fd_sc_hd__nand2_2)                              0.1948    0.0001 *   1.1028 r
  U5704/Y (sky130_fd_sc_hd__nand2_2)                              0.3223    0.3100     1.4128 f
  n3574 (net)                                  28       0.0820              0.0000     1.4128 f
  U7158/B2 (sky130_fd_sc_hd__o22ai_1)                             0.3223    0.0006 *   1.4134 f
  U7158/Y (sky130_fd_sc_hd__o22ai_1)                              0.2424    0.2841     1.6976 r
  n4650 (net)                                   1       0.0077              0.0000     1.6976 r
  U7159/CIN (sky130_fd_sc_hd__fa_1)                               0.2424    0.0001 *   1.6977 r
  U7159/SUM (sky130_fd_sc_hd__fa_1)                               0.1321    0.5191     2.2168 f
  n4661 (net)                                   1       0.0137              0.0000     2.2168 f
  U7162/A (sky130_fd_sc_hd__fa_2)                                 0.1321    0.0004 *   2.2172 f
  U7162/SUM (sky130_fd_sc_hd__fa_2)                               0.0656    0.5983     2.8155 r
  n4666 (net)                                   1       0.0061              0.0000     2.8155 r
  U7164/CIN (sky130_fd_sc_hd__fa_2)                               0.0656    0.0000 *   2.8156 r
  U7164/SUM (sky130_fd_sc_hd__fa_2)                               0.0847    0.4403     3.2559 f
  n4672 (net)                                   1       0.0065              0.0000     3.2559 f
  U7166/B (sky130_fd_sc_hd__fa_1)                                 0.0847    0.0000 *   3.2559 f
  U7166/SUM (sky130_fd_sc_hd__fa_1)                               0.0790    0.4598     3.7157 f
  n4674 (net)                                   1       0.0031              0.0000     3.7157 f
  U7167/CI (sky130_fd_sc_hd__fah_1)                               0.0790    0.0000 *   3.7157 f
  U7167/SUM (sky130_fd_sc_hd__fah_1)                              0.0607    0.3038     4.0195 r
  n4677 (net)                                   1       0.0040              0.0000     4.0195 r
  U7168/CI (sky130_fd_sc_hd__fah_1)                               0.0607    0.0000 *   4.0195 r
  U7168/SUM (sky130_fd_sc_hd__fah_1)                              0.1018    0.3195     4.3391 f
  n6799 (net)                                   3       0.0161              0.0000     4.3391 f
  U7169/B (sky130_fd_sc_hd__xnor2_2)                              0.1018    0.0001 *   4.3391 f
  U7169/Y (sky130_fd_sc_hd__xnor2_2)                              0.2915    0.2692     4.6083 r
  n5607 (net)                                   5       0.0194              0.0000     4.6083 r
  U8188/B (sky130_fd_sc_hd__nor2_1)                               0.2915    0.0000 *   4.6084 r
  U8188/Y (sky130_fd_sc_hd__nor2_1)                               0.0627    0.0696     4.6779 f
  n5603 (net)                                   1       0.0026              0.0000     4.6779 f
  U10987/A1 (sky130_fd_sc_hd__a22oi_1)                            0.0627    0.0000 *   4.6779 f
  U10987/Y (sky130_fd_sc_hd__a22oi_1)                             0.2005    0.2064     4.8843 r
  n5713 (net)                                   2       0.0055              0.0000     4.8843 r
  U8195/A (sky130_fd_sc_hd__nand3_1)                              0.2005    0.0000 *   4.8844 r
  U8195/Y (sky130_fd_sc_hd__nand3_1)                              0.1202    0.1403     5.0246 f
  n5721 (net)                                   3       0.0078              0.0000     5.0246 f
  U8205/B (sky130_fd_sc_hd__nand3_1)                              0.1202    0.0000 *   5.0247 f
  U8205/Y (sky130_fd_sc_hd__nand3_1)                              0.0883    0.1282     5.1529 r
  n5729 (net)                                   2       0.0055              0.0000     5.1529 r
  U8206/B (sky130_fd_sc_hd__nor2_1)                               0.0883    0.0000 *   5.1529 r
  U8206/Y (sky130_fd_sc_hd__nor2_1)                               0.0324    0.0491     5.2020 f
  n5741 (net)                                   2       0.0034              0.0000     5.2020 f
  U10772/A (sky130_fd_sc_hd__and2_1)                              0.0324    0.0000 *   5.2020 f
  U10772/X (sky130_fd_sc_hd__and2_1)                              0.0348    0.1250     5.3269 f
  n46654 (net)                                  1       0.0025              0.0000     5.3269 f
  U8278/A (sky130_fd_sc_hd__nor2_1)                               0.0348    0.0000 *   5.3269 f
  U8278/Y (sky130_fd_sc_hd__nor2_1)                               0.1565    0.1501     5.4770 r
  n6239 (net)                                   2       0.0075              0.0000     5.4770 r
  U8811/B (sky130_fd_sc_hd__nand2_2)                              0.1565    0.0000 *   5.4770 r
  U8811/Y (sky130_fd_sc_hd__nand2_2)                              0.0685    0.0998     5.5768 f
  n8135 (net)                                   3       0.0123              0.0000     5.5768 f
  U10372/A (sky130_fd_sc_hd__inv_1)                               0.0685    0.0000 *   5.5768 f
  U10372/Y (sky130_fd_sc_hd__inv_1)                               0.0729    0.0852     5.6620 r
  n8063 (net)                                   2       0.0074              0.0000     5.6620 r
  U10373/A (sky130_fd_sc_hd__inv_2)                               0.0729    0.0000 *   5.6620 r
  U10373/Y (sky130_fd_sc_hd__inv_2)                               0.0236    0.0361     5.6981 f
  n8054 (net)                                   1       0.0045              0.0000     5.6981 f
  U10374/A (sky130_fd_sc_hd__nand2_2)                             0.0236    0.0000 *   5.6981 f
  U10374/Y (sky130_fd_sc_hd__nand2_2)                             0.0429    0.0377     5.7358 r
  n8056 (net)                                   1       0.0028              0.0000     5.7358 r
  U10376/A (sky130_fd_sc_hd__nor2_1)                              0.0429    0.0000 *   5.7358 r
  U10376/Y (sky130_fd_sc_hd__nor2_1)                              0.0333    0.0465     5.7823 f
  n8059 (net)                                   1       0.0049              0.0000     5.7823 f
  U10380/A (sky130_fd_sc_hd__nand2_2)                             0.0333    0.0000 *   5.7823 f
  U10380/Y (sky130_fd_sc_hd__nand2_2)                             0.0621    0.0614     5.8437 r
  n13538 (net)                                  3       0.0081              0.0000     5.8437 r
  U10773/B (sky130_fd_sc_hd__nor2_1)                              0.0621    0.0000 *   5.8437 r
  U10773/Y (sky130_fd_sc_hd__nor2_1)                              0.0391    0.0366     5.8803 f
  conv_controller_inst_N2599 (net)              1       0.0019              0.0000     5.8803 f
  conv_controller_inst_systolic_array_weight_wen_reg_9_/D (sky130_fd_sc_hd__dfxtp_1)   0.0391   0.0000 *   5.8803 f
  data arrival time                                                                    5.8803

  clock ideal_clock (rise edge)                                             6.0000     6.0000
  clock network delay (ideal)                                               0.0000     6.0000
  conv_controller_inst_systolic_array_weight_wen_reg_9_/CLK (sky130_fd_sc_hd__dfxtp_1)   0.0000   6.0000 r
  library setup time                                                       -0.1184     5.8816
  data required time                                                                   5.8816
  -------------------------------------------------------------------------------------------------------------------
  data required time                                                                   5.8816
  data arrival time                                                                   -5.8803
  -------------------------------------------------------------------------------------------------------------------
  slack (MET)                                                                          0.0012


  Startpoint: conv_controller_inst_ic1_fy_fx_r_reg_3_
              (rising edge-triggered flip-flop clocked by ideal_clock)
  Endpoint: conv_controller_inst_ic1_fy_fx_r_reg_3_
            (rising edge-triggered flip-flop clocked by ideal_clock)
  Path Group: ideal_clock
  Path Type: max

Attributes:
    d - dont_touch
    u - dont_use
   mo - map_only
   so - size_only
    i - ideal_net or ideal_network
  inf - infeasible path

  Point                                       Fanout       Cap     Trans      Incr       Path      Attributes
  -------------------------------------------------------------------------------------------------------------------
  clock ideal_clock (rise edge)                                             0.0000     0.0000
  clock network delay (ideal)                                               0.0000     0.0000
  conv_controller_inst_ic1_fy_fx_r_reg_3_/CLK (sky130_fd_sc_hd__dfxtp_4)   0.0000   0.0000   0.0000 r
  conv_controller_inst_ic1_fy_fx_r_reg_3_/Q (sky130_fd_sc_hd__dfxtp_4)   0.5138   0.6644   0.6644 r
  conv_controller_inst_ic1_fy_fx_r[3] (net)    35       0.1837              0.0000     0.6644 r
  U5696/B (sky130_fd_sc_hd__xnor2_1)                              0.5138    0.0001 *   0.6645 r
  U5696/Y (sky130_fd_sc_hd__xnor2_1)                              0.1702    0.1935     0.8580 r
  n46974 (net)                                  1       0.0050              0.0000     0.8580 r
  U52273/A (sky130_fd_sc_hd__buf_6)                               0.1702    0.0000 *   0.8580 r
  U52273/X (sky130_fd_sc_hd__buf_6)                               0.1948    0.2447     1.1027 r
  n3300 (net)                                  30       0.0957              0.0000     1.1027 r
  U5704/B (sky130_fd_sc_hd__nand2_2)                              0.1948    0.0001 *   1.1028 r
  U5704/Y (sky130_fd_sc_hd__nand2_2)                              0.3223    0.3100     1.4128 f
  n3574 (net)                                  28       0.0820              0.0000     1.4128 f
  U6573/B2 (sky130_fd_sc_hd__o22ai_1)                             0.3223    0.0005 *   1.4133 f
  U6573/Y (sky130_fd_sc_hd__o22ai_1)                              0.3235    0.3530     1.7663 r
  n4409 (net)                                   1       0.0125              0.0000     1.7663 r
  U7014/CIN (sky130_fd_sc_hd__fa_1)                               0.3235    0.0005 *   1.7668 r
  U7014/SUM (sky130_fd_sc_hd__fa_1)                               0.1029    0.5044     2.2712 f
  n4420 (net)                                   1       0.0075              0.0000     2.2712 f
  U7017/A (sky130_fd_sc_hd__fa_1)                                 0.1029    0.0000 *   2.2713 f
  U7017/COUT (sky130_fd_sc_hd__fa_1)                              0.0857    0.4477     2.7190 f
  n4495 (net)                                   1       0.0055              0.0000     2.7190 f
  U7077/CIN (sky130_fd_sc_hd__fa_2)                               0.0857    0.0000 *   2.7190 f
  U7077/SUM (sky130_fd_sc_hd__fa_2)                               0.0703    0.5482     3.2673 r
  n4485 (net)                                   1       0.0072              0.0000     3.2673 r
  U7073/A (sky130_fd_sc_hd__fa_1)                                 0.0703    0.0000 *   3.2673 r
  U7073/SUM (sky130_fd_sc_hd__fa_1)                               0.0767    0.3839     3.6511 f
  n4438 (net)                                   1       0.0028              0.0000     3.6511 f
  U7033/CI (sky130_fd_sc_hd__fah_1)                               0.0767    0.0000 *   3.6511 f
  U7033/SUM (sky130_fd_sc_hd__fah_1)                              0.2009    0.4089     4.0600 r
  n6258 (net)                                   5       0.0199              0.0000     4.0600 r
  U7020/B (sky130_fd_sc_hd__nor2_1)                               0.2009    0.0001 *   4.0601 r
  U7020/Y (sky130_fd_sc_hd__nor2_1)                               0.0707    0.0938     4.1539 f
  n4508 (net)                                   3       0.0077              0.0000     4.1539 f
  U7083/B (sky130_fd_sc_hd__nor2_1)                               0.0707    0.0000 *   4.1539 f
  U7083/Y (sky130_fd_sc_hd__nor2_1)                               0.1242    0.1246     4.2785 r
  n4504 (net)                                   2       0.0055              0.0000     4.2785 r
  U52295/A (sky130_fd_sc_hd__nand2_1)                             0.1242    0.0000 *   4.2785 r
  U52295/Y (sky130_fd_sc_hd__nand2_1)                             0.0556    0.0551     4.3336 f
  n47001 (net)                                  1       0.0017              0.0000     4.3336 f
  U6852/A (sky130_fd_sc_hd__and2_0)                               0.0556    0.0000 *   4.3336 f
  U6852/X (sky130_fd_sc_hd__and2_0)                               0.0697    0.1612     4.4948 f
  n46548 (net)                                  2       0.0070              0.0000     4.4948 f
  U7089/B1 (sky130_fd_sc_hd__o21ai_2)                             0.0697    0.0000 *   4.4948 f
  U7089/Y (sky130_fd_sc_hd__o21ai_2)                              0.1456    0.0818     4.5766 r
  n4680 (net)                                   2       0.0087              0.0000     4.5766 r
  U52292/B (sky130_fd_sc_hd__xor2_1)                              0.1456    0.0000 *   4.5766 r
  U52292/X (sky130_fd_sc_hd__xor2_1)                              0.2679    0.2676     4.8442 r
  n12911 (net)                                  3       0.0111              0.0000     4.8442 r
  U52291/B (sky130_fd_sc_hd__xor2_1)                              0.2679    0.0000 *   4.8442 r
  U52291/X (sky130_fd_sc_hd__xor2_1)                              0.1679    0.2099     5.0540 r
  n4515 (net)                                   1       0.0057              0.0000     5.0540 r
  U7093/A (sky130_fd_sc_hd__xnor2_1)                              0.1679    0.0000 *   5.0541 r
  U7093/Y (sky130_fd_sc_hd__xnor2_1)                              0.1611    0.1510     5.2051 r
  n4689 (net)                                   1       0.0049              0.0000     5.2051 r
  U7177/A (sky130_fd_sc_hd__nor2_1)                               0.1611    0.0000 *   5.2051 r
  U7177/Y (sky130_fd_sc_hd__nor2_1)                               0.0698    0.0938     5.2989 f
  n4696 (net)                                   2       0.0079              0.0000     5.2989 f
  U10758/B (sky130_fd_sc_hd__and2_4)                              0.0698    0.0000 *   5.2989 f
  U10758/X (sky130_fd_sc_hd__and2_4)                              0.0531    0.1930     5.4919 f
  n46678 (net)                                  1       0.0235              0.0000     5.4919 f
  U52239/B (sky130_fd_sc_hd__nor2_8)                              0.0531    0.0007 *   5.4926 f
  U52239/Y (sky130_fd_sc_hd__nor2_8)                              0.2127    0.1884     5.6809 r
  n46503 (net)                                 11       0.0510              0.0000     5.6809 r
  U6038/A (sky130_fd_sc_hd__inv_8)                                0.2127    0.0000 *   5.6809 r
  U6038/Y (sky130_fd_sc_hd__inv_8)                                0.0770    0.0959     5.7769 f
  n8339 (net)                                  22       0.0672              0.0000     5.7769 f
  U10679/B1 (sky130_fd_sc_hd__o2bb2ai_1)                          0.0770    0.0018 *   5.7787 f
  U10679/Y (sky130_fd_sc_hd__o2bb2ai_1)                           0.1035    0.1391     5.9178 r
  conv_controller_inst_N2560 (net)              1       0.0024              0.0000     5.9178 r
  conv_controller_inst_ic1_fy_fx_r_reg_3_/D (sky130_fd_sc_hd__dfxtp_4)   0.1035   0.0000 *   5.9178 r
  data arrival time                                                                    5.9178

  clock ideal_clock (rise edge)                                             6.0000     6.0000
  clock network delay (ideal)                                               0.0000     6.0000
  conv_controller_inst_ic1_fy_fx_r_reg_3_/CLK (sky130_fd_sc_hd__dfxtp_4)    0.0000     6.0000 r
  library setup time                                                       -0.0809     5.9191
  data required time                                                                   5.9191
  -------------------------------------------------------------------------------------------------------------------
  data required time                                                                   5.9191
  data arrival time                                                                   -5.9178
  -------------------------------------------------------------------------------------------------------------------
  slack (MET)                                                                          0.0013


  Startpoint: ifmap_double_buffer_inst_ram_genblk1_8__genblk1_0__sram_macro/clk1
              (internal path startpoint clocked by ideal_clock)
  Endpoint: systolic_array_with_skew_inst_systolic_array_inst/row_0__col_0__mac_inst_ofmap_r_reg_15_
            (rising edge-triggered flip-flop clocked by ideal_clock)
  Path Group: ideal_clock
  Path Type: max

Attributes:
    d - dont_touch
    u - dont_use
   mo - map_only
   so - size_only
    i - ideal_net or ideal_network
  inf - infeasible path

  Point                                       Fanout       Cap     Trans      Incr       Path      Attributes
  -------------------------------------------------------------------------------------------------------------------
  clock ideal_clock (fall edge)                                             3.0000     3.0000
  clock network delay (ideal)                                               0.0000     3.0000
  input external delay                                                      0.0000     3.0000 f
  ifmap_double_buffer_inst_ram_genblk1_8__genblk1_0__sram_macro/clk1 (sky130_sram_1kbyte_1rw1r_32x256_8)   0.0000   0.0000 #   3.0000 f d u mo 
  ifmap_double_buffer_inst_ram_genblk1_8__genblk1_0__sram_macro/dout1[5] (sky130_sram_1kbyte_1rw1r_32x256_8)   0.0057   0.3331   3.3331 f d u mo 
  ifmap_double_buffer_inst_ram_dout1[2565] (net)     1   0.0082             0.0000     3.3331 f
  U47721/A (sky130_fd_sc_hd__nand2_2)                             0.0043    0.0002 *   3.3333 f
  U47721/Y (sky130_fd_sc_hd__nand2_2)                             0.0460    0.0292     3.3625 r
  n46878 (net)                                  1       0.0025              0.0000     3.3625 r
  U52198/D (sky130_fd_sc_hd__nand4_1)                             0.0460    0.0000 *   3.3625 r
  U52198/Y (sky130_fd_sc_hd__nand4_1)                             0.1130    0.1232     3.4858 f
  n8411 (net)                                   1       0.0068              0.0000     3.4858 f
  U10741/A (sky130_fd_sc_hd__inv_2)                               0.1130    0.0001 *   3.4858 f
  U10741/Y (sky130_fd_sc_hd__inv_2)                               0.0701    0.1018     3.5876 r
  n8420 (net)                                   1       0.0125              0.0000     3.5876 r
  U47452/B (sky130_fd_sc_hd__nand2_1)                             0.0701    0.0001 *   3.5877 r
  U47452/Y (sky130_fd_sc_hd__nand2_1)                             0.0481    0.0629     3.6506 f
  n46863 (net)                                  1       0.0043              0.0000     3.6506 f
  U41166/A (sky130_fd_sc_hd__inv_2)                               0.0481    0.0000 *   3.6506 f
  U41166/Y (sky130_fd_sc_hd__inv_2)                               0.0512    0.0633     3.7139 r
  n8422 (net)                                   1       0.0095              0.0000     3.7139 r
  U52249/B (sky130_fd_sc_hd__nand3_4)                             0.0512    0.0000 *   3.7140 r
  U52249/Y (sky130_fd_sc_hd__nand3_4)                             0.0667    0.0792     3.7932 f
  systolic_array_with_skew_inst_ifmap[5] (net)     1    0.0126              0.0000     3.7932 f
  systolic_array_with_skew_inst_systolic_array_inst/ifmap_in[5] (conv_systolic_array_IFMAP_WIDTH8_WEIGHT_WIDTH8_OFMAP_WIDTH32_ARRAY_HEIGHT16_ARRAY_WIDTH16_0)   0.0000   3.7932 f
  systolic_array_with_skew_inst_systolic_array_inst/ifmap_in[5] (net)   0.0126   0.0000   3.7932 f
  systolic_array_with_skew_inst_systolic_array_inst/U64964/A (sky130_fd_sc_hd__buf_12)   0.0667   0.0004 *   3.7935 f
  systolic_array_with_skew_inst_systolic_array_inst/U64964/X (sky130_fd_sc_hd__buf_12)   0.0662   0.1735   3.9670 f
  systolic_array_with_skew_inst_systolic_array_inst/n126677 (net)     5   0.1054   0.0000   3.9670 f
  systolic_array_with_skew_inst_systolic_array_inst/U123/B (sky130_fd_sc_hd__xnor2_4)   0.0674   0.0139 *   3.9809 f
  systolic_array_with_skew_inst_systolic_array_inst/U123/Y (sky130_fd_sc_hd__xnor2_4)   0.1633   0.1684   4.1493 r
  systolic_array_with_skew_inst_systolic_array_inst/n87 (net)     2   0.0128   0.0000   4.1493 r
  systolic_array_with_skew_inst_systolic_array_inst/U64567/B1 (sky130_fd_sc_hd__o22ai_1)   0.1633   0.0000 *   4.1493 r
  systolic_array_with_skew_inst_systolic_array_inst/U64567/Y (sky130_fd_sc_hd__o22ai_1)   0.1076   0.1323   4.2816 f
  systolic_array_with_skew_inst_systolic_array_inst/n141 (net)     2   0.0072   0.0000   4.2816 f
  systolic_array_with_skew_inst_systolic_array_inst/U65120/A (sky130_fd_sc_hd__clkbuf_1)   0.1076   0.0000 *   4.2816 f
  systolic_array_with_skew_inst_systolic_array_inst/U65120/X (sky130_fd_sc_hd__clkbuf_1)   0.0380   0.1242   4.4058 f
  systolic_array_with_skew_inst_systolic_array_inst/n126619 (net)     2   0.0047   0.0000   4.4058 f
  systolic_array_with_skew_inst_systolic_array_inst/U221/A1 (sky130_fd_sc_hd__o21ai_1)   0.0380   0.0000 *   4.4058 f
  systolic_array_with_skew_inst_systolic_array_inst/U221/Y (sky130_fd_sc_hd__o21ai_1)   0.0984   0.1195   4.5253 r
  systolic_array_with_skew_inst_systolic_array_inst/n143 (net)     1   0.0027   0.0000   4.5253 r
  systolic_array_with_skew_inst_systolic_array_inst/U223/A (sky130_fd_sc_hd__nand2_1)   0.0984   0.0000 *   4.5254 r
  systolic_array_with_skew_inst_systolic_array_inst/U223/Y (sky130_fd_sc_hd__nand2_1)   0.0873   0.1034   4.6288 f
  systolic_array_with_skew_inst_systolic_array_inst/n294 (net)     3   0.0107   0.0000   4.6288 f
  systolic_array_with_skew_inst_systolic_array_inst/U227/A (sky130_fd_sc_hd__xnor2_1)   0.0873   0.0000 *   4.6288 f
  systolic_array_with_skew_inst_systolic_array_inst/U227/Y (sky130_fd_sc_hd__xnor2_1)   0.1612   0.1934   4.8222 r
  systolic_array_with_skew_inst_systolic_array_inst/n171 (net)     1   0.0049   0.0000   4.8222 r
  systolic_array_with_skew_inst_systolic_array_inst/U64875/B (sky130_fd_sc_hd__xnor2_1)   0.1612   0.0000 *   4.8222 r
  systolic_array_with_skew_inst_systolic_array_inst/U64875/Y (sky130_fd_sc_hd__xnor2_1)   0.1692   0.1539   4.9761 r
  systolic_array_with_skew_inst_systolic_array_inst/n176 (net)     2   0.0053   0.0000   4.9761 r
  systolic_array_with_skew_inst_systolic_array_inst/U11116/A (sky130_fd_sc_hd__inv_1)   0.1692   0.0000 *   4.9761 r
  systolic_array_with_skew_inst_systolic_array_inst/U11116/Y (sky130_fd_sc_hd__inv_1)   0.0514   0.0689   5.0451 f
  systolic_array_with_skew_inst_systolic_array_inst/n126514 (net)     1   0.0043   0.0000   5.0451 f
  systolic_array_with_skew_inst_systolic_array_inst/U64457/A (sky130_fd_sc_hd__nand2_2)   0.0514   0.0000 *   5.0451 f
  systolic_array_with_skew_inst_systolic_array_inst/U64457/Y (sky130_fd_sc_hd__nand2_2)   0.0572   0.0654   5.1105 r
  systolic_array_with_skew_inst_systolic_array_inst/n116359 (net)     2   0.0071   0.0000   5.1105 r
  systolic_array_with_skew_inst_systolic_array_inst/U119989/A (sky130_fd_sc_hd__inv_2)   0.0572   0.0000 *   5.1105 r
  systolic_array_with_skew_inst_systolic_array_inst/U119989/Y (sky130_fd_sc_hd__inv_2)   0.0256   0.0392   5.1497 f
  systolic_array_with_skew_inst_systolic_array_inst/n116360 (net)     2   0.0075   0.0000   5.1497 f
  systolic_array_with_skew_inst_systolic_array_inst/U64881/B (sky130_fd_sc_hd__nor2_2)   0.0256   0.0000 *   5.1497 f
  systolic_array_with_skew_inst_systolic_array_inst/U64881/Y (sky130_fd_sc_hd__nor2_2)   0.0905   0.0837   5.2335 r
  systolic_array_with_skew_inst_systolic_array_inst/n126603 (net)     1   0.0056   0.0000   5.2335 r
  systolic_array_with_skew_inst_systolic_array_inst/U64430/B (sky130_fd_sc_hd__nand2_2)   0.0905   0.0000 *   5.2335 r
  systolic_array_with_skew_inst_systolic_array_inst/U64430/Y (sky130_fd_sc_hd__nand2_2)   0.0428   0.0669   5.3004 f
  systolic_array_with_skew_inst_systolic_array_inst/n126531 (net)     2   0.0070   0.0000   5.3004 f
  systolic_array_with_skew_inst_systolic_array_inst/U64423/A (sky130_fd_sc_hd__nand2_2)   0.0428   0.0000 *   5.3004 f
  systolic_array_with_skew_inst_systolic_array_inst/U64423/Y (sky130_fd_sc_hd__nand2_2)   0.0679   0.0696   5.3700 r
  systolic_array_with_skew_inst_systolic_array_inst/n126606 (net)     1   0.0093   0.0000   5.3700 r
  systolic_array_with_skew_inst_systolic_array_inst/U64884/B (sky130_fd_sc_hd__nand2_4)   0.0679   0.0000 *   5.3700 r
  systolic_array_with_skew_inst_systolic_array_inst/U64884/Y (sky130_fd_sc_hd__nand2_4)   0.0825   0.0920   5.4620 f
  systolic_array_with_skew_inst_systolic_array_inst/n318 (net)     1   0.0338   0.0000   5.4620 f
  systolic_array_with_skew_inst_systolic_array_inst/U384/A (sky130_fd_sc_hd__nand2_8)   0.0825   0.0022 *   5.4642 f
  systolic_array_with_skew_inst_systolic_array_inst/U384/Y (sky130_fd_sc_hd__nand2_8)   0.1810   0.1692   5.6335 r
  systolic_array_with_skew_inst_systolic_array_inst/n116428 (net)    21   0.0981   0.0000   5.6335 r
  systolic_array_with_skew_inst_systolic_array_inst/U64468/A (sky130_fd_sc_hd__nand2_2)   0.1810   0.0020 *   5.6355 r
  systolic_array_with_skew_inst_systolic_array_inst/U64468/Y (sky130_fd_sc_hd__nand2_2)   0.0609   0.0756   5.7111 f
  systolic_array_with_skew_inst_systolic_array_inst/n126517 (net)     2   0.0064   0.0000   5.7111 f
  systolic_array_with_skew_inst_systolic_array_inst/U64466/A2 (sky130_fd_sc_hd__o211ai_2)   0.0609   0.0000 *   5.7111 f
  systolic_array_with_skew_inst_systolic_array_inst/U64466/Y (sky130_fd_sc_hd__o211ai_2)   0.1087   0.1271   5.8382 r
  systolic_array_with_skew_inst_systolic_array_inst/n126520 (net)     1   0.0025   0.0000   5.8382 r
  systolic_array_with_skew_inst_systolic_array_inst/U64471/A (sky130_fd_sc_hd__inv_1)   0.1087   0.0000 *   5.8382 r
  systolic_array_with_skew_inst_systolic_array_inst/U64471/Y (sky130_fd_sc_hd__inv_1)   0.0309   0.0442   5.8824 f
  systolic_array_with_skew_inst_systolic_array_inst/row_0__col_0__mac_inst_N27 (net)     1   0.0020   0.0000   5.8824 f
  systolic_array_with_skew_inst_systolic_array_inst/row_0__col_0__mac_inst_ofmap_r_reg_15_/D (sky130_fd_sc_hd__dfxtp_4)   0.0309   0.0000 *   5.8824 f
  data arrival time                                                                    5.8824

  clock ideal_clock (rise edge)                                             6.0000     6.0000
  clock network delay (ideal)                                               0.0000     6.0000
  systolic_array_with_skew_inst_systolic_array_inst/row_0__col_0__mac_inst_ofmap_r_reg_15_/CLK (sky130_fd_sc_hd__dfxtp_4)   0.0000   6.0000 r
  library setup time                                                       -0.1159     5.8841
  data required time                                                                   5.8841
  -------------------------------------------------------------------------------------------------------------------
  data required time                                                                   5.8841
  data arrival time                                                                   -5.8824
  -------------------------------------------------------------------------------------------------------------------
  slack (MET)                                                                          0.0016


  Startpoint: ifmap_double_buffer_inst_ram_genblk1_14__genblk1_0__sram_macro/clk1
              (internal path startpoint clocked by ideal_clock)
  Endpoint: systolic_array_with_skew_inst_systolic_array_inst/row_0__col_0__mac_inst_ofmap_r_reg_23_
            (rising edge-triggered flip-flop clocked by ideal_clock)
  Path Group: ideal_clock
  Path Type: max

Attributes:
    d - dont_touch
    u - dont_use
   mo - map_only
   so - size_only
    i - ideal_net or ideal_network
  inf - infeasible path

  Point                                       Fanout       Cap     Trans      Incr       Path      Attributes
  -------------------------------------------------------------------------------------------------------------------
  clock ideal_clock (fall edge)                                             3.0000     3.0000
  clock network delay (ideal)                                               0.0000     3.0000
  input external delay                                                      0.0000     3.0000 f
  ifmap_double_buffer_inst_ram_genblk1_14__genblk1_0__sram_macro/clk1 (sky130_sram_1kbyte_1rw1r_32x256_8)   0.0000   0.0000 #   3.0000 f d u mo 
  ifmap_double_buffer_inst_ram_genblk1_14__genblk1_0__sram_macro/dout1[7] (sky130_sram_1kbyte_1rw1r_32x256_8)   0.0106   0.3848   3.3848 f d u mo 
  ifmap_double_buffer_inst_ram_dout1[2311] (net)     1   0.0174             0.0000     3.3848 f
  U10636/A (sky130_fd_sc_hd__nand2_4)                             0.0079    0.0005 *   3.3853 f
  U10636/Y (sky130_fd_sc_hd__nand2_4)                             0.0660    0.0507     3.4360 r
  n8309 (net)                                   1       0.0131              0.0000     3.4360 r
  U10640/A (sky130_fd_sc_hd__nand4_4)                             0.0660    0.0002 *   3.4362 r
  U10640/Y (sky130_fd_sc_hd__nand4_4)                             0.0815    0.0769     3.5131 f
  n8310 (net)                                   1       0.0087              0.0000     3.5131 f
  U52234/B (sky130_fd_sc_hd__nor2_1)                              0.0815    0.0000 *   3.5132 f
  U52234/Y (sky130_fd_sc_hd__nor2_1)                              0.0749    0.0906     3.6038 r
  n46963 (net)                                  1       0.0024              0.0000     3.6038 r
  U52241/A (sky130_fd_sc_hd__nand2_1)                             0.0749    0.0000 *   3.6038 r
  U52241/Y (sky130_fd_sc_hd__nand2_1)                             0.0475    0.0629     3.6666 f
  n47016 (net)                                  1       0.0046              0.0000     3.6666 f
  U52308/A (sky130_fd_sc_hd__inv_2)                               0.0475    0.0000 *   3.6666 f
  U52308/Y (sky130_fd_sc_hd__inv_2)                               0.1059    0.1021     3.7687 r
  n47015 (net)                                  1       0.0220              0.0000     3.7687 r
  U37640/A (sky130_fd_sc_hd__nand3_2)                             0.1059    0.0012 *   3.7699 r
  U37640/Y (sky130_fd_sc_hd__nand3_2)                             0.0689    0.0820     3.8519 f
  systolic_array_with_skew_inst_ifmap[7] (net)     1    0.0068              0.0000     3.8519 f
  systolic_array_with_skew_inst_systolic_array_inst/ifmap_in[7] (conv_systolic_array_IFMAP_WIDTH8_WEIGHT_WIDTH8_OFMAP_WIDTH32_ARRAY_HEIGHT16_ARRAY_WIDTH16_0)   0.0000   3.8519 f
  systolic_array_with_skew_inst_systolic_array_inst/ifmap_in[7] (net)   0.0068   0.0000   3.8519 f
  systolic_array_with_skew_inst_systolic_array_inst/U64440/A (sky130_fd_sc_hd__buf_8)   0.0689   0.0000 *   3.8519 f
  systolic_array_with_skew_inst_systolic_array_inst/U64440/X (sky130_fd_sc_hd__buf_8)   0.0667   0.1696   4.0215 f
  systolic_array_with_skew_inst_systolic_array_inst/n126665 (net)     5   0.0769   0.0000   4.0215 f
  systolic_array_with_skew_inst_systolic_array_inst/U27443/B (sky130_fd_sc_hd__xnor2_1)   0.0667   0.0079 *   4.0294 f
  systolic_array_with_skew_inst_systolic_array_inst/U27443/Y (sky130_fd_sc_hd__xnor2_1)   0.0966   0.1555   4.1849 f
  systolic_array_with_skew_inst_systolic_array_inst/n8 (net)     2   0.0079   0.0000   4.1849 f
  systolic_array_with_skew_inst_systolic_array_inst/U26400/B2 (sky130_fd_sc_hd__o22ai_1)   0.0966   0.0000 *   4.1849 f
  systolic_array_with_skew_inst_systolic_array_inst/U26400/Y (sky130_fd_sc_hd__o22ai_1)   0.2315   0.1923   4.3772 r
  systolic_array_with_skew_inst_systolic_array_inst/n42 (net)     1   0.0077   0.0000   4.3772 r
  systolic_array_with_skew_inst_systolic_array_inst/U101/B (sky130_fd_sc_hd__fah_1)   0.2315   0.0000 *   4.3772 r
  systolic_array_with_skew_inst_systolic_array_inst/U101/COUT (sky130_fd_sc_hd__fah_1)   0.3400   0.5316   4.9088 r
  systolic_array_with_skew_inst_systolic_array_inst/n319 (net)     2   0.0355   0.0000   4.9088 r
  systolic_array_with_skew_inst_systolic_array_inst/U33/A (sky130_fd_sc_hd__nand2_2)   0.3400   0.0021 *   4.9109 r
  systolic_array_with_skew_inst_systolic_array_inst/U33/Y (sky130_fd_sc_hd__nand2_2)   0.0888   0.0956   5.0065 f
  systolic_array_with_skew_inst_systolic_array_inst/n116426 (net)     2   0.0071   0.0000   5.0065 f
  systolic_array_with_skew_inst_systolic_array_inst/U34/A (sky130_fd_sc_hd__inv_2)   0.0888   0.0000 *   5.0065 f
  systolic_array_with_skew_inst_systolic_array_inst/U34/Y (sky130_fd_sc_hd__inv_2)   0.0521   0.0762   5.0828 r
  systolic_array_with_skew_inst_systolic_array_inst/n535 (net)     2   0.0083   0.0000   5.0828 r
  systolic_array_with_skew_inst_systolic_array_inst/U41/A1 (sky130_fd_sc_hd__a21oi_2)   0.0521   0.0001 *   5.0828 r
  systolic_array_with_skew_inst_systolic_array_inst/U41/Y (sky130_fd_sc_hd__a21oi_2)   0.0613   0.0639   5.1467 f
  systolic_array_with_skew_inst_systolic_array_inst/n572 (net)     2   0.0102   0.0000   5.1467 f
  systolic_array_with_skew_inst_systolic_array_inst/U49/A2 (sky130_fd_sc_hd__o21ai_2)   0.0613   0.0001 *   5.1468 f
  systolic_array_with_skew_inst_systolic_array_inst/U49/Y (sky130_fd_sc_hd__o21ai_2)   0.1612   0.1617   5.3086 r
  systolic_array_with_skew_inst_systolic_array_inst/n448 (net)     3   0.0102   0.0000   5.3086 r
  systolic_array_with_skew_inst_systolic_array_inst/U58/A1 (sky130_fd_sc_hd__a21oi_2)   0.1612   0.0000 *   5.3086 r
  systolic_array_with_skew_inst_systolic_array_inst/U58/Y (sky130_fd_sc_hd__a21oi_2)   0.0614   0.0852   5.3938 f
  systolic_array_with_skew_inst_systolic_array_inst/n501 (net)     3   0.0072   0.0000   5.3938 f
  systolic_array_with_skew_inst_systolic_array_inst/U60/A2 (sky130_fd_sc_hd__o21ai_1)   0.0614   0.0000 *   5.3938 f
  systolic_array_with_skew_inst_systolic_array_inst/U60/Y (sky130_fd_sc_hd__o21ai_1)   0.1342   0.1418   5.5356 r
  systolic_array_with_skew_inst_systolic_array_inst/n22 (net)     1   0.0047   0.0000   5.5356 r
  systolic_array_with_skew_inst_systolic_array_inst/U61/A (sky130_fd_sc_hd__inv_2)   0.1342   0.0000 *   5.5356 r
  systolic_array_with_skew_inst_systolic_array_inst/U61/Y (sky130_fd_sc_hd__inv_2)   0.0372   0.0495   5.5851 f
  systolic_array_with_skew_inst_systolic_array_inst/n322 (net)     2   0.0059   0.0000   5.5851 f
  systolic_array_with_skew_inst_systolic_array_inst/U8584/A (sky130_fd_sc_hd__and2_1)   0.0372   0.0000 *   5.5851 f
  systolic_array_with_skew_inst_systolic_array_inst/U8584/X (sky130_fd_sc_hd__and2_1)   0.0360   0.1285   5.7136 f
  systolic_array_with_skew_inst_systolic_array_inst/n114260 (net)     1   0.0028   0.0000   5.7136 f
  systolic_array_with_skew_inst_systolic_array_inst/U7299/A2 (sky130_fd_sc_hd__a21oi_1)   0.0360   0.0000 *   5.7136 f
  systolic_array_with_skew_inst_systolic_array_inst/U7299/Y (sky130_fd_sc_hd__a21oi_1)   0.1067   0.1311   5.8447 r
  systolic_array_with_skew_inst_systolic_array_inst/n331 (net)     1   0.0028   0.0000   5.8447 r
  systolic_array_with_skew_inst_systolic_array_inst/U64446/A (sky130_fd_sc_hd__nand2_1)   0.1067   0.0000 *   5.8447 r
  systolic_array_with_skew_inst_systolic_array_inst/U64446/Y (sky130_fd_sc_hd__nand2_1)   0.0399   0.0557   5.9004 f
  systolic_array_with_skew_inst_systolic_array_inst/n126511 (net)     1   0.0022   0.0000   5.9004 f
  systolic_array_with_skew_inst_systolic_array_inst/U64445/A (sky130_fd_sc_hd__inv_1)   0.0399   0.0000 *   5.9004 f
  systolic_array_with_skew_inst_systolic_array_inst/U64445/Y (sky130_fd_sc_hd__inv_1)   0.0281   0.0414   5.9419 r
  systolic_array_with_skew_inst_systolic_array_inst/row_0__col_0__mac_inst_N35 (net)     1   0.0019   0.0000   5.9419 r
  systolic_array_with_skew_inst_systolic_array_inst/row_0__col_0__mac_inst_ofmap_r_reg_23_/D (sky130_fd_sc_hd__dfxtp_1)   0.0281   0.0000 *   5.9419 r
  data arrival time                                                                    5.9419

  clock ideal_clock (rise edge)                                             6.0000     6.0000
  clock network delay (ideal)                                               0.0000     6.0000
  systolic_array_with_skew_inst_systolic_array_inst/row_0__col_0__mac_inst_ofmap_r_reg_23_/CLK (sky130_fd_sc_hd__dfxtp_1)   0.0000   6.0000 r
  library setup time                                                       -0.0565     5.9435
  data required time                                                                   5.9435
  -------------------------------------------------------------------------------------------------------------------
  data required time                                                                   5.9435
  data arrival time                                                                   -5.9419
  -------------------------------------------------------------------------------------------------------------------
  slack (MET)                                                                          0.0017


  Startpoint: ifmap_double_buffer_inst_ram_genblk1_15__genblk1_0__sram_macro/clk1
              (internal path startpoint clocked by ideal_clock)
  Endpoint: systolic_array_with_skew_inst_systolic_array_inst/row_0__col_0__mac_inst_ofmap_r_reg_30_
            (rising edge-triggered flip-flop clocked by ideal_clock)
  Path Group: ideal_clock
  Path Type: max

Attributes:
    d - dont_touch
    u - dont_use
   mo - map_only
   so - size_only
    i - ideal_net or ideal_network
  inf - infeasible path

  Point                                       Fanout       Cap     Trans      Incr       Path      Attributes
  -------------------------------------------------------------------------------------------------------------------
  clock ideal_clock (fall edge)                                             3.0000     3.0000
  clock network delay (ideal)                                               0.0000     3.0000
  input external delay                                                      0.0000     3.0000 f
  ifmap_double_buffer_inst_ram_genblk1_15__genblk1_0__sram_macro/clk1 (sky130_sram_1kbyte_1rw1r_32x256_8)   0.0000   0.0000 #   3.0000 f d u mo 
  ifmap_double_buffer_inst_ram_genblk1_15__genblk1_0__sram_macro/dout1[0] (sky130_sram_1kbyte_1rw1r_32x256_8)   0.0069   0.3459   3.3459 f d u mo 
  ifmap_double_buffer_inst_ram_dout1[2432] (net)     1   0.0104             0.0000     3.3459 f
  U8455/A (sky130_fd_sc_hd__nand2_2)                              0.0052    0.0001 *   3.3460 f
  U8455/Y (sky130_fd_sc_hd__nand2_2)                              0.0891    0.0628     3.4088 r
  n5910 (net)                                   1       0.0117              0.0000     3.4088 r
  U8202/D (sky130_fd_sc_hd__nand4_1)                              0.0891    0.0003 *   3.4090 r
  U8202/Y (sky130_fd_sc_hd__nand4_1)                              0.0848    0.1110     3.5200 f
  n46900 (net)                                  1       0.0043              0.0000     3.5200 f
  U52212/A (sky130_fd_sc_hd__nor2_2)                              0.0848    0.0000 *   3.5200 f
  U52212/Y (sky130_fd_sc_hd__nor2_2)                              0.1289    0.1564     3.6765 r
  n46899 (net)                                  1       0.0092              0.0000     3.6765 r
  U52211/D (sky130_fd_sc_hd__nand4_4)                             0.1289    0.0000 *   3.6765 r
  U52211/Y (sky130_fd_sc_hd__nand4_4)                             0.1192    0.1452     3.8217 f
  n46910 (net)                                  1       0.0180              0.0000     3.8217 f
  U52216/A (sky130_fd_sc_hd__inv_4)                               0.1192    0.0009 *   3.8226 f
  U52216/Y (sky130_fd_sc_hd__inv_4)                               0.0818    0.1141     3.9367 r
  n5978 (net)                                   1       0.0248              0.0000     3.9367 r
  U8553/A (sky130_fd_sc_hd__inv_6)                                0.0818    0.0012 *   3.9379 r
  U8553/Y (sky130_fd_sc_hd__inv_6)                                0.0858    0.0949     4.0328 f
  systolic_array_with_skew_inst_ifmap[0] (net)    10    0.0970              0.0000     4.0328 f
  systolic_array_with_skew_inst_systolic_array_inst/ifmap_in[0] (conv_systolic_array_IFMAP_WIDTH8_WEIGHT_WIDTH8_OFMAP_WIDTH32_ARRAY_HEIGHT16_ARRAY_WIDTH16_0)   0.0000   4.0328 f
  systolic_array_with_skew_inst_systolic_array_inst/ifmap_in[0] (net)   0.0970   0.0000   4.0328 f
  systolic_array_with_skew_inst_systolic_array_inst/U255/A (sky130_fd_sc_hd__inv_2)   0.0858   0.0084 *   4.0412 f
  systolic_array_with_skew_inst_systolic_array_inst/U255/Y (sky130_fd_sc_hd__inv_2)   0.0396   0.0638   4.1050 r
  systolic_array_with_skew_inst_systolic_array_inst/n179 (net)     1   0.0050   0.0000   4.1050 r
  systolic_array_with_skew_inst_systolic_array_inst/U256/B (sky130_fd_sc_hd__nor2_2)   0.0396   0.0000 *   4.1050 r
  systolic_array_with_skew_inst_systolic_array_inst/U256/Y (sky130_fd_sc_hd__nor2_2)   0.0858   0.0503   4.1553 f
  systolic_array_with_skew_inst_systolic_array_inst/n192 (net)     3   0.0155   0.0000   4.1553 f
  systolic_array_with_skew_inst_systolic_array_inst/U675/B (sky130_fd_sc_hd__or2_0)   0.0858   0.0001 *   4.1554 f
  systolic_array_with_skew_inst_systolic_array_inst/U675/X (sky130_fd_sc_hd__or2_0)   0.0788   0.2360   4.3914 f
  systolic_array_with_skew_inst_systolic_array_inst/n126532 (net)     1   0.0061   0.0000   4.3914 f
  systolic_array_with_skew_inst_systolic_array_inst/U64476/B (sky130_fd_sc_hd__nand2_1)   0.0788   0.0001 *   4.3915 f
  systolic_array_with_skew_inst_systolic_array_inst/U64476/Y (sky130_fd_sc_hd__nand2_1)   0.0542   0.0759   4.4674 r
  systolic_array_with_skew_inst_systolic_array_inst/n182 (net)     1   0.0028   0.0000   4.4674 r
  systolic_array_with_skew_inst_systolic_array_inst/U262/B1 (sky130_fd_sc_hd__o21ai_1)   0.0542   0.0000 *   4.4674 r
  systolic_array_with_skew_inst_systolic_array_inst/U262/Y (sky130_fd_sc_hd__o21ai_1)   0.0969   0.1005   4.5679 f
  systolic_array_with_skew_inst_systolic_array_inst/n244 (net)     3   0.0101   0.0000   4.5679 f
  systolic_array_with_skew_inst_systolic_array_inst/U64482/B (sky130_fd_sc_hd__xnor2_1)   0.0969   0.0000 *   4.5679 f
  systolic_array_with_skew_inst_systolic_array_inst/U64482/Y (sky130_fd_sc_hd__xnor2_1)   0.1591   0.1772   4.7451 r
  systolic_array_with_skew_inst_systolic_array_inst/n126536 (net)     1   0.0048   0.0000   4.7451 r
  systolic_array_with_skew_inst_systolic_array_inst/U64480/A (sky130_fd_sc_hd__xnor2_1)   0.1591   0.0000 *   4.7451 r
  systolic_array_with_skew_inst_systolic_array_inst/U64480/Y (sky130_fd_sc_hd__xnor2_1)   0.1137   0.1310   4.8761 r
  systolic_array_with_skew_inst_systolic_array_inst/n126535 (net)     1   0.0026   0.0000   4.8761 r
  systolic_array_with_skew_inst_systolic_array_inst/U1603/A (sky130_fd_sc_hd__inv_1)   0.1137   0.0000 *   4.8761 r
  systolic_array_with_skew_inst_systolic_array_inst/U1603/Y (sky130_fd_sc_hd__inv_1)   0.0442   0.0636   4.9396 f
  systolic_array_with_skew_inst_systolic_array_inst/n251 (net)     2   0.0052   0.0000   4.9396 f
  systolic_array_with_skew_inst_systolic_array_inst/U1529/A (sky130_fd_sc_hd__nand2_1)   0.0442   0.0000 *   4.9396 f
  systolic_array_with_skew_inst_systolic_array_inst/U1529/Y (sky130_fd_sc_hd__nand2_1)   0.0870   0.0836   5.0233 r
  systolic_array_with_skew_inst_systolic_array_inst/n116338 (net)     2   0.0076   0.0000   5.0233 r
  systolic_array_with_skew_inst_systolic_array_inst/U64483/A (sky130_fd_sc_hd__inv_2)   0.0870   0.0000 *   5.0233 r
  systolic_array_with_skew_inst_systolic_array_inst/U64483/Y (sky130_fd_sc_hd__inv_2)   0.0279   0.0408   5.0641 f
  systolic_array_with_skew_inst_systolic_array_inst/n116349 (net)     2   0.0055   0.0000   5.0641 f
  systolic_array_with_skew_inst_systolic_array_inst/U65135/B (sky130_fd_sc_hd__nand2_1)   0.0279   0.0000 *   5.0641 f
  systolic_array_with_skew_inst_systolic_array_inst/U65135/Y (sky130_fd_sc_hd__nand2_1)   0.0851   0.0827   5.1468 r
  systolic_array_with_skew_inst_systolic_array_inst/n254 (net)     1   0.0075   0.0000   5.1468 r
  systolic_array_with_skew_inst_systolic_array_inst/U64766/B (sky130_fd_sc_hd__nand3_2)   0.0851   0.0001 *   5.1469 r
  systolic_array_with_skew_inst_systolic_array_inst/U64766/Y (sky130_fd_sc_hd__nand3_2)   0.0625   0.0857   5.2326 f
  systolic_array_with_skew_inst_systolic_array_inst/n116344 (net)     2   0.0064   0.0000   5.2326 f
  systolic_array_with_skew_inst_systolic_array_inst/U64430/A (sky130_fd_sc_hd__nand2_2)   0.0625   0.0000 *   5.2326 f
  systolic_array_with_skew_inst_systolic_array_inst/U64430/Y (sky130_fd_sc_hd__nand2_2)   0.0583   0.0711   5.3037 r
  systolic_array_with_skew_inst_systolic_array_inst/n126531 (net)     2   0.0073   0.0000   5.3037 r
  systolic_array_with_skew_inst_systolic_array_inst/U64423/A (sky130_fd_sc_hd__nand2_2)   0.0583   0.0000 *   5.3037 r
  systolic_array_with_skew_inst_systolic_array_inst/U64423/Y (sky130_fd_sc_hd__nand2_2)   0.0467   0.0576   5.3613 f
  systolic_array_with_skew_inst_systolic_array_inst/n126606 (net)     1   0.0084   0.0000   5.3613 f
  systolic_array_with_skew_inst_systolic_array_inst/U64884/B (sky130_fd_sc_hd__nand2_4)   0.0467   0.0000 *   5.3613 f
  systolic_array_with_skew_inst_systolic_array_inst/U64884/Y (sky130_fd_sc_hd__nand2_4)   0.1197   0.1189   5.4803 r
  systolic_array_with_skew_inst_systolic_array_inst/n318 (net)     1   0.0348   0.0000   5.4803 r
  systolic_array_with_skew_inst_systolic_array_inst/U384/A (sky130_fd_sc_hd__nand2_8)   0.1197   0.0022 *   5.4825 r
  systolic_array_with_skew_inst_systolic_array_inst/U384/Y (sky130_fd_sc_hd__nand2_8)   0.1347   0.1426   5.6251 f
  systolic_array_with_skew_inst_systolic_array_inst/n116428 (net)    21   0.0947   0.0000   5.6251 f
  systolic_array_with_skew_inst_systolic_array_inst/U451/A (sky130_fd_sc_hd__nand2_2)   0.1347   0.0018 *   5.6269 f
  systolic_array_with_skew_inst_systolic_array_inst/U451/Y (sky130_fd_sc_hd__nand2_2)   0.0546   0.0913   5.7182 r
  systolic_array_with_skew_inst_systolic_array_inst/n384 (net)     2   0.0049   0.0000   5.7182 r
  systolic_array_with_skew_inst_systolic_array_inst/U467/A (sky130_fd_sc_hd__nand3_1)   0.0546   0.0000 *   5.7182 r
  systolic_array_with_skew_inst_systolic_array_inst/U467/Y (sky130_fd_sc_hd__nand3_1)   0.0512   0.0596   5.7778 f
  systolic_array_with_skew_inst_systolic_array_inst/n385 (net)     1   0.0025   0.0000   5.7778 f
  systolic_array_with_skew_inst_systolic_array_inst/U65092/C (sky130_fd_sc_hd__nand3_1)   0.0512   0.0000 *   5.7778 f
  systolic_array_with_skew_inst_systolic_array_inst/U65092/Y (sky130_fd_sc_hd__nand3_1)   0.0568   0.0757   5.8535 r
  systolic_array_with_skew_inst_systolic_array_inst/n126617 (net)     1   0.0024   0.0000   5.8535 r
  systolic_array_with_skew_inst_systolic_array_inst/U65091/A (sky130_fd_sc_hd__inv_1)   0.0568   0.0000 *   5.8535 r
  systolic_array_with_skew_inst_systolic_array_inst/U65091/Y (sky130_fd_sc_hd__inv_1)   0.0211   0.0343   5.8878 f
  systolic_array_with_skew_inst_systolic_array_inst/row_0__col_0__mac_inst_N42 (net)     1   0.0020   0.0000   5.8878 f
  systolic_array_with_skew_inst_systolic_array_inst/row_0__col_0__mac_inst_ofmap_r_reg_30_/D (sky130_fd_sc_hd__dfxtp_1)   0.0211   0.0000 *   5.8878 f
  data arrival time                                                                    5.8878

  clock ideal_clock (rise edge)                                             6.0000     6.0000
  clock network delay (ideal)                                               0.0000     6.0000
  systolic_array_with_skew_inst_systolic_array_inst/row_0__col_0__mac_inst_ofmap_r_reg_30_/CLK (sky130_fd_sc_hd__dfxtp_1)   0.0000   6.0000 r
  library setup time                                                       -0.1105     5.8895
  data required time                                                                   5.8895
  -------------------------------------------------------------------------------------------------------------------
  data required time                                                                   5.8895
  data arrival time                                                                   -5.8878
  -------------------------------------------------------------------------------------------------------------------
  slack (MET)                                                                          0.0017


  Startpoint: ifmap_double_buffer_inst_ram_genblk1_8__genblk1_0__sram_macro/clk1
              (internal path startpoint clocked by ideal_clock)
  Endpoint: systolic_array_with_skew_inst_systolic_array_inst/row_0__col_0__mac_inst_ofmap_r_reg_15_
            (rising edge-triggered flip-flop clocked by ideal_clock)
  Path Group: ideal_clock
  Path Type: max

Attributes:
    d - dont_touch
    u - dont_use
   mo - map_only
   so - size_only
    i - ideal_net or ideal_network
  inf - infeasible path

  Point                                       Fanout       Cap     Trans      Incr       Path      Attributes
  -------------------------------------------------------------------------------------------------------------------
  clock ideal_clock (fall edge)                                             3.0000     3.0000
  clock network delay (ideal)                                               0.0000     3.0000
  input external delay                                                      0.0000     3.0000 f
  ifmap_double_buffer_inst_ram_genblk1_8__genblk1_0__sram_macro/clk1 (sky130_sram_1kbyte_1rw1r_32x256_8)   0.0000   0.0000 #   3.0000 f d u mo 
  ifmap_double_buffer_inst_ram_genblk1_8__genblk1_0__sram_macro/dout1[5] (sky130_sram_1kbyte_1rw1r_32x256_8)   0.0057   0.3331   3.3331 f d u mo 
  ifmap_double_buffer_inst_ram_dout1[2565] (net)     1   0.0082             0.0000     3.3331 f
  U47721/A (sky130_fd_sc_hd__nand2_2)                             0.0043    0.0002 *   3.3333 f
  U47721/Y (sky130_fd_sc_hd__nand2_2)                             0.0460    0.0292     3.3625 r
  n46878 (net)                                  1       0.0025              0.0000     3.3625 r
  U52198/D (sky130_fd_sc_hd__nand4_1)                             0.0460    0.0000 *   3.3625 r
  U52198/Y (sky130_fd_sc_hd__nand4_1)                             0.1130    0.1232     3.4858 f
  n8411 (net)                                   1       0.0068              0.0000     3.4858 f
  U10741/A (sky130_fd_sc_hd__inv_2)                               0.1130    0.0001 *   3.4858 f
  U10741/Y (sky130_fd_sc_hd__inv_2)                               0.0701    0.1018     3.5876 r
  n8420 (net)                                   1       0.0125              0.0000     3.5876 r
  U47452/B (sky130_fd_sc_hd__nand2_1)                             0.0701    0.0001 *   3.5877 r
  U47452/Y (sky130_fd_sc_hd__nand2_1)                             0.0481    0.0629     3.6506 f
  n46863 (net)                                  1       0.0043              0.0000     3.6506 f
  U41166/A (sky130_fd_sc_hd__inv_2)                               0.0481    0.0000 *   3.6506 f
  U41166/Y (sky130_fd_sc_hd__inv_2)                               0.0512    0.0633     3.7139 r
  n8422 (net)                                   1       0.0095              0.0000     3.7139 r
  U52249/B (sky130_fd_sc_hd__nand3_4)                             0.0512    0.0000 *   3.7140 r
  U52249/Y (sky130_fd_sc_hd__nand3_4)                             0.0667    0.0792     3.7932 f
  systolic_array_with_skew_inst_ifmap[5] (net)     1    0.0126              0.0000     3.7932 f
  systolic_array_with_skew_inst_systolic_array_inst/ifmap_in[5] (conv_systolic_array_IFMAP_WIDTH8_WEIGHT_WIDTH8_OFMAP_WIDTH32_ARRAY_HEIGHT16_ARRAY_WIDTH16_0)   0.0000   3.7932 f
  systolic_array_with_skew_inst_systolic_array_inst/ifmap_in[5] (net)   0.0126   0.0000   3.7932 f
  systolic_array_with_skew_inst_systolic_array_inst/U64964/A (sky130_fd_sc_hd__buf_12)   0.0667   0.0004 *   3.7935 f
  systolic_array_with_skew_inst_systolic_array_inst/U64964/X (sky130_fd_sc_hd__buf_12)   0.0662   0.1735   3.9670 f
  systolic_array_with_skew_inst_systolic_array_inst/n126677 (net)     5   0.1054   0.0000   3.9670 f
  systolic_array_with_skew_inst_systolic_array_inst/U179/B (sky130_fd_sc_hd__xnor2_1)   0.0668   0.0111 *   3.9782 f
  systolic_array_with_skew_inst_systolic_array_inst/U179/Y (sky130_fd_sc_hd__xnor2_1)   0.1842   0.1840   4.1621 r
  systolic_array_with_skew_inst_systolic_array_inst/n121 (net)     2   0.0060   0.0000   4.1621 r
  systolic_array_with_skew_inst_systolic_array_inst/U65016/A (sky130_fd_sc_hd__nand2_1)   0.1842   0.0000 *   4.1622 r
  systolic_array_with_skew_inst_systolic_array_inst/U65016/Y (sky130_fd_sc_hd__nand2_1)   0.0532   0.0670   4.2292 f
  systolic_array_with_skew_inst_systolic_array_inst/n103 (net)     1   0.0023   0.0000   4.2292 f
  systolic_array_with_skew_inst_systolic_array_inst/U183/B1 (sky130_fd_sc_hd__o21ai_1)   0.0532   0.0000 *   4.2292 f
  systolic_array_with_skew_inst_systolic_array_inst/U183/Y (sky130_fd_sc_hd__o21ai_1)   0.2007   0.1235   4.3527 r
  systolic_array_with_skew_inst_systolic_array_inst/n116 (net)     2   0.0085   0.0000   4.3527 r
  systolic_array_with_skew_inst_systolic_array_inst/U184/B1 (sky130_fd_sc_hd__o21ai_1)   0.2007   0.0000 *   4.3527 r
  systolic_array_with_skew_inst_systolic_array_inst/U184/Y (sky130_fd_sc_hd__o21ai_1)   0.0853   0.1169   4.4697 f
  systolic_array_with_skew_inst_systolic_array_inst/n105 (net)     1   0.0055   0.0000   4.4697 f
  systolic_array_with_skew_inst_systolic_array_inst/U15645/A (sky130_fd_sc_hd__nand2_2)   0.0853   0.0000 *   4.4697 f
  systolic_array_with_skew_inst_systolic_array_inst/U15645/Y (sky130_fd_sc_hd__nand2_2)   0.0704   0.0901   4.5598 r
  systolic_array_with_skew_inst_systolic_array_inst/n144 (net)     2   0.0098   0.0000   4.5598 r
  systolic_array_with_skew_inst_systolic_array_inst/U1740/B1 (sky130_fd_sc_hd__o21ai_2)   0.0704   0.0000 *   4.5598 r
  systolic_array_with_skew_inst_systolic_array_inst/U1740/Y (sky130_fd_sc_hd__o21ai_2)   0.0519   0.0557   4.6156 f
  systolic_array_with_skew_inst_systolic_array_inst/n148 (net)     1   0.0044   0.0000   4.6156 f
  systolic_array_with_skew_inst_systolic_array_inst/U226/A (sky130_fd_sc_hd__nand2_2)   0.0519   0.0000 *   4.6156 f
  systolic_array_with_skew_inst_systolic_array_inst/U226/Y (sky130_fd_sc_hd__nand2_2)   0.0737   0.0773   4.6928 r
  systolic_array_with_skew_inst_systolic_array_inst/n292 (net)     3   0.0104   0.0000   4.6928 r
  systolic_array_with_skew_inst_systolic_array_inst/U227/B (sky130_fd_sc_hd__xnor2_1)   0.0737   0.0000 *   4.6928 r
  systolic_array_with_skew_inst_systolic_array_inst/U227/Y (sky130_fd_sc_hd__xnor2_1)   0.1612   0.1292   4.8220 r
  systolic_array_with_skew_inst_systolic_array_inst/n171 (net)     1   0.0049   0.0000   4.8220 r
  systolic_array_with_skew_inst_systolic_array_inst/U64875/B (sky130_fd_sc_hd__xnor2_1)   0.1612   0.0000 *   4.8220 r
  systolic_array_with_skew_inst_systolic_array_inst/U64875/Y (sky130_fd_sc_hd__xnor2_1)   0.1692   0.1539   4.9759 r
  systolic_array_with_skew_inst_systolic_array_inst/n176 (net)     2   0.0053   0.0000   4.9759 r
  systolic_array_with_skew_inst_systolic_array_inst/U11116/A (sky130_fd_sc_hd__inv_1)   0.1692   0.0000 *   4.9759 r
  systolic_array_with_skew_inst_systolic_array_inst/U11116/Y (sky130_fd_sc_hd__inv_1)   0.0514   0.0689   5.0448 f
  systolic_array_with_skew_inst_systolic_array_inst/n126514 (net)     1   0.0043   0.0000   5.0448 f
  systolic_array_with_skew_inst_systolic_array_inst/U64457/A (sky130_fd_sc_hd__nand2_2)   0.0514   0.0000 *   5.0448 f
  systolic_array_with_skew_inst_systolic_array_inst/U64457/Y (sky130_fd_sc_hd__nand2_2)   0.0572   0.0654   5.1103 r
  systolic_array_with_skew_inst_systolic_array_inst/n116359 (net)     2   0.0071   0.0000   5.1103 r
  systolic_array_with_skew_inst_systolic_array_inst/U119989/A (sky130_fd_sc_hd__inv_2)   0.0572   0.0000 *   5.1103 r
  systolic_array_with_skew_inst_systolic_array_inst/U119989/Y (sky130_fd_sc_hd__inv_2)   0.0256   0.0392   5.1495 f
  systolic_array_with_skew_inst_systolic_array_inst/n116360 (net)     2   0.0075   0.0000   5.1495 f
  systolic_array_with_skew_inst_systolic_array_inst/U64881/B (sky130_fd_sc_hd__nor2_2)   0.0256   0.0000 *   5.1495 f
  systolic_array_with_skew_inst_systolic_array_inst/U64881/Y (sky130_fd_sc_hd__nor2_2)   0.0905   0.0837   5.2332 r
  systolic_array_with_skew_inst_systolic_array_inst/n126603 (net)     1   0.0056   0.0000   5.2332 r
  systolic_array_with_skew_inst_systolic_array_inst/U64430/B (sky130_fd_sc_hd__nand2_2)   0.0905   0.0000 *   5.2333 r
  systolic_array_with_skew_inst_systolic_array_inst/U64430/Y (sky130_fd_sc_hd__nand2_2)   0.0428   0.0669   5.3002 f
  systolic_array_with_skew_inst_systolic_array_inst/n126531 (net)     2   0.0070   0.0000   5.3002 f
  systolic_array_with_skew_inst_systolic_array_inst/U64423/A (sky130_fd_sc_hd__nand2_2)   0.0428   0.0000 *   5.3002 f
  systolic_array_with_skew_inst_systolic_array_inst/U64423/Y (sky130_fd_sc_hd__nand2_2)   0.0679   0.0696   5.3698 r
  systolic_array_with_skew_inst_systolic_array_inst/n126606 (net)     1   0.0093   0.0000   5.3698 r
  systolic_array_with_skew_inst_systolic_array_inst/U64884/B (sky130_fd_sc_hd__nand2_4)   0.0679   0.0000 *   5.3698 r
  systolic_array_with_skew_inst_systolic_array_inst/U64884/Y (sky130_fd_sc_hd__nand2_4)   0.0825   0.0920   5.4618 f
  systolic_array_with_skew_inst_systolic_array_inst/n318 (net)     1   0.0338   0.0000   5.4618 f
  systolic_array_with_skew_inst_systolic_array_inst/U384/A (sky130_fd_sc_hd__nand2_8)   0.0825   0.0022 *   5.4640 f
  systolic_array_with_skew_inst_systolic_array_inst/U384/Y (sky130_fd_sc_hd__nand2_8)   0.1810   0.1692   5.6333 r
  systolic_array_with_skew_inst_systolic_array_inst/n116428 (net)    21   0.0981   0.0000   5.6333 r
  systolic_array_with_skew_inst_systolic_array_inst/U64468/A (sky130_fd_sc_hd__nand2_2)   0.1810   0.0020 *   5.6353 r
  systolic_array_with_skew_inst_systolic_array_inst/U64468/Y (sky130_fd_sc_hd__nand2_2)   0.0609   0.0756   5.7109 f
  systolic_array_with_skew_inst_systolic_array_inst/n126517 (net)     2   0.0064   0.0000   5.7109 f
  systolic_array_with_skew_inst_systolic_array_inst/U64466/A2 (sky130_fd_sc_hd__o211ai_2)   0.0609   0.0000 *   5.7109 f
  systolic_array_with_skew_inst_systolic_array_inst/U64466/Y (sky130_fd_sc_hd__o211ai_2)   0.1087   0.1271   5.8380 r
  systolic_array_with_skew_inst_systolic_array_inst/n126520 (net)     1   0.0025   0.0000   5.8380 r
  systolic_array_with_skew_inst_systolic_array_inst/U64471/A (sky130_fd_sc_hd__inv_1)   0.1087   0.0000 *   5.8380 r
  systolic_array_with_skew_inst_systolic_array_inst/U64471/Y (sky130_fd_sc_hd__inv_1)   0.0309   0.0442   5.8822 f
  systolic_array_with_skew_inst_systolic_array_inst/row_0__col_0__mac_inst_N27 (net)     1   0.0020   0.0000   5.8822 f
  systolic_array_with_skew_inst_systolic_array_inst/row_0__col_0__mac_inst_ofmap_r_reg_15_/D (sky130_fd_sc_hd__dfxtp_4)   0.0309   0.0000 *   5.8822 f
  data arrival time                                                                    5.8822

  clock ideal_clock (rise edge)                                             6.0000     6.0000
  clock network delay (ideal)                                               0.0000     6.0000
  systolic_array_with_skew_inst_systolic_array_inst/row_0__col_0__mac_inst_ofmap_r_reg_15_/CLK (sky130_fd_sc_hd__dfxtp_4)   0.0000   6.0000 r
  library setup time                                                       -0.1159     5.8841
  data required time                                                                   5.8841
  -------------------------------------------------------------------------------------------------------------------
  data required time                                                                   5.8841
  data arrival time                                                                   -5.8822
  -------------------------------------------------------------------------------------------------------------------
  slack (MET)                                                                          0.0018


  Startpoint: conv_controller_inst_ic1_fy_fx_r_reg_1_
              (rising edge-triggered flip-flop clocked by ideal_clock)
  Endpoint: conv_controller_inst_ic1_fy_fx_r_reg_3_
            (rising edge-triggered flip-flop clocked by ideal_clock)
  Path Group: ideal_clock
  Path Type: max

Attributes:
    d - dont_touch
    u - dont_use
   mo - map_only
   so - size_only
    i - ideal_net or ideal_network
  inf - infeasible path

  Point                                       Fanout       Cap     Trans      Incr       Path      Attributes
  -------------------------------------------------------------------------------------------------------------------
  clock ideal_clock (rise edge)                                             0.0000     0.0000
  clock network delay (ideal)                                               0.0000     0.0000
  conv_controller_inst_ic1_fy_fx_r_reg_1_/CLK (sky130_fd_sc_hd__dfxtp_4)   0.0000   0.0000   0.0000 r
  conv_controller_inst_ic1_fy_fx_r_reg_1_/Q (sky130_fd_sc_hd__dfxtp_4)   0.5427   0.6849   0.6849 r
  conv_controller_inst_ic1_fy_fx_r[1] (net)    37       0.1943              0.0000     0.6849 r
  U5791/B (sky130_fd_sc_hd__xnor2_1)                              0.5427    0.0005 *   0.6854 r
  U5791/Y (sky130_fd_sc_hd__xnor2_1)                              0.1718    0.1964     0.8818 r
  n46993 (net)                                  1       0.0051              0.0000     0.8818 r
  U52288/A (sky130_fd_sc_hd__buf_6)                               0.1718    0.0000 *   0.8818 r
  U52288/X (sky130_fd_sc_hd__buf_6)                               0.2269    0.2675     1.1494 r
  n3486 (net)                                  32       0.1125              0.0000     1.1494 r
  U5799/B (sky130_fd_sc_hd__nand2_4)                              0.2269    0.0001 *   1.1495 r
  U5799/Y (sky130_fd_sc_hd__nand2_4)                              0.2167    0.2236     1.3730 f
  n3842 (net)                                  30       0.0937              0.0000     1.3730 f
  U6116/B2 (sky130_fd_sc_hd__o22ai_1)                             0.2167    0.0003 *   1.3734 f
  U6116/Y (sky130_fd_sc_hd__o22ai_1)                              0.2467    0.2552     1.6286 r
  n3562 (net)                                   1       0.0087              0.0000     1.6286 r
  U6147/A (sky130_fd_sc_hd__fa_1)                                 0.2467    0.0001 *   1.6287 r
  U6147/SUM (sky130_fd_sc_hd__fa_1)                               0.1145    0.4766     2.1053 f
  n3659 (net)                                   1       0.0097              0.0000     2.1053 f
  U6235/A (sky130_fd_sc_hd__fa_1)                                 0.1145    0.0002 *   2.1055 f
  U6235/SUM (sky130_fd_sc_hd__fa_1)                               0.1027    0.5246     2.6301 f
  n3674 (net)                                   1       0.0075              0.0000     2.6301 f
  U6241/A (sky130_fd_sc_hd__fa_1)                                 0.1027    0.0001 *   2.6302 f
  U6241/SUM (sky130_fd_sc_hd__fa_1)                               0.0786    0.4842     3.1144 f
  n3666 (net)                                   1       0.0031              0.0000     3.1144 f
  U6239/CI (sky130_fd_sc_hd__fah_1)                               0.0786    0.0000 *   3.1144 f
  U6239/SUM (sky130_fd_sc_hd__fah_1)                              0.1303    0.3579     3.4723 r
  n6297 (net)                                   4       0.0120              0.0000     3.4723 r
  U6238/B (sky130_fd_sc_hd__nor2_1)                               0.1303    0.0000 *   3.4723 r
  U6238/Y (sky130_fd_sc_hd__nor2_1)                               0.0504    0.0663     3.5386 f
  n4083 (net)                                   2       0.0049              0.0000     3.5386 f
  U6244/A (sky130_fd_sc_hd__nor2_1)                               0.0504    0.0000 *   3.5386 f
  U6244/Y (sky130_fd_sc_hd__nor2_1)                               0.1744    0.1693     3.7079 r
  n5631 (net)                                   3       0.0085              0.0000     3.7079 r
  U6249/A (sky130_fd_sc_hd__nand2_1)                              0.1744    0.0000 *   3.7080 r
  U6249/Y (sky130_fd_sc_hd__nand2_1)                              0.0881    0.1137     3.8216 f
  n5570 (net)                                   2       0.0086              0.0000     3.8216 f
  U6518/A1 (sky130_fd_sc_hd__o21ai_2)                             0.0881    0.0001 *   3.8217 f
  U6518/Y (sky130_fd_sc_hd__o21ai_2)                              0.1721    0.2009     4.0226 r
  n4132 (net)                                   3       0.0113              0.0000     4.0226 r
  U6711/A (sky130_fd_sc_hd__inv_2)                                0.1721    0.0001 *   4.0227 r
  U6711/Y (sky130_fd_sc_hd__inv_2)                                0.0524    0.0677     4.0904 f
  n4318 (net)                                   3       0.0101              0.0000     4.0904 f
  U6932/A2 (sky130_fd_sc_hd__o21ai_1)                             0.0524    0.0000 *   4.0904 f
  U6932/Y (sky130_fd_sc_hd__o21ai_1)                              0.1425    0.1446     4.2350 r
  n4319 (net)                                   1       0.0052              0.0000     4.2350 r
  U6933/B (sky130_fd_sc_hd__xnor2_1)                              0.1425    0.0000 *   4.2350 r
  U6933/Y (sky130_fd_sc_hd__xnor2_1)                              0.2146    0.1677     4.4027 r
  n12894 (net)                                  2       0.0075              0.0000     4.4027 r
  U6934/A (sky130_fd_sc_hd__inv_2)                                0.2146    0.0000 *   4.4027 r
  U6934/Y (sky130_fd_sc_hd__inv_2)                                0.0386    0.0406     4.4433 f
  n4349 (net)                                   1       0.0027              0.0000     4.4433 f
  U6952/CI (sky130_fd_sc_hd__fah_1)                               0.0386    0.0000 *   4.4433 f
  U6952/SUM (sky130_fd_sc_hd__fah_1)                              0.0714    0.2944     4.7378 r
  n4352 (net)                                   1       0.0052              0.0000     4.7378 r
  U52118/B (sky130_fd_sc_hd__xor2_1)                              0.0714    0.0000 *   4.7378 r
  U52118/X (sky130_fd_sc_hd__xor2_1)                              0.1278    0.1519     4.8897 r
  n46621 (net)                                  1       0.0036              0.0000     4.8897 r
  U6955/B (sky130_fd_sc_hd__nand2_1)                              0.1278    0.0000 *   4.8897 r
  U6955/Y (sky130_fd_sc_hd__nand2_1)                              0.0517    0.0799     4.9696 f
  n4357 (net)                                   1       0.0047              0.0000     4.9696 f
  U6956/B (sky130_fd_sc_hd__nor2_1)                               0.0517    0.0001 *   4.9697 f
  U6956/Y (sky130_fd_sc_hd__nor2_1)                               0.0871    0.0900     5.0597 r
  n4432 (net)                                   1       0.0033              0.0000     5.0597 r
  U10767/B (sky130_fd_sc_hd__and2_1)                              0.0871    0.0000 *   5.0598 r
  U10767/X (sky130_fd_sc_hd__and2_1)                              0.0456    0.1245     5.1843 r
  n46655 (net)                                  1       0.0025              0.0000     5.1843 r
  U6107/A (sky130_fd_sc_hd__nand4_1)                              0.0456    0.0000 *   5.1843 r
  U6107/Y (sky130_fd_sc_hd__nand4_1)                              0.0945    0.0846     5.2688 f
  n4435 (net)                                   1       0.0048              0.0000     5.2688 f
  U7028/B (sky130_fd_sc_hd__nor2_2)                               0.0945    0.0000 *   5.2688 f
  U7028/Y (sky130_fd_sc_hd__nor2_2)                               0.1317    0.1397     5.4086 r
  n4697 (net)                                   2       0.0096              0.0000     5.4086 r
  U10758/A (sky130_fd_sc_hd__and2_4)                              0.1317    0.0000 *   5.4086 r
  U10758/X (sky130_fd_sc_hd__and2_4)                              0.0924    0.2046     5.6132 r
  n46678 (net)                                  1       0.0258              0.0000     5.6132 r
  U52239/B (sky130_fd_sc_hd__nor2_8)                              0.0924    0.0007 *   5.6138 r
  U52239/Y (sky130_fd_sc_hd__nor2_8)                              0.0578    0.0657     5.6795 f
  n46503 (net)                                 11       0.0479              0.0000     5.6795 f
  U6038/A (sky130_fd_sc_hd__inv_8)                                0.0578    0.0000 *   5.6796 f
  U6038/Y (sky130_fd_sc_hd__inv_8)                                0.1147    0.1159     5.7955 r
  n8339 (net)                                  22       0.0719              0.0000     5.7955 r
  U10679/B1 (sky130_fd_sc_hd__o2bb2ai_1)                          0.1147    0.0018 *   5.7973 r
  U10679/Y (sky130_fd_sc_hd__o2bb2ai_1)                           0.0435    0.0794     5.8767 f
  conv_controller_inst_N2560 (net)              1       0.0023              0.0000     5.8767 f
  conv_controller_inst_ic1_fy_fx_r_reg_3_/D (sky130_fd_sc_hd__dfxtp_4)   0.0435   0.0000 *   5.8767 f
  data arrival time                                                                    5.8767

  clock ideal_clock (rise edge)                                             6.0000     6.0000
  clock network delay (ideal)                                               0.0000     6.0000
  conv_controller_inst_ic1_fy_fx_r_reg_3_/CLK (sky130_fd_sc_hd__dfxtp_4)    0.0000     6.0000 r
  library setup time                                                       -0.1214     5.8786
  data required time                                                                   5.8786
  -------------------------------------------------------------------------------------------------------------------
  data required time                                                                   5.8786
  data arrival time                                                                   -5.8767
  -------------------------------------------------------------------------------------------------------------------
  slack (MET)                                                                          0.0019


  Startpoint: ifmap_double_buffer_inst_ram_genblk1_15__genblk1_0__sram_macro/clk1
              (internal path startpoint clocked by ideal_clock)
  Endpoint: systolic_array_with_skew_inst_systolic_array_inst/row_0__col_0__mac_inst_ofmap_r_reg_17_
            (rising edge-triggered flip-flop clocked by ideal_clock)
  Path Group: ideal_clock
  Path Type: max

Attributes:
    d - dont_touch
    u - dont_use
   mo - map_only
   so - size_only
    i - ideal_net or ideal_network
  inf - infeasible path

  Point                                       Fanout       Cap     Trans      Incr       Path      Attributes
  -------------------------------------------------------------------------------------------------------------------
  clock ideal_clock (fall edge)                                             3.0000     3.0000
  clock network delay (ideal)                                               0.0000     3.0000
  input external delay                                                      0.0000     3.0000 f
  ifmap_double_buffer_inst_ram_genblk1_15__genblk1_0__sram_macro/clk1 (sky130_sram_1kbyte_1rw1r_32x256_8)   0.0000   0.0000 #   3.0000 f d u mo 
  ifmap_double_buffer_inst_ram_genblk1_15__genblk1_0__sram_macro/dout1[0] (sky130_sram_1kbyte_1rw1r_32x256_8)   0.0069   0.3459   3.3459 f d u mo 
  ifmap_double_buffer_inst_ram_dout1[2432] (net)     1   0.0104             0.0000     3.3459 f
  U8455/A (sky130_fd_sc_hd__nand2_2)                              0.0052    0.0001 *   3.3460 f
  U8455/Y (sky130_fd_sc_hd__nand2_2)                              0.0891    0.0628     3.4088 r
  n5910 (net)                                   1       0.0117              0.0000     3.4088 r
  U8202/D (sky130_fd_sc_hd__nand4_1)                              0.0891    0.0003 *   3.4090 r
  U8202/Y (sky130_fd_sc_hd__nand4_1)                              0.0848    0.1110     3.5200 f
  n46900 (net)                                  1       0.0043              0.0000     3.5200 f
  U52212/A (sky130_fd_sc_hd__nor2_2)                              0.0848    0.0000 *   3.5200 f
  U52212/Y (sky130_fd_sc_hd__nor2_2)                              0.1289    0.1564     3.6765 r
  n46899 (net)                                  1       0.0092              0.0000     3.6765 r
  U52211/D (sky130_fd_sc_hd__nand4_4)                             0.1289    0.0000 *   3.6765 r
  U52211/Y (sky130_fd_sc_hd__nand4_4)                             0.1192    0.1452     3.8217 f
  n46910 (net)                                  1       0.0180              0.0000     3.8217 f
  U52216/A (sky130_fd_sc_hd__inv_4)                               0.1192    0.0009 *   3.8226 f
  U52216/Y (sky130_fd_sc_hd__inv_4)                               0.0818    0.1141     3.9367 r
  n5978 (net)                                   1       0.0248              0.0000     3.9367 r
  U8553/A (sky130_fd_sc_hd__inv_6)                                0.0818    0.0012 *   3.9379 r
  U8553/Y (sky130_fd_sc_hd__inv_6)                                0.0858    0.0949     4.0328 f
  systolic_array_with_skew_inst_ifmap[0] (net)    10    0.0970              0.0000     4.0328 f
  systolic_array_with_skew_inst_systolic_array_inst/ifmap_in[0] (conv_systolic_array_IFMAP_WIDTH8_WEIGHT_WIDTH8_OFMAP_WIDTH32_ARRAY_HEIGHT16_ARRAY_WIDTH16_0)   0.0000   4.0328 f
  systolic_array_with_skew_inst_systolic_array_inst/ifmap_in[0] (net)   0.0970   0.0000   4.0328 f
  systolic_array_with_skew_inst_systolic_array_inst/U255/A (sky130_fd_sc_hd__inv_2)   0.0858   0.0084 *   4.0412 f
  systolic_array_with_skew_inst_systolic_array_inst/U255/Y (sky130_fd_sc_hd__inv_2)   0.0396   0.0638   4.1050 r
  systolic_array_with_skew_inst_systolic_array_inst/n179 (net)     1   0.0050   0.0000   4.1050 r
  systolic_array_with_skew_inst_systolic_array_inst/U256/B (sky130_fd_sc_hd__nor2_2)   0.0396   0.0000 *   4.1050 r
  systolic_array_with_skew_inst_systolic_array_inst/U256/Y (sky130_fd_sc_hd__nor2_2)   0.0858   0.0503   4.1553 f
  systolic_array_with_skew_inst_systolic_array_inst/n192 (net)     3   0.0155   0.0000   4.1553 f
  systolic_array_with_skew_inst_systolic_array_inst/U675/B (sky130_fd_sc_hd__or2_0)   0.0858   0.0001 *   4.1554 f
  systolic_array_with_skew_inst_systolic_array_inst/U675/X (sky130_fd_sc_hd__or2_0)   0.0788   0.2360   4.3914 f
  systolic_array_with_skew_inst_systolic_array_inst/n126532 (net)     1   0.0061   0.0000   4.3914 f
  systolic_array_with_skew_inst_systolic_array_inst/U64476/B (sky130_fd_sc_hd__nand2_1)   0.0788   0.0001 *   4.3915 f
  systolic_array_with_skew_inst_systolic_array_inst/U64476/Y (sky130_fd_sc_hd__nand2_1)   0.0542   0.0759   4.4674 r
  systolic_array_with_skew_inst_systolic_array_inst/n182 (net)     1   0.0028   0.0000   4.4674 r
  systolic_array_with_skew_inst_systolic_array_inst/U262/B1 (sky130_fd_sc_hd__o21ai_1)   0.0542   0.0000 *   4.4674 r
  systolic_array_with_skew_inst_systolic_array_inst/U262/Y (sky130_fd_sc_hd__o21ai_1)   0.0969   0.1005   4.5679 f
  systolic_array_with_skew_inst_systolic_array_inst/n244 (net)     3   0.0101   0.0000   4.5679 f
  systolic_array_with_skew_inst_systolic_array_inst/U64482/B (sky130_fd_sc_hd__xnor2_1)   0.0969   0.0000 *   4.5679 f
  systolic_array_with_skew_inst_systolic_array_inst/U64482/Y (sky130_fd_sc_hd__xnor2_1)   0.1591   0.1772   4.7451 r
  systolic_array_with_skew_inst_systolic_array_inst/n126536 (net)     1   0.0048   0.0000   4.7451 r
  systolic_array_with_skew_inst_systolic_array_inst/U64480/A (sky130_fd_sc_hd__xnor2_1)   0.1591   0.0000 *   4.7451 r
  systolic_array_with_skew_inst_systolic_array_inst/U64480/Y (sky130_fd_sc_hd__xnor2_1)   0.1137   0.1310   4.8761 r
  systolic_array_with_skew_inst_systolic_array_inst/n126535 (net)     1   0.0026   0.0000   4.8761 r
  systolic_array_with_skew_inst_systolic_array_inst/U1603/A (sky130_fd_sc_hd__inv_1)   0.1137   0.0000 *   4.8761 r
  systolic_array_with_skew_inst_systolic_array_inst/U1603/Y (sky130_fd_sc_hd__inv_1)   0.0442   0.0636   4.9396 f
  systolic_array_with_skew_inst_systolic_array_inst/n251 (net)     2   0.0052   0.0000   4.9396 f
  systolic_array_with_skew_inst_systolic_array_inst/U1529/A (sky130_fd_sc_hd__nand2_1)   0.0442   0.0000 *   4.9396 f
  systolic_array_with_skew_inst_systolic_array_inst/U1529/Y (sky130_fd_sc_hd__nand2_1)   0.0870   0.0836   5.0233 r
  systolic_array_with_skew_inst_systolic_array_inst/n116338 (net)     2   0.0076   0.0000   5.0233 r
  systolic_array_with_skew_inst_systolic_array_inst/U64483/A (sky130_fd_sc_hd__inv_2)   0.0870   0.0000 *   5.0233 r
  systolic_array_with_skew_inst_systolic_array_inst/U64483/Y (sky130_fd_sc_hd__inv_2)   0.0279   0.0408   5.0641 f
  systolic_array_with_skew_inst_systolic_array_inst/n116349 (net)     2   0.0055   0.0000   5.0641 f
  systolic_array_with_skew_inst_systolic_array_inst/U65135/B (sky130_fd_sc_hd__nand2_1)   0.0279   0.0000 *   5.0641 f
  systolic_array_with_skew_inst_systolic_array_inst/U65135/Y (sky130_fd_sc_hd__nand2_1)   0.0851   0.0827   5.1468 r
  systolic_array_with_skew_inst_systolic_array_inst/n254 (net)     1   0.0075   0.0000   5.1468 r
  systolic_array_with_skew_inst_systolic_array_inst/U64766/B (sky130_fd_sc_hd__nand3_2)   0.0851   0.0001 *   5.1469 r
  systolic_array_with_skew_inst_systolic_array_inst/U64766/Y (sky130_fd_sc_hd__nand3_2)   0.0625   0.0857   5.2326 f
  systolic_array_with_skew_inst_systolic_array_inst/n116344 (net)     2   0.0064   0.0000   5.2326 f
  systolic_array_with_skew_inst_systolic_array_inst/U64430/A (sky130_fd_sc_hd__nand2_2)   0.0625   0.0000 *   5.2326 f
  systolic_array_with_skew_inst_systolic_array_inst/U64430/Y (sky130_fd_sc_hd__nand2_2)   0.0583   0.0711   5.3037 r
  systolic_array_with_skew_inst_systolic_array_inst/n126531 (net)     2   0.0073   0.0000   5.3037 r
  systolic_array_with_skew_inst_systolic_array_inst/U64423/A (sky130_fd_sc_hd__nand2_2)   0.0583   0.0000 *   5.3037 r
  systolic_array_with_skew_inst_systolic_array_inst/U64423/Y (sky130_fd_sc_hd__nand2_2)   0.0467   0.0576   5.3613 f
  systolic_array_with_skew_inst_systolic_array_inst/n126606 (net)     1   0.0084   0.0000   5.3613 f
  systolic_array_with_skew_inst_systolic_array_inst/U64884/B (sky130_fd_sc_hd__nand2_4)   0.0467   0.0000 *   5.3613 f
  systolic_array_with_skew_inst_systolic_array_inst/U64884/Y (sky130_fd_sc_hd__nand2_4)   0.1197   0.1189   5.4803 r
  systolic_array_with_skew_inst_systolic_array_inst/n318 (net)     1   0.0348   0.0000   5.4803 r
  systolic_array_with_skew_inst_systolic_array_inst/U384/A (sky130_fd_sc_hd__nand2_8)   0.1197   0.0022 *   5.4825 r
  systolic_array_with_skew_inst_systolic_array_inst/U384/Y (sky130_fd_sc_hd__nand2_8)   0.1347   0.1426   5.6251 f
  systolic_array_with_skew_inst_systolic_array_inst/n116428 (net)    21   0.0947   0.0000   5.6251 f
  systolic_array_with_skew_inst_systolic_array_inst/U65167/A (sky130_fd_sc_hd__nand2_2)   0.1347   0.0026 *   5.6277 f
  systolic_array_with_skew_inst_systolic_array_inst/U65167/Y (sky130_fd_sc_hd__nand2_2)   0.0635   0.1011   5.7288 r
  systolic_array_with_skew_inst_systolic_array_inst/n582 (net)     2   0.0073   0.0000   5.7288 r
  systolic_array_with_skew_inst_systolic_array_inst/U644/A (sky130_fd_sc_hd__nand2_1)   0.0635   0.0000 *   5.7288 r
  systolic_array_with_skew_inst_systolic_array_inst/U644/Y (sky130_fd_sc_hd__nand2_1)   0.0472   0.0597   5.7885 f
  systolic_array_with_skew_inst_systolic_array_inst/n581 (net)     1   0.0047   0.0000   5.7885 f
  systolic_array_with_skew_inst_systolic_array_inst/U65136/C1 (sky130_fd_sc_hd__o211ai_2)   0.0472   0.0000 *   5.7885 f
  systolic_array_with_skew_inst_systolic_array_inst/U65136/Y (sky130_fd_sc_hd__o211ai_2)   0.1087   0.0516   5.8401 r
  systolic_array_with_skew_inst_systolic_array_inst/n126626 (net)     1   0.0025   0.0000   5.8401 r
  systolic_array_with_skew_inst_systolic_array_inst/U64752/A (sky130_fd_sc_hd__inv_1)   0.1087   0.0000 *   5.8401 r
  systolic_array_with_skew_inst_systolic_array_inst/U64752/Y (sky130_fd_sc_hd__inv_1)   0.0303   0.0434   5.8835 f
  systolic_array_with_skew_inst_systolic_array_inst/row_0__col_0__mac_inst_N29 (net)     1   0.0019   0.0000   5.8835 f
  systolic_array_with_skew_inst_systolic_array_inst/row_0__col_0__mac_inst_ofmap_r_reg_17_/D (sky130_fd_sc_hd__dfxtp_1)   0.0303   0.0000 *   5.8835 f
  data arrival time                                                                    5.8835

  clock ideal_clock (rise edge)                                             6.0000     6.0000
  clock network delay (ideal)                                               0.0000     6.0000
  systolic_array_with_skew_inst_systolic_array_inst/row_0__col_0__mac_inst_ofmap_r_reg_17_/CLK (sky130_fd_sc_hd__dfxtp_1)   0.0000   6.0000 r
  library setup time                                                       -0.1146     5.8854
  data required time                                                                   5.8854
  -------------------------------------------------------------------------------------------------------------------
  data required time                                                                   5.8854
  data arrival time                                                                   -5.8835
  -------------------------------------------------------------------------------------------------------------------
  slack (MET)                                                                          0.0019


  Startpoint: ifmap_double_buffer_inst_ram_genblk1_8__genblk1_0__sram_macro/clk1
              (internal path startpoint clocked by ideal_clock)
  Endpoint: systolic_array_with_skew_inst_systolic_array_inst/row_0__col_0__mac_inst_ofmap_r_reg_18_
            (rising edge-triggered flip-flop clocked by ideal_clock)
  Path Group: ideal_clock
  Path Type: max

Attributes:
    d - dont_touch
    u - dont_use
   mo - map_only
   so - size_only
    i - ideal_net or ideal_network
  inf - infeasible path

  Point                                       Fanout       Cap     Trans      Incr       Path      Attributes
  -------------------------------------------------------------------------------------------------------------------
  clock ideal_clock (fall edge)                                             3.0000     3.0000
  clock network delay (ideal)                                               0.0000     3.0000
  input external delay                                                      0.0000     3.0000 f
  ifmap_double_buffer_inst_ram_genblk1_8__genblk1_0__sram_macro/clk1 (sky130_sram_1kbyte_1rw1r_32x256_8)   0.0000   0.0000 #   3.0000 f d u mo 
  ifmap_double_buffer_inst_ram_genblk1_8__genblk1_0__sram_macro/dout1[5] (sky130_sram_1kbyte_1rw1r_32x256_8)   0.0057   0.3331   3.3331 f d u mo 
  ifmap_double_buffer_inst_ram_dout1[2565] (net)     1   0.0082             0.0000     3.3331 f
  U47721/A (sky130_fd_sc_hd__nand2_2)                             0.0043    0.0002 *   3.3333 f
  U47721/Y (sky130_fd_sc_hd__nand2_2)                             0.0460    0.0292     3.3625 r
  n46878 (net)                                  1       0.0025              0.0000     3.3625 r
  U52198/D (sky130_fd_sc_hd__nand4_1)                             0.0460    0.0000 *   3.3625 r
  U52198/Y (sky130_fd_sc_hd__nand4_1)                             0.1130    0.1232     3.4858 f
  n8411 (net)                                   1       0.0068              0.0000     3.4858 f
  U10741/A (sky130_fd_sc_hd__inv_2)                               0.1130    0.0001 *   3.4858 f
  U10741/Y (sky130_fd_sc_hd__inv_2)                               0.0701    0.1018     3.5876 r
  n8420 (net)                                   1       0.0125              0.0000     3.5876 r
  U47452/B (sky130_fd_sc_hd__nand2_1)                             0.0701    0.0001 *   3.5877 r
  U47452/Y (sky130_fd_sc_hd__nand2_1)                             0.0481    0.0629     3.6506 f
  n46863 (net)                                  1       0.0043              0.0000     3.6506 f
  U41166/A (sky130_fd_sc_hd__inv_2)                               0.0481    0.0000 *   3.6506 f
  U41166/Y (sky130_fd_sc_hd__inv_2)                               0.0512    0.0633     3.7139 r
  n8422 (net)                                   1       0.0095              0.0000     3.7139 r
  U52249/B (sky130_fd_sc_hd__nand3_4)                             0.0512    0.0000 *   3.7140 r
  U52249/Y (sky130_fd_sc_hd__nand3_4)                             0.0667    0.0792     3.7932 f
  systolic_array_with_skew_inst_ifmap[5] (net)     1    0.0126              0.0000     3.7932 f
  systolic_array_with_skew_inst_systolic_array_inst/ifmap_in[5] (conv_systolic_array_IFMAP_WIDTH8_WEIGHT_WIDTH8_OFMAP_WIDTH32_ARRAY_HEIGHT16_ARRAY_WIDTH16_0)   0.0000   3.7932 f
  systolic_array_with_skew_inst_systolic_array_inst/ifmap_in[5] (net)   0.0126   0.0000   3.7932 f
  systolic_array_with_skew_inst_systolic_array_inst/U64964/A (sky130_fd_sc_hd__buf_12)   0.0667   0.0004 *   3.7935 f
  systolic_array_with_skew_inst_systolic_array_inst/U64964/X (sky130_fd_sc_hd__buf_12)   0.0662   0.1735   3.9670 f
  systolic_array_with_skew_inst_systolic_array_inst/n126677 (net)     5   0.1054   0.0000   3.9670 f
  systolic_array_with_skew_inst_systolic_array_inst/U123/B (sky130_fd_sc_hd__xnor2_4)   0.0674   0.0139 *   3.9809 f
  systolic_array_with_skew_inst_systolic_array_inst/U123/Y (sky130_fd_sc_hd__xnor2_4)   0.1633   0.1684   4.1493 r
  systolic_array_with_skew_inst_systolic_array_inst/n87 (net)     2   0.0128   0.0000   4.1493 r
  systolic_array_with_skew_inst_systolic_array_inst/U64567/B1 (sky130_fd_sc_hd__o22ai_1)   0.1633   0.0000 *   4.1493 r
  systolic_array_with_skew_inst_systolic_array_inst/U64567/Y (sky130_fd_sc_hd__o22ai_1)   0.1076   0.1323   4.2816 f
  systolic_array_with_skew_inst_systolic_array_inst/n141 (net)     2   0.0072   0.0000   4.2816 f
  systolic_array_with_skew_inst_systolic_array_inst/U65120/A (sky130_fd_sc_hd__clkbuf_1)   0.1076   0.0000 *   4.2816 f
  systolic_array_with_skew_inst_systolic_array_inst/U65120/X (sky130_fd_sc_hd__clkbuf_1)   0.0380   0.1242   4.4058 f
  systolic_array_with_skew_inst_systolic_array_inst/n126619 (net)     2   0.0047   0.0000   4.4058 f
  systolic_array_with_skew_inst_systolic_array_inst/U221/A1 (sky130_fd_sc_hd__o21ai_1)   0.0380   0.0000 *   4.4058 f
  systolic_array_with_skew_inst_systolic_array_inst/U221/Y (sky130_fd_sc_hd__o21ai_1)   0.0984   0.1195   4.5253 r
  systolic_array_with_skew_inst_systolic_array_inst/n143 (net)     1   0.0027   0.0000   4.5253 r
  systolic_array_with_skew_inst_systolic_array_inst/U223/A (sky130_fd_sc_hd__nand2_1)   0.0984   0.0000 *   4.5254 r
  systolic_array_with_skew_inst_systolic_array_inst/U223/Y (sky130_fd_sc_hd__nand2_1)   0.0873   0.1034   4.6288 f
  systolic_array_with_skew_inst_systolic_array_inst/n294 (net)     3   0.0107   0.0000   4.6288 f
  systolic_array_with_skew_inst_systolic_array_inst/U227/A (sky130_fd_sc_hd__xnor2_1)   0.0873   0.0000 *   4.6288 f
  systolic_array_with_skew_inst_systolic_array_inst/U227/Y (sky130_fd_sc_hd__xnor2_1)   0.1612   0.1934   4.8222 r
  systolic_array_with_skew_inst_systolic_array_inst/n171 (net)     1   0.0049   0.0000   4.8222 r
  systolic_array_with_skew_inst_systolic_array_inst/U64875/B (sky130_fd_sc_hd__xnor2_1)   0.1612   0.0000 *   4.8222 r
  systolic_array_with_skew_inst_systolic_array_inst/U64875/Y (sky130_fd_sc_hd__xnor2_1)   0.1692   0.1539   4.9761 r
  systolic_array_with_skew_inst_systolic_array_inst/n176 (net)     2   0.0053   0.0000   4.9761 r
  systolic_array_with_skew_inst_systolic_array_inst/U11116/A (sky130_fd_sc_hd__inv_1)   0.1692   0.0000 *   4.9761 r
  systolic_array_with_skew_inst_systolic_array_inst/U11116/Y (sky130_fd_sc_hd__inv_1)   0.0514   0.0689   5.0451 f
  systolic_array_with_skew_inst_systolic_array_inst/n126514 (net)     1   0.0043   0.0000   5.0451 f
  systolic_array_with_skew_inst_systolic_array_inst/U64457/A (sky130_fd_sc_hd__nand2_2)   0.0514   0.0000 *   5.0451 f
  systolic_array_with_skew_inst_systolic_array_inst/U64457/Y (sky130_fd_sc_hd__nand2_2)   0.0572   0.0654   5.1105 r
  systolic_array_with_skew_inst_systolic_array_inst/n116359 (net)     2   0.0071   0.0000   5.1105 r
  systolic_array_with_skew_inst_systolic_array_inst/U119989/A (sky130_fd_sc_hd__inv_2)   0.0572   0.0000 *   5.1105 r
  systolic_array_with_skew_inst_systolic_array_inst/U119989/Y (sky130_fd_sc_hd__inv_2)   0.0256   0.0392   5.1497 f
  systolic_array_with_skew_inst_systolic_array_inst/n116360 (net)     2   0.0075   0.0000   5.1497 f
  systolic_array_with_skew_inst_systolic_array_inst/U64881/B (sky130_fd_sc_hd__nor2_2)   0.0256   0.0000 *   5.1497 f
  systolic_array_with_skew_inst_systolic_array_inst/U64881/Y (sky130_fd_sc_hd__nor2_2)   0.0905   0.0837   5.2335 r
  systolic_array_with_skew_inst_systolic_array_inst/n126603 (net)     1   0.0056   0.0000   5.2335 r
  systolic_array_with_skew_inst_systolic_array_inst/U64430/B (sky130_fd_sc_hd__nand2_2)   0.0905   0.0000 *   5.2335 r
  systolic_array_with_skew_inst_systolic_array_inst/U64430/Y (sky130_fd_sc_hd__nand2_2)   0.0428   0.0669   5.3004 f
  systolic_array_with_skew_inst_systolic_array_inst/n126531 (net)     2   0.0070   0.0000   5.3004 f
  systolic_array_with_skew_inst_systolic_array_inst/U64423/A (sky130_fd_sc_hd__nand2_2)   0.0428   0.0000 *   5.3004 f
  systolic_array_with_skew_inst_systolic_array_inst/U64423/Y (sky130_fd_sc_hd__nand2_2)   0.0679   0.0696   5.3700 r
  systolic_array_with_skew_inst_systolic_array_inst/n126606 (net)     1   0.0093   0.0000   5.3700 r
  systolic_array_with_skew_inst_systolic_array_inst/U64884/B (sky130_fd_sc_hd__nand2_4)   0.0679   0.0000 *   5.3700 r
  systolic_array_with_skew_inst_systolic_array_inst/U64884/Y (sky130_fd_sc_hd__nand2_4)   0.0825   0.0920   5.4620 f
  systolic_array_with_skew_inst_systolic_array_inst/n318 (net)     1   0.0338   0.0000   5.4620 f
  systolic_array_with_skew_inst_systolic_array_inst/U384/A (sky130_fd_sc_hd__nand2_8)   0.0825   0.0022 *   5.4642 f
  systolic_array_with_skew_inst_systolic_array_inst/U384/Y (sky130_fd_sc_hd__nand2_8)   0.1810   0.1692   5.6335 r
  systolic_array_with_skew_inst_systolic_array_inst/n116428 (net)    21   0.0981   0.0000   5.6335 r
  systolic_array_with_skew_inst_systolic_array_inst/U65150/A (sky130_fd_sc_hd__nand2_2)   0.1810   0.0028 *   5.6363 r
  systolic_array_with_skew_inst_systolic_array_inst/U65150/Y (sky130_fd_sc_hd__nand2_2)   0.0609   0.0756   5.7119 f
  systolic_array_with_skew_inst_systolic_array_inst/n563 (net)     2   0.0064   0.0000   5.7119 f
  systolic_array_with_skew_inst_systolic_array_inst/U64879/A2 (sky130_fd_sc_hd__o211ai_2)   0.0609   0.0000 *   5.7119 f
  systolic_array_with_skew_inst_systolic_array_inst/U64879/Y (sky130_fd_sc_hd__o211ai_2)   0.1087   0.1271   5.8390 r
  systolic_array_with_skew_inst_systolic_array_inst/n126644 (net)     1   0.0025   0.0000   5.8390 r
  systolic_array_with_skew_inst_systolic_array_inst/U64751/A (sky130_fd_sc_hd__inv_1)   0.1087   0.0000 *   5.8390 r
  systolic_array_with_skew_inst_systolic_array_inst/U64751/Y (sky130_fd_sc_hd__inv_1)   0.0308   0.0440   5.8830 f
  systolic_array_with_skew_inst_systolic_array_inst/row_0__col_0__mac_inst_N30 (net)     1   0.0019   0.0000   5.8830 f
  systolic_array_with_skew_inst_systolic_array_inst/row_0__col_0__mac_inst_ofmap_r_reg_18_/D (sky130_fd_sc_hd__dfxtp_1)   0.0308   0.0000 *   5.8830 f
  data arrival time                                                                    5.8830

  clock ideal_clock (rise edge)                                             6.0000     6.0000
  clock network delay (ideal)                                               0.0000     6.0000
  systolic_array_with_skew_inst_systolic_array_inst/row_0__col_0__mac_inst_ofmap_r_reg_18_/CLK (sky130_fd_sc_hd__dfxtp_1)   0.0000   6.0000 r
  library setup time                                                       -0.1148     5.8852
  data required time                                                                   5.8852
  -------------------------------------------------------------------------------------------------------------------
  data required time                                                                   5.8852
  data arrival time                                                                   -5.8830
  -------------------------------------------------------------------------------------------------------------------
  slack (MET)                                                                          0.0022


  Startpoint: ifmap_double_buffer_inst_ram_genblk1_15__genblk1_0__sram_macro/clk1
              (internal path startpoint clocked by ideal_clock)
  Endpoint: systolic_array_with_skew_inst_systolic_array_inst/row_0__col_0__mac_inst_ofmap_r_reg_15_
            (rising edge-triggered flip-flop clocked by ideal_clock)
  Path Group: ideal_clock
  Path Type: max

Attributes:
    d - dont_touch
    u - dont_use
   mo - map_only
   so - size_only
    i - ideal_net or ideal_network
  inf - infeasible path

  Point                                       Fanout       Cap     Trans      Incr       Path      Attributes
  -------------------------------------------------------------------------------------------------------------------
  clock ideal_clock (fall edge)                                             3.0000     3.0000
  clock network delay (ideal)                                               0.0000     3.0000
  input external delay                                                      0.0000     3.0000 f
  ifmap_double_buffer_inst_ram_genblk1_15__genblk1_0__sram_macro/clk1 (sky130_sram_1kbyte_1rw1r_32x256_8)   0.0000   0.0000 #   3.0000 f d u mo 
  ifmap_double_buffer_inst_ram_genblk1_15__genblk1_0__sram_macro/dout1[6] (sky130_sram_1kbyte_1rw1r_32x256_8)   0.0099   0.3773   3.3773 f d u mo 
  ifmap_double_buffer_inst_ram_dout1[2438] (net)     1   0.0160             0.0000     3.3773 f
  U10604/A (sky130_fd_sc_hd__nand2_2)                             0.0074    0.0003 *   3.3776 f
  U10604/Y (sky130_fd_sc_hd__nand2_2)                             0.0725    0.0490     3.4266 r
  n8271 (net)                                   1       0.0076              0.0000     3.4266 r
  U52285/A (sky130_fd_sc_hd__nand4_1)                             0.0725    0.0001 *   3.4267 r
  U52285/Y (sky130_fd_sc_hd__nand4_1)                             0.0661    0.0706     3.4973 f
  n46990 (net)                                  1       0.0023              0.0000     3.4973 f
  U47454/A (sky130_fd_sc_hd__inv_1)                               0.0661    0.0000 *   3.4973 f
  U47454/Y (sky130_fd_sc_hd__inv_1)                               0.0530    0.0694     3.5667 r
  n46989 (net)                                  1       0.0049              0.0000     3.5667 r
  U52284/C (sky130_fd_sc_hd__nand3_2)                             0.0530    0.0000 *   3.5667 r
  U52284/Y (sky130_fd_sc_hd__nand3_2)                             0.0519    0.0721     3.6389 f
  n8284 (net)                                   1       0.0046              0.0000     3.6389 f
  U10614/A (sky130_fd_sc_hd__inv_2)                               0.0519    0.0000 *   3.6389 f
  U10614/Y (sky130_fd_sc_hd__inv_2)                               0.0328    0.0511     3.6899 r
  n8285 (net)                                   1       0.0051              0.0000     3.6899 r
  U10615/B (sky130_fd_sc_hd__nand3_2)                             0.0328    0.0000 *   3.6899 r
  U10615/Y (sky130_fd_sc_hd__nand3_2)                             0.0728    0.0813     3.7712 f
  systolic_array_with_skew_inst_ifmap[6] (net)     1    0.0088              0.0000     3.7712 f
  systolic_array_with_skew_inst_systolic_array_inst/ifmap_in[6] (conv_systolic_array_IFMAP_WIDTH8_WEIGHT_WIDTH8_OFMAP_WIDTH32_ARRAY_HEIGHT16_ARRAY_WIDTH16_0)   0.0000   3.7712 f
  systolic_array_with_skew_inst_systolic_array_inst/ifmap_in[6] (net)   0.0088   0.0000   3.7712 f
  systolic_array_with_skew_inst_systolic_array_inst/U64883/A (sky130_fd_sc_hd__buf_12)   0.0728   0.0000 *   3.7712 f
  systolic_array_with_skew_inst_systolic_array_inst/U64883/X (sky130_fd_sc_hd__buf_12)   0.0681   0.1779   3.9491 f
  systolic_array_with_skew_inst_systolic_array_inst/n126666 (net)     5   0.1099   0.0000   3.9491 f
  systolic_array_with_skew_inst_systolic_array_inst/U76/B (sky130_fd_sc_hd__xnor2_4)   0.0703   0.0185 *   3.9676 f
  systolic_array_with_skew_inst_systolic_array_inst/U76/Y (sky130_fd_sc_hd__xnor2_4)   0.0859   0.1435   4.1110 f
  systolic_array_with_skew_inst_systolic_array_inst/n28 (net)     2   0.0130   0.0000   4.1110 f
  systolic_array_with_skew_inst_systolic_array_inst/U612/A2 (sky130_fd_sc_hd__o22ai_4)   0.0859   0.0001 *   4.1111 f
  systolic_array_with_skew_inst_systolic_array_inst/U612/Y (sky130_fd_sc_hd__o22ai_4)   0.1441   0.1650   4.2761 r
  systolic_array_with_skew_inst_systolic_array_inst/n35 (net)     2   0.0074   0.0000   4.2761 r
  systolic_array_with_skew_inst_systolic_array_inst/U23577/B (sky130_fd_sc_hd__xor2_1)   0.1441   0.0000 *   4.2761 r
  systolic_array_with_skew_inst_systolic_array_inst/U23577/X (sky130_fd_sc_hd__xor2_1)   0.2034   0.2203   4.4964 r
  systolic_array_with_skew_inst_systolic_array_inst/n64 (net)     2   0.0076   0.0000   4.4964 r
  systolic_array_with_skew_inst_systolic_array_inst/U64864/B (sky130_fd_sc_hd__nand2_1)   0.2034   0.0000 *   4.4964 r
  systolic_array_with_skew_inst_systolic_array_inst/U64864/Y (sky130_fd_sc_hd__nand2_1)   0.0608   0.0912   4.5876 f
  systolic_array_with_skew_inst_systolic_array_inst/n37 (net)     1   0.0043   0.0000   4.5876 f
  systolic_array_with_skew_inst_systolic_array_inst/U64715/A (sky130_fd_sc_hd__nand2_2)   0.0608   0.0000 *   4.5876 f
  systolic_array_with_skew_inst_systolic_array_inst/U64715/Y (sky130_fd_sc_hd__nand2_2)   0.0596   0.0713   4.6588 r
  systolic_array_with_skew_inst_systolic_array_inst/n52 (net)     2   0.0076   0.0000   4.6588 r
  systolic_array_with_skew_inst_systolic_array_inst/U64863/B (sky130_fd_sc_hd__xnor2_1)   0.0596   0.0000 *   4.6589 r
  systolic_array_with_skew_inst_systolic_array_inst/U64863/Y (sky130_fd_sc_hd__xnor2_1)   0.1591   0.1241   4.7830 r
  systolic_array_with_skew_inst_systolic_array_inst/n126587 (net)     1   0.0048   0.0000   4.7830 r
  systolic_array_with_skew_inst_systolic_array_inst/U64485/B (sky130_fd_sc_hd__xnor2_1)   0.1591   0.0000 *   4.7830 r
  systolic_array_with_skew_inst_systolic_array_inst/U64485/Y (sky130_fd_sc_hd__xnor2_1)   0.2173   0.1717   4.9547 r
  systolic_array_with_skew_inst_systolic_array_inst/n263 (net)     2   0.0077   0.0000   4.9547 r
  systolic_array_with_skew_inst_systolic_array_inst/U720/A (sky130_fd_sc_hd__nand2_1)   0.2173   0.0000 *   4.9547 r
  systolic_array_with_skew_inst_systolic_array_inst/U720/Y (sky130_fd_sc_hd__nand2_1)   0.0734   0.0920   5.0467 f
  systolic_array_with_skew_inst_systolic_array_inst/n116410 (net)     2   0.0045   0.0000   5.0467 f
  systolic_array_with_skew_inst_systolic_array_inst/U689/A (sky130_fd_sc_hd__inv_1)   0.0734   0.0000 *   5.0467 f
  systolic_array_with_skew_inst_systolic_array_inst/U689/Y (sky130_fd_sc_hd__inv_1)   0.0527   0.0712   5.1179 r
  systolic_array_with_skew_inst_systolic_array_inst/n81 (net)     1   0.0047   0.0000   5.1179 r
  systolic_array_with_skew_inst_systolic_array_inst/U64723/A (sky130_fd_sc_hd__nand3_2)   0.0527   0.0000 *   5.1179 r
  systolic_array_with_skew_inst_systolic_array_inst/U64723/Y (sky130_fd_sc_hd__nand3_2)   0.0497   0.0564   5.1743 f
  systolic_array_with_skew_inst_systolic_array_inst/n126555 (net)     1   0.0043   0.0000   5.1743 f
  systolic_array_with_skew_inst_systolic_array_inst/U64722/A (sky130_fd_sc_hd__nand2_2)   0.0497   0.0000 *   5.1743 f
  systolic_array_with_skew_inst_systolic_array_inst/U64722/Y (sky130_fd_sc_hd__nand2_2)   0.0746   0.0775   5.2517 r
  systolic_array_with_skew_inst_systolic_array_inst/n260 (net)     2   0.0107   0.0000   5.2517 r
  systolic_array_with_skew_inst_systolic_array_inst/U64429/A (sky130_fd_sc_hd__nor2_2)   0.0746   0.0000 *   5.2518 r
  systolic_array_with_skew_inst_systolic_array_inst/U64429/Y (sky130_fd_sc_hd__nor2_2)   0.0282   0.0452   5.2970 f
  systolic_array_with_skew_inst_systolic_array_inst/n126510 (net)     1   0.0043   0.0000   5.2970 f
  systolic_array_with_skew_inst_systolic_array_inst/U64423/B (sky130_fd_sc_hd__nand2_2)   0.0282   0.0000 *   5.2970 f
  systolic_array_with_skew_inst_systolic_array_inst/U64423/Y (sky130_fd_sc_hd__nand2_2)   0.0679   0.0724   5.3693 r
  systolic_array_with_skew_inst_systolic_array_inst/n126606 (net)     1   0.0093   0.0000   5.3693 r
  systolic_array_with_skew_inst_systolic_array_inst/U64884/B (sky130_fd_sc_hd__nand2_4)   0.0679   0.0000 *   5.3693 r
  systolic_array_with_skew_inst_systolic_array_inst/U64884/Y (sky130_fd_sc_hd__nand2_4)   0.0825   0.0920   5.4614 f
  systolic_array_with_skew_inst_systolic_array_inst/n318 (net)     1   0.0338   0.0000   5.4614 f
  systolic_array_with_skew_inst_systolic_array_inst/U384/A (sky130_fd_sc_hd__nand2_8)   0.0825   0.0022 *   5.4636 f
  systolic_array_with_skew_inst_systolic_array_inst/U384/Y (sky130_fd_sc_hd__nand2_8)   0.1810   0.1692   5.6328 r
  systolic_array_with_skew_inst_systolic_array_inst/n116428 (net)    21   0.0981   0.0000   5.6328 r
  systolic_array_with_skew_inst_systolic_array_inst/U64468/A (sky130_fd_sc_hd__nand2_2)   0.1810   0.0020 *   5.6348 r
  systolic_array_with_skew_inst_systolic_array_inst/U64468/Y (sky130_fd_sc_hd__nand2_2)   0.0609   0.0756   5.7104 f
  systolic_array_with_skew_inst_systolic_array_inst/n126517 (net)     2   0.0064   0.0000   5.7104 f
  systolic_array_with_skew_inst_systolic_array_inst/U64466/A2 (sky130_fd_sc_hd__o211ai_2)   0.0609   0.0000 *   5.7104 f
  systolic_array_with_skew_inst_systolic_array_inst/U64466/Y (sky130_fd_sc_hd__o211ai_2)   0.1087   0.1271   5.8375 r
  systolic_array_with_skew_inst_systolic_array_inst/n126520 (net)     1   0.0025   0.0000   5.8375 r
  systolic_array_with_skew_inst_systolic_array_inst/U64471/A (sky130_fd_sc_hd__inv_1)   0.1087   0.0000 *   5.8375 r
  systolic_array_with_skew_inst_systolic_array_inst/U64471/Y (sky130_fd_sc_hd__inv_1)   0.0309   0.0442   5.8818 f
  systolic_array_with_skew_inst_systolic_array_inst/row_0__col_0__mac_inst_N27 (net)     1   0.0020   0.0000   5.8818 f
  systolic_array_with_skew_inst_systolic_array_inst/row_0__col_0__mac_inst_ofmap_r_reg_15_/D (sky130_fd_sc_hd__dfxtp_4)   0.0309   0.0000 *   5.8818 f
  data arrival time                                                                    5.8818

  clock ideal_clock (rise edge)                                             6.0000     6.0000
  clock network delay (ideal)                                               0.0000     6.0000
  systolic_array_with_skew_inst_systolic_array_inst/row_0__col_0__mac_inst_ofmap_r_reg_15_/CLK (sky130_fd_sc_hd__dfxtp_4)   0.0000   6.0000 r
  library setup time                                                       -0.1159     5.8841
  data required time                                                                   5.8841
  -------------------------------------------------------------------------------------------------------------------
  data required time                                                                   5.8841
  data arrival time                                                                   -5.8818
  -------------------------------------------------------------------------------------------------------------------
  slack (MET)                                                                          0.0023


  Startpoint: ifmap_double_buffer_inst_ram_genblk1_8__genblk1_0__sram_macro/clk1
              (internal path startpoint clocked by ideal_clock)
  Endpoint: systolic_array_with_skew_inst_systolic_array_inst/row_0__col_0__mac_inst_ofmap_r_reg_17_
            (rising edge-triggered flip-flop clocked by ideal_clock)
  Path Group: ideal_clock
  Path Type: max

Attributes:
    d - dont_touch
    u - dont_use
   mo - map_only
   so - size_only
    i - ideal_net or ideal_network
  inf - infeasible path

  Point                                       Fanout       Cap     Trans      Incr       Path      Attributes
  -------------------------------------------------------------------------------------------------------------------
  clock ideal_clock (fall edge)                                             3.0000     3.0000
  clock network delay (ideal)                                               0.0000     3.0000
  input external delay                                                      0.0000     3.0000 f
  ifmap_double_buffer_inst_ram_genblk1_8__genblk1_0__sram_macro/clk1 (sky130_sram_1kbyte_1rw1r_32x256_8)   0.0000   0.0000 #   3.0000 f d u mo 
  ifmap_double_buffer_inst_ram_genblk1_8__genblk1_0__sram_macro/dout1[5] (sky130_sram_1kbyte_1rw1r_32x256_8)   0.0057   0.3331   3.3331 f d u mo 
  ifmap_double_buffer_inst_ram_dout1[2565] (net)     1   0.0082             0.0000     3.3331 f
  U47721/A (sky130_fd_sc_hd__nand2_2)                             0.0043    0.0002 *   3.3333 f
  U47721/Y (sky130_fd_sc_hd__nand2_2)                             0.0460    0.0292     3.3625 r
  n46878 (net)                                  1       0.0025              0.0000     3.3625 r
  U52198/D (sky130_fd_sc_hd__nand4_1)                             0.0460    0.0000 *   3.3625 r
  U52198/Y (sky130_fd_sc_hd__nand4_1)                             0.1130    0.1232     3.4858 f
  n8411 (net)                                   1       0.0068              0.0000     3.4858 f
  U10741/A (sky130_fd_sc_hd__inv_2)                               0.1130    0.0001 *   3.4858 f
  U10741/Y (sky130_fd_sc_hd__inv_2)                               0.0701    0.1018     3.5876 r
  n8420 (net)                                   1       0.0125              0.0000     3.5876 r
  U47452/B (sky130_fd_sc_hd__nand2_1)                             0.0701    0.0001 *   3.5877 r
  U47452/Y (sky130_fd_sc_hd__nand2_1)                             0.0481    0.0629     3.6506 f
  n46863 (net)                                  1       0.0043              0.0000     3.6506 f
  U41166/A (sky130_fd_sc_hd__inv_2)                               0.0481    0.0000 *   3.6506 f
  U41166/Y (sky130_fd_sc_hd__inv_2)                               0.0512    0.0633     3.7139 r
  n8422 (net)                                   1       0.0095              0.0000     3.7139 r
  U52249/B (sky130_fd_sc_hd__nand3_4)                             0.0512    0.0000 *   3.7140 r
  U52249/Y (sky130_fd_sc_hd__nand3_4)                             0.0667    0.0792     3.7932 f
  systolic_array_with_skew_inst_ifmap[5] (net)     1    0.0126              0.0000     3.7932 f
  systolic_array_with_skew_inst_systolic_array_inst/ifmap_in[5] (conv_systolic_array_IFMAP_WIDTH8_WEIGHT_WIDTH8_OFMAP_WIDTH32_ARRAY_HEIGHT16_ARRAY_WIDTH16_0)   0.0000   3.7932 f
  systolic_array_with_skew_inst_systolic_array_inst/ifmap_in[5] (net)   0.0126   0.0000   3.7932 f
  systolic_array_with_skew_inst_systolic_array_inst/U64964/A (sky130_fd_sc_hd__buf_12)   0.0667   0.0004 *   3.7935 f
  systolic_array_with_skew_inst_systolic_array_inst/U64964/X (sky130_fd_sc_hd__buf_12)   0.0662   0.1735   3.9670 f
  systolic_array_with_skew_inst_systolic_array_inst/n126677 (net)     5   0.1054   0.0000   3.9670 f
  systolic_array_with_skew_inst_systolic_array_inst/U123/B (sky130_fd_sc_hd__xnor2_4)   0.0674   0.0139 *   3.9809 f
  systolic_array_with_skew_inst_systolic_array_inst/U123/Y (sky130_fd_sc_hd__xnor2_4)   0.1633   0.1684   4.1493 r
  systolic_array_with_skew_inst_systolic_array_inst/n87 (net)     2   0.0128   0.0000   4.1493 r
  systolic_array_with_skew_inst_systolic_array_inst/U64567/B1 (sky130_fd_sc_hd__o22ai_1)   0.1633   0.0000 *   4.1493 r
  systolic_array_with_skew_inst_systolic_array_inst/U64567/Y (sky130_fd_sc_hd__o22ai_1)   0.1076   0.1323   4.2816 f
  systolic_array_with_skew_inst_systolic_array_inst/n141 (net)     2   0.0072   0.0000   4.2816 f
  systolic_array_with_skew_inst_systolic_array_inst/U65120/A (sky130_fd_sc_hd__clkbuf_1)   0.1076   0.0000 *   4.2816 f
  systolic_array_with_skew_inst_systolic_array_inst/U65120/X (sky130_fd_sc_hd__clkbuf_1)   0.0380   0.1242   4.4058 f
  systolic_array_with_skew_inst_systolic_array_inst/n126619 (net)     2   0.0047   0.0000   4.4058 f
  systolic_array_with_skew_inst_systolic_array_inst/U221/A1 (sky130_fd_sc_hd__o21ai_1)   0.0380   0.0000 *   4.4058 f
  systolic_array_with_skew_inst_systolic_array_inst/U221/Y (sky130_fd_sc_hd__o21ai_1)   0.0984   0.1195   4.5253 r
  systolic_array_with_skew_inst_systolic_array_inst/n143 (net)     1   0.0027   0.0000   4.5253 r
  systolic_array_with_skew_inst_systolic_array_inst/U223/A (sky130_fd_sc_hd__nand2_1)   0.0984   0.0000 *   4.5254 r
  systolic_array_with_skew_inst_systolic_array_inst/U223/Y (sky130_fd_sc_hd__nand2_1)   0.0873   0.1034   4.6288 f
  systolic_array_with_skew_inst_systolic_array_inst/n294 (net)     3   0.0107   0.0000   4.6288 f
  systolic_array_with_skew_inst_systolic_array_inst/U227/A (sky130_fd_sc_hd__xnor2_1)   0.0873   0.0000 *   4.6288 f
  systolic_array_with_skew_inst_systolic_array_inst/U227/Y (sky130_fd_sc_hd__xnor2_1)   0.1612   0.1934   4.8222 r
  systolic_array_with_skew_inst_systolic_array_inst/n171 (net)     1   0.0049   0.0000   4.8222 r
  systolic_array_with_skew_inst_systolic_array_inst/U64875/B (sky130_fd_sc_hd__xnor2_1)   0.1612   0.0000 *   4.8222 r
  systolic_array_with_skew_inst_systolic_array_inst/U64875/Y (sky130_fd_sc_hd__xnor2_1)   0.1692   0.1539   4.9761 r
  systolic_array_with_skew_inst_systolic_array_inst/n176 (net)     2   0.0053   0.0000   4.9761 r
  systolic_array_with_skew_inst_systolic_array_inst/U11116/A (sky130_fd_sc_hd__inv_1)   0.1692   0.0000 *   4.9761 r
  systolic_array_with_skew_inst_systolic_array_inst/U11116/Y (sky130_fd_sc_hd__inv_1)   0.0514   0.0689   5.0451 f
  systolic_array_with_skew_inst_systolic_array_inst/n126514 (net)     1   0.0043   0.0000   5.0451 f
  systolic_array_with_skew_inst_systolic_array_inst/U64457/A (sky130_fd_sc_hd__nand2_2)   0.0514   0.0000 *   5.0451 f
  systolic_array_with_skew_inst_systolic_array_inst/U64457/Y (sky130_fd_sc_hd__nand2_2)   0.0572   0.0654   5.1105 r
  systolic_array_with_skew_inst_systolic_array_inst/n116359 (net)     2   0.0071   0.0000   5.1105 r
  systolic_array_with_skew_inst_systolic_array_inst/U119989/A (sky130_fd_sc_hd__inv_2)   0.0572   0.0000 *   5.1105 r
  systolic_array_with_skew_inst_systolic_array_inst/U119989/Y (sky130_fd_sc_hd__inv_2)   0.0256   0.0392   5.1497 f
  systolic_array_with_skew_inst_systolic_array_inst/n116360 (net)     2   0.0075   0.0000   5.1497 f
  systolic_array_with_skew_inst_systolic_array_inst/U64881/B (sky130_fd_sc_hd__nor2_2)   0.0256   0.0000 *   5.1497 f
  systolic_array_with_skew_inst_systolic_array_inst/U64881/Y (sky130_fd_sc_hd__nor2_2)   0.0905   0.0837   5.2335 r
  systolic_array_with_skew_inst_systolic_array_inst/n126603 (net)     1   0.0056   0.0000   5.2335 r
  systolic_array_with_skew_inst_systolic_array_inst/U64430/B (sky130_fd_sc_hd__nand2_2)   0.0905   0.0000 *   5.2335 r
  systolic_array_with_skew_inst_systolic_array_inst/U64430/Y (sky130_fd_sc_hd__nand2_2)   0.0428   0.0669   5.3004 f
  systolic_array_with_skew_inst_systolic_array_inst/n126531 (net)     2   0.0070   0.0000   5.3004 f
  systolic_array_with_skew_inst_systolic_array_inst/U64423/A (sky130_fd_sc_hd__nand2_2)   0.0428   0.0000 *   5.3004 f
  systolic_array_with_skew_inst_systolic_array_inst/U64423/Y (sky130_fd_sc_hd__nand2_2)   0.0679   0.0696   5.3700 r
  systolic_array_with_skew_inst_systolic_array_inst/n126606 (net)     1   0.0093   0.0000   5.3700 r
  systolic_array_with_skew_inst_systolic_array_inst/U64884/B (sky130_fd_sc_hd__nand2_4)   0.0679   0.0000 *   5.3700 r
  systolic_array_with_skew_inst_systolic_array_inst/U64884/Y (sky130_fd_sc_hd__nand2_4)   0.0825   0.0920   5.4620 f
  systolic_array_with_skew_inst_systolic_array_inst/n318 (net)     1   0.0338   0.0000   5.4620 f
  systolic_array_with_skew_inst_systolic_array_inst/U384/A (sky130_fd_sc_hd__nand2_8)   0.0825   0.0022 *   5.4642 f
  systolic_array_with_skew_inst_systolic_array_inst/U384/Y (sky130_fd_sc_hd__nand2_8)   0.1810   0.1692   5.6335 r
  systolic_array_with_skew_inst_systolic_array_inst/n116428 (net)    21   0.0981   0.0000   5.6335 r
  systolic_array_with_skew_inst_systolic_array_inst/U65167/A (sky130_fd_sc_hd__nand2_2)   0.1810   0.0026 *   5.6361 r
  systolic_array_with_skew_inst_systolic_array_inst/U65167/Y (sky130_fd_sc_hd__nand2_2)   0.0614   0.0762   5.7123 f
  systolic_array_with_skew_inst_systolic_array_inst/n582 (net)     2   0.0066   0.0000   5.7123 f
  systolic_array_with_skew_inst_systolic_array_inst/U65136/A2 (sky130_fd_sc_hd__o211ai_2)   0.0614   0.0000 *   5.7123 f
  systolic_array_with_skew_inst_systolic_array_inst/U65136/Y (sky130_fd_sc_hd__o211ai_2)   0.1087   0.1273   5.8396 r
  systolic_array_with_skew_inst_systolic_array_inst/n126626 (net)     1   0.0025   0.0000   5.8396 r
  systolic_array_with_skew_inst_systolic_array_inst/U64752/A (sky130_fd_sc_hd__inv_1)   0.1087   0.0000 *   5.8396 r
  systolic_array_with_skew_inst_systolic_array_inst/U64752/Y (sky130_fd_sc_hd__inv_1)   0.0303   0.0434   5.8830 f
  systolic_array_with_skew_inst_systolic_array_inst/row_0__col_0__mac_inst_N29 (net)     1   0.0019   0.0000   5.8830 f
  systolic_array_with_skew_inst_systolic_array_inst/row_0__col_0__mac_inst_ofmap_r_reg_17_/D (sky130_fd_sc_hd__dfxtp_1)   0.0303   0.0000 *   5.8830 f
  data arrival time                                                                    5.8830

  clock ideal_clock (rise edge)                                             6.0000     6.0000
  clock network delay (ideal)                                               0.0000     6.0000
  systolic_array_with_skew_inst_systolic_array_inst/row_0__col_0__mac_inst_ofmap_r_reg_17_/CLK (sky130_fd_sc_hd__dfxtp_1)   0.0000   6.0000 r
  library setup time                                                       -0.1146     5.8854
  data required time                                                                   5.8854
  -------------------------------------------------------------------------------------------------------------------
  data required time                                                                   5.8854
  data arrival time                                                                   -5.8830
  -------------------------------------------------------------------------------------------------------------------
  slack (MET)                                                                          0.0024


  Startpoint: ifmap_double_buffer_inst_ram_genblk1_8__genblk1_0__sram_macro/clk1
              (internal path startpoint clocked by ideal_clock)
  Endpoint: systolic_array_with_skew_inst_systolic_array_inst/row_0__col_0__mac_inst_ofmap_r_reg_18_
            (rising edge-triggered flip-flop clocked by ideal_clock)
  Path Group: ideal_clock
  Path Type: max

Attributes:
    d - dont_touch
    u - dont_use
   mo - map_only
   so - size_only
    i - ideal_net or ideal_network
  inf - infeasible path

  Point                                       Fanout       Cap     Trans      Incr       Path      Attributes
  -------------------------------------------------------------------------------------------------------------------
  clock ideal_clock (fall edge)                                             3.0000     3.0000
  clock network delay (ideal)                                               0.0000     3.0000
  input external delay                                                      0.0000     3.0000 f
  ifmap_double_buffer_inst_ram_genblk1_8__genblk1_0__sram_macro/clk1 (sky130_sram_1kbyte_1rw1r_32x256_8)   0.0000   0.0000 #   3.0000 f d u mo 
  ifmap_double_buffer_inst_ram_genblk1_8__genblk1_0__sram_macro/dout1[5] (sky130_sram_1kbyte_1rw1r_32x256_8)   0.0057   0.3331   3.3331 f d u mo 
  ifmap_double_buffer_inst_ram_dout1[2565] (net)     1   0.0082             0.0000     3.3331 f
  U47721/A (sky130_fd_sc_hd__nand2_2)                             0.0043    0.0002 *   3.3333 f
  U47721/Y (sky130_fd_sc_hd__nand2_2)                             0.0460    0.0292     3.3625 r
  n46878 (net)                                  1       0.0025              0.0000     3.3625 r
  U52198/D (sky130_fd_sc_hd__nand4_1)                             0.0460    0.0000 *   3.3625 r
  U52198/Y (sky130_fd_sc_hd__nand4_1)                             0.1130    0.1232     3.4858 f
  n8411 (net)                                   1       0.0068              0.0000     3.4858 f
  U10741/A (sky130_fd_sc_hd__inv_2)                               0.1130    0.0001 *   3.4858 f
  U10741/Y (sky130_fd_sc_hd__inv_2)                               0.0701    0.1018     3.5876 r
  n8420 (net)                                   1       0.0125              0.0000     3.5876 r
  U47452/B (sky130_fd_sc_hd__nand2_1)                             0.0701    0.0001 *   3.5877 r
  U47452/Y (sky130_fd_sc_hd__nand2_1)                             0.0481    0.0629     3.6506 f
  n46863 (net)                                  1       0.0043              0.0000     3.6506 f
  U41166/A (sky130_fd_sc_hd__inv_2)                               0.0481    0.0000 *   3.6506 f
  U41166/Y (sky130_fd_sc_hd__inv_2)                               0.0512    0.0633     3.7139 r
  n8422 (net)                                   1       0.0095              0.0000     3.7139 r
  U52249/B (sky130_fd_sc_hd__nand3_4)                             0.0512    0.0000 *   3.7140 r
  U52249/Y (sky130_fd_sc_hd__nand3_4)                             0.0667    0.0792     3.7932 f
  systolic_array_with_skew_inst_ifmap[5] (net)     1    0.0126              0.0000     3.7932 f
  systolic_array_with_skew_inst_systolic_array_inst/ifmap_in[5] (conv_systolic_array_IFMAP_WIDTH8_WEIGHT_WIDTH8_OFMAP_WIDTH32_ARRAY_HEIGHT16_ARRAY_WIDTH16_0)   0.0000   3.7932 f
  systolic_array_with_skew_inst_systolic_array_inst/ifmap_in[5] (net)   0.0126   0.0000   3.7932 f
  systolic_array_with_skew_inst_systolic_array_inst/U64964/A (sky130_fd_sc_hd__buf_12)   0.0667   0.0004 *   3.7935 f
  systolic_array_with_skew_inst_systolic_array_inst/U64964/X (sky130_fd_sc_hd__buf_12)   0.0662   0.1735   3.9670 f
  systolic_array_with_skew_inst_systolic_array_inst/n126677 (net)     5   0.1054   0.0000   3.9670 f
  systolic_array_with_skew_inst_systolic_array_inst/U179/B (sky130_fd_sc_hd__xnor2_1)   0.0668   0.0111 *   3.9782 f
  systolic_array_with_skew_inst_systolic_array_inst/U179/Y (sky130_fd_sc_hd__xnor2_1)   0.1842   0.1840   4.1621 r
  systolic_array_with_skew_inst_systolic_array_inst/n121 (net)     2   0.0060   0.0000   4.1621 r
  systolic_array_with_skew_inst_systolic_array_inst/U65016/A (sky130_fd_sc_hd__nand2_1)   0.1842   0.0000 *   4.1622 r
  systolic_array_with_skew_inst_systolic_array_inst/U65016/Y (sky130_fd_sc_hd__nand2_1)   0.0532   0.0670   4.2292 f
  systolic_array_with_skew_inst_systolic_array_inst/n103 (net)     1   0.0023   0.0000   4.2292 f
  systolic_array_with_skew_inst_systolic_array_inst/U183/B1 (sky130_fd_sc_hd__o21ai_1)   0.0532   0.0000 *   4.2292 f
  systolic_array_with_skew_inst_systolic_array_inst/U183/Y (sky130_fd_sc_hd__o21ai_1)   0.2007   0.1235   4.3527 r
  systolic_array_with_skew_inst_systolic_array_inst/n116 (net)     2   0.0085   0.0000   4.3527 r
  systolic_array_with_skew_inst_systolic_array_inst/U184/B1 (sky130_fd_sc_hd__o21ai_1)   0.2007   0.0000 *   4.3527 r
  systolic_array_with_skew_inst_systolic_array_inst/U184/Y (sky130_fd_sc_hd__o21ai_1)   0.0853   0.1169   4.4697 f
  systolic_array_with_skew_inst_systolic_array_inst/n105 (net)     1   0.0055   0.0000   4.4697 f
  systolic_array_with_skew_inst_systolic_array_inst/U15645/A (sky130_fd_sc_hd__nand2_2)   0.0853   0.0000 *   4.4697 f
  systolic_array_with_skew_inst_systolic_array_inst/U15645/Y (sky130_fd_sc_hd__nand2_2)   0.0704   0.0901   4.5598 r
  systolic_array_with_skew_inst_systolic_array_inst/n144 (net)     2   0.0098   0.0000   4.5598 r
  systolic_array_with_skew_inst_systolic_array_inst/U1740/B1 (sky130_fd_sc_hd__o21ai_2)   0.0704   0.0000 *   4.5598 r
  systolic_array_with_skew_inst_systolic_array_inst/U1740/Y (sky130_fd_sc_hd__o21ai_2)   0.0519   0.0557   4.6156 f
  systolic_array_with_skew_inst_systolic_array_inst/n148 (net)     1   0.0044   0.0000   4.6156 f
  systolic_array_with_skew_inst_systolic_array_inst/U226/A (sky130_fd_sc_hd__nand2_2)   0.0519   0.0000 *   4.6156 f
  systolic_array_with_skew_inst_systolic_array_inst/U226/Y (sky130_fd_sc_hd__nand2_2)   0.0737   0.0773   4.6928 r
  systolic_array_with_skew_inst_systolic_array_inst/n292 (net)     3   0.0104   0.0000   4.6928 r
  systolic_array_with_skew_inst_systolic_array_inst/U227/B (sky130_fd_sc_hd__xnor2_1)   0.0737   0.0000 *   4.6928 r
  systolic_array_with_skew_inst_systolic_array_inst/U227/Y (sky130_fd_sc_hd__xnor2_1)   0.1612   0.1292   4.8220 r
  systolic_array_with_skew_inst_systolic_array_inst/n171 (net)     1   0.0049   0.0000   4.8220 r
  systolic_array_with_skew_inst_systolic_array_inst/U64875/B (sky130_fd_sc_hd__xnor2_1)   0.1612   0.0000 *   4.8220 r
  systolic_array_with_skew_inst_systolic_array_inst/U64875/Y (sky130_fd_sc_hd__xnor2_1)   0.1692   0.1539   4.9759 r
  systolic_array_with_skew_inst_systolic_array_inst/n176 (net)     2   0.0053   0.0000   4.9759 r
  systolic_array_with_skew_inst_systolic_array_inst/U11116/A (sky130_fd_sc_hd__inv_1)   0.1692   0.0000 *   4.9759 r
  systolic_array_with_skew_inst_systolic_array_inst/U11116/Y (sky130_fd_sc_hd__inv_1)   0.0514   0.0689   5.0448 f
  systolic_array_with_skew_inst_systolic_array_inst/n126514 (net)     1   0.0043   0.0000   5.0448 f
  systolic_array_with_skew_inst_systolic_array_inst/U64457/A (sky130_fd_sc_hd__nand2_2)   0.0514   0.0000 *   5.0448 f
  systolic_array_with_skew_inst_systolic_array_inst/U64457/Y (sky130_fd_sc_hd__nand2_2)   0.0572   0.0654   5.1103 r
  systolic_array_with_skew_inst_systolic_array_inst/n116359 (net)     2   0.0071   0.0000   5.1103 r
  systolic_array_with_skew_inst_systolic_array_inst/U119989/A (sky130_fd_sc_hd__inv_2)   0.0572   0.0000 *   5.1103 r
  systolic_array_with_skew_inst_systolic_array_inst/U119989/Y (sky130_fd_sc_hd__inv_2)   0.0256   0.0392   5.1495 f
  systolic_array_with_skew_inst_systolic_array_inst/n116360 (net)     2   0.0075   0.0000   5.1495 f
  systolic_array_with_skew_inst_systolic_array_inst/U64881/B (sky130_fd_sc_hd__nor2_2)   0.0256   0.0000 *   5.1495 f
  systolic_array_with_skew_inst_systolic_array_inst/U64881/Y (sky130_fd_sc_hd__nor2_2)   0.0905   0.0837   5.2332 r
  systolic_array_with_skew_inst_systolic_array_inst/n126603 (net)     1   0.0056   0.0000   5.2332 r
  systolic_array_with_skew_inst_systolic_array_inst/U64430/B (sky130_fd_sc_hd__nand2_2)   0.0905   0.0000 *   5.2333 r
  systolic_array_with_skew_inst_systolic_array_inst/U64430/Y (sky130_fd_sc_hd__nand2_2)   0.0428   0.0669   5.3002 f
  systolic_array_with_skew_inst_systolic_array_inst/n126531 (net)     2   0.0070   0.0000   5.3002 f
  systolic_array_with_skew_inst_systolic_array_inst/U64423/A (sky130_fd_sc_hd__nand2_2)   0.0428   0.0000 *   5.3002 f
  systolic_array_with_skew_inst_systolic_array_inst/U64423/Y (sky130_fd_sc_hd__nand2_2)   0.0679   0.0696   5.3698 r
  systolic_array_with_skew_inst_systolic_array_inst/n126606 (net)     1   0.0093   0.0000   5.3698 r
  systolic_array_with_skew_inst_systolic_array_inst/U64884/B (sky130_fd_sc_hd__nand2_4)   0.0679   0.0000 *   5.3698 r
  systolic_array_with_skew_inst_systolic_array_inst/U64884/Y (sky130_fd_sc_hd__nand2_4)   0.0825   0.0920   5.4618 f
  systolic_array_with_skew_inst_systolic_array_inst/n318 (net)     1   0.0338   0.0000   5.4618 f
  systolic_array_with_skew_inst_systolic_array_inst/U384/A (sky130_fd_sc_hd__nand2_8)   0.0825   0.0022 *   5.4640 f
  systolic_array_with_skew_inst_systolic_array_inst/U384/Y (sky130_fd_sc_hd__nand2_8)   0.1810   0.1692   5.6333 r
  systolic_array_with_skew_inst_systolic_array_inst/n116428 (net)    21   0.0981   0.0000   5.6333 r
  systolic_array_with_skew_inst_systolic_array_inst/U65150/A (sky130_fd_sc_hd__nand2_2)   0.1810   0.0028 *   5.6361 r
  systolic_array_with_skew_inst_systolic_array_inst/U65150/Y (sky130_fd_sc_hd__nand2_2)   0.0609   0.0756   5.7117 f
  systolic_array_with_skew_inst_systolic_array_inst/n563 (net)     2   0.0064   0.0000   5.7117 f
  systolic_array_with_skew_inst_systolic_array_inst/U64879/A2 (sky130_fd_sc_hd__o211ai_2)   0.0609   0.0000 *   5.7117 f
  systolic_array_with_skew_inst_systolic_array_inst/U64879/Y (sky130_fd_sc_hd__o211ai_2)   0.1087   0.1271   5.8388 r
  systolic_array_with_skew_inst_systolic_array_inst/n126644 (net)     1   0.0025   0.0000   5.8388 r
  systolic_array_with_skew_inst_systolic_array_inst/U64751/A (sky130_fd_sc_hd__inv_1)   0.1087   0.0000 *   5.8388 r
  systolic_array_with_skew_inst_systolic_array_inst/U64751/Y (sky130_fd_sc_hd__inv_1)   0.0308   0.0440   5.8828 f
  systolic_array_with_skew_inst_systolic_array_inst/row_0__col_0__mac_inst_N30 (net)     1   0.0019   0.0000   5.8828 f
  systolic_array_with_skew_inst_systolic_array_inst/row_0__col_0__mac_inst_ofmap_r_reg_18_/D (sky130_fd_sc_hd__dfxtp_1)   0.0308   0.0000 *   5.8828 f
  data arrival time                                                                    5.8828

  clock ideal_clock (rise edge)                                             6.0000     6.0000
  clock network delay (ideal)                                               0.0000     6.0000
  systolic_array_with_skew_inst_systolic_array_inst/row_0__col_0__mac_inst_ofmap_r_reg_18_/CLK (sky130_fd_sc_hd__dfxtp_1)   0.0000   6.0000 r
  library setup time                                                       -0.1148     5.8852
  data required time                                                                   5.8852
  -------------------------------------------------------------------------------------------------------------------
  data required time                                                                   5.8852
  data arrival time                                                                   -5.8828
  -------------------------------------------------------------------------------------------------------------------
  slack (MET)                                                                          0.0024


  Startpoint: conv_controller_inst_ic1_fy_fx_r_reg_3_
              (rising edge-triggered flip-flop clocked by ideal_clock)
  Endpoint: conv_controller_inst_ic1_fy_fx_r_reg_24_
            (rising edge-triggered flip-flop clocked by ideal_clock)
  Path Group: ideal_clock
  Path Type: max

Attributes:
    d - dont_touch
    u - dont_use
   mo - map_only
   so - size_only
    i - ideal_net or ideal_network
  inf - infeasible path

  Point                                       Fanout       Cap     Trans      Incr       Path      Attributes
  -------------------------------------------------------------------------------------------------------------------
  clock ideal_clock (rise edge)                                             0.0000     0.0000
  clock network delay (ideal)                                               0.0000     0.0000
  conv_controller_inst_ic1_fy_fx_r_reg_3_/CLK (sky130_fd_sc_hd__dfxtp_4)   0.0000   0.0000   0.0000 r
  conv_controller_inst_ic1_fy_fx_r_reg_3_/Q (sky130_fd_sc_hd__dfxtp_4)   0.5138   0.6644   0.6644 r
  conv_controller_inst_ic1_fy_fx_r[3] (net)    35       0.1837              0.0000     0.6644 r
  U5696/B (sky130_fd_sc_hd__xnor2_1)                              0.5138    0.0001 *   0.6645 r
  U5696/Y (sky130_fd_sc_hd__xnor2_1)                              0.1702    0.1935     0.8580 r
  n46974 (net)                                  1       0.0050              0.0000     0.8580 r
  U52273/A (sky130_fd_sc_hd__buf_6)                               0.1702    0.0000 *   0.8580 r
  U52273/X (sky130_fd_sc_hd__buf_6)                               0.1948    0.2447     1.1027 r
  n3300 (net)                                  30       0.0957              0.0000     1.1027 r
  U5704/B (sky130_fd_sc_hd__nand2_2)                              0.1948    0.0001 *   1.1028 r
  U5704/Y (sky130_fd_sc_hd__nand2_2)                              0.3223    0.3100     1.4128 f
  n3574 (net)                                  28       0.0820              0.0000     1.4128 f
  U6279/B2 (sky130_fd_sc_hd__o22ai_1)                             0.3223    0.0002 *   1.4131 f
  U6279/Y (sky130_fd_sc_hd__o22ai_1)                              0.1976    0.2418     1.6549 r
  n3700 (net)                                   1       0.0050              0.0000     1.6549 r
  U6292/CIN (sky130_fd_sc_hd__fa_1)                               0.1976    0.0000 *   1.6549 r
  U6292/SUM (sky130_fd_sc_hd__fa_1)                               0.0922    0.4610     2.1159 f
  n3790 (net)                                   1       0.0055              0.0000     2.1159 f
  U6344/CIN (sky130_fd_sc_hd__fa_1)                               0.0922    0.0000 *   2.1160 f
  U6344/COUT (sky130_fd_sc_hd__fa_1)                              0.0755    0.3770     2.4930 f
  n3763 (net)                                   1       0.0036              0.0000     2.4930 f
  U6326/CI (sky130_fd_sc_hd__fah_1)                               0.0755    0.0000 *   2.4930 f
  U6326/SUM (sky130_fd_sc_hd__fah_1)                              0.0693    0.3091     2.8021 r
  n3805 (net)                                   1       0.0050              0.0000     2.8021 r
  U6358/CIN (sky130_fd_sc_hd__fa_1)                               0.0693    0.0000 *   2.8021 r
  U6358/SUM (sky130_fd_sc_hd__fa_1)                               0.1171    0.4550     3.2572 f
  n6342 (net)                                   4       0.0103              0.0000     3.2572 f
  U6359/B (sky130_fd_sc_hd__nor2_1)                               0.1171    0.0000 *   3.2572 f
  U6359/Y (sky130_fd_sc_hd__nor2_1)                               0.1159    0.1346     3.3918 r
  n3808 (net)                                   1       0.0049              0.0000     3.3918 r
  U6360/A (sky130_fd_sc_hd__inv_2)                                0.1159    0.0000 *   3.3918 r
  U6360/Y (sky130_fd_sc_hd__inv_2)                                0.0368    0.0510     3.4427 f
  n4161 (net)                                   3       0.0072              0.0000     3.4427 f
  U6498/A1 (sky130_fd_sc_hd__a21oi_1)                             0.0368    0.0000 *   3.4428 f
  U6498/Y (sky130_fd_sc_hd__a21oi_1)                              0.1870    0.1729     3.6156 r
  n5565 (net)                                   2       0.0070              0.0000     3.6156 r
  U6499/B1 (sky130_fd_sc_hd__o21ai_2)                             0.1870    0.0000 *   3.6157 r
  U6499/Y (sky130_fd_sc_hd__o21ai_2)                              0.0884    0.1166     3.7322 f
  n4078 (net)                                   2       0.0142              0.0000     3.7322 f
  U6511/A2 (sky130_fd_sc_hd__a21oi_2)                             0.0884    0.0002 *   3.7324 f
  U6511/Y (sky130_fd_sc_hd__a21oi_2)                              0.1806    0.2128     3.9452 r
  n4084 (net)                                   2       0.0122              0.0000     3.9452 r
  U6518/A2 (sky130_fd_sc_hd__o21ai_2)                             0.1806    0.0002 *   3.9453 r
  U6518/Y (sky130_fd_sc_hd__o21ai_2)                              0.0822    0.0957     4.0410 f
  n4132 (net)                                   3       0.0106              0.0000     4.0410 f
  U6711/A (sky130_fd_sc_hd__inv_2)                                0.0822    0.0001 *   4.0410 f
  U6711/Y (sky130_fd_sc_hd__inv_2)                                0.0614    0.0830     4.1241 r
  n4318 (net)                                   3       0.0111              0.0000     4.1241 r
  U6932/A2 (sky130_fd_sc_hd__o21ai_1)                             0.0614    0.0000 *   4.1241 r
  U6932/Y (sky130_fd_sc_hd__o21ai_1)                              0.0800    0.0683     4.1923 f
  n4319 (net)                                   1       0.0050              0.0000     4.1923 f
  U6933/B (sky130_fd_sc_hd__xnor2_1)                              0.0800    0.0000 *   4.1923 f
  U6933/Y (sky130_fd_sc_hd__xnor2_1)                              0.2146    0.2119     4.4042 r
  n12894 (net)                                  2       0.0075              0.0000     4.4042 r
  U6934/A (sky130_fd_sc_hd__inv_2)                                0.2146    0.0000 *   4.4042 r
  U6934/Y (sky130_fd_sc_hd__inv_2)                                0.0386    0.0406     4.4448 f
  n4349 (net)                                   1       0.0027              0.0000     4.4448 f
  U6952/CI (sky130_fd_sc_hd__fah_1)                               0.0386    0.0000 *   4.4448 f
  U6952/SUM (sky130_fd_sc_hd__fah_1)                              0.0714    0.2944     4.7393 r
  n4352 (net)                                   1       0.0052              0.0000     4.7393 r
  U52118/B (sky130_fd_sc_hd__xor2_1)                              0.0714    0.0000 *   4.7393 r
  U52118/X (sky130_fd_sc_hd__xor2_1)                              0.1278    0.1519     4.8912 r
  n46621 (net)                                  1       0.0036              0.0000     4.8912 r
  U6955/B (sky130_fd_sc_hd__nand2_1)                              0.1278    0.0000 *   4.8912 r
  U6955/Y (sky130_fd_sc_hd__nand2_1)                              0.0517    0.0799     4.9711 f
  n4357 (net)                                   1       0.0047              0.0000     4.9711 f
  U6956/B (sky130_fd_sc_hd__nor2_1)                               0.0517    0.0001 *   4.9712 f
  U6956/Y (sky130_fd_sc_hd__nor2_1)                               0.0871    0.0900     5.0612 r
  n4432 (net)                                   1       0.0033              0.0000     5.0612 r
  U10767/B (sky130_fd_sc_hd__and2_1)                              0.0871    0.0000 *   5.0613 r
  U10767/X (sky130_fd_sc_hd__and2_1)                              0.0456    0.1245     5.1858 r
  n46655 (net)                                  1       0.0025              0.0000     5.1858 r
  U6107/A (sky130_fd_sc_hd__nand4_1)                              0.0456    0.0000 *   5.1858 r
  U6107/Y (sky130_fd_sc_hd__nand4_1)                              0.0945    0.0846     5.2703 f
  n4435 (net)                                   1       0.0048              0.0000     5.2703 f
  U7028/B (sky130_fd_sc_hd__nor2_2)                               0.0945    0.0000 *   5.2703 f
  U7028/Y (sky130_fd_sc_hd__nor2_2)                               0.1317    0.1397     5.4101 r
  n4697 (net)                                   2       0.0096              0.0000     5.4101 r
  U10758/A (sky130_fd_sc_hd__and2_4)                              0.1317    0.0000 *   5.4101 r
  U10758/X (sky130_fd_sc_hd__and2_4)                              0.0924    0.2046     5.6147 r
  n46678 (net)                                  1       0.0258              0.0000     5.6147 r
  U52239/B (sky130_fd_sc_hd__nor2_8)                              0.0924    0.0007 *   5.6153 r
  U52239/Y (sky130_fd_sc_hd__nor2_8)                              0.0578    0.0657     5.6810 f
  n46503 (net)                                 11       0.0479              0.0000     5.6810 f
  U18867/A1 (sky130_fd_sc_hd__a22o_1)                             0.0578    0.0001 *   5.6811 f
  U18867/X (sky130_fd_sc_hd__a22o_1)                              0.0363    0.1992     5.8803 f
  conv_controller_inst_N2581 (net)              1       0.0019              0.0000     5.8803 f
  conv_controller_inst_ic1_fy_fx_r_reg_24_/D (sky130_fd_sc_hd__dfxtp_1)   0.0363   0.0000 *   5.8803 f
  data arrival time                                                                    5.8803

  clock ideal_clock (rise edge)                                             6.0000     6.0000
  clock network delay (ideal)                                               0.0000     6.0000
  conv_controller_inst_ic1_fy_fx_r_reg_24_/CLK (sky130_fd_sc_hd__dfxtp_1)   0.0000     6.0000 r
  library setup time                                                       -0.1172     5.8828
  data required time                                                                   5.8828
  -------------------------------------------------------------------------------------------------------------------
  data required time                                                                   5.8828
  data arrival time                                                                   -5.8803
  -------------------------------------------------------------------------------------------------------------------
  slack (MET)                                                                          0.0025


  Startpoint: ifmap_double_buffer_inst_ram_genblk1_18__genblk1_0__sram_macro/clk1
              (internal path startpoint clocked by ideal_clock)
  Endpoint: systolic_array_with_skew_inst_systolic_array_inst/row_0__col_0__mac_inst_ofmap_r_reg_23_
            (rising edge-triggered flip-flop clocked by ideal_clock)
  Path Group: ideal_clock
  Path Type: max

Attributes:
    d - dont_touch
    u - dont_use
   mo - map_only
   so - size_only
    i - ideal_net or ideal_network
  inf - infeasible path

  Point                                       Fanout       Cap     Trans      Incr       Path      Attributes
  -------------------------------------------------------------------------------------------------------------------
  clock ideal_clock (fall edge)                                             3.0000     3.0000
  clock network delay (ideal)                                               0.0000     3.0000
  input external delay                                                      0.0000     3.0000 f
  ifmap_double_buffer_inst_ram_genblk1_18__genblk1_0__sram_macro/clk1 (sky130_sram_1kbyte_1rw1r_32x256_8)   0.0000   0.0000 #   3.0000 f d u mo 
  ifmap_double_buffer_inst_ram_genblk1_18__genblk1_0__sram_macro/dout1[7] (sky130_sram_1kbyte_1rw1r_32x256_8)   0.0080   0.3578   3.3578 f d u mo 
  ifmap_double_buffer_inst_ram_dout1[1799] (net)     1   0.0126             0.0000     3.3578 f
  U10637/A (sky130_fd_sc_hd__nand2_4)                             0.0060    0.0001 *   3.3579 f
  U10637/Y (sky130_fd_sc_hd__nand2_4)                             0.0792    0.0561     3.4139 r
  n8308 (net)                                   1       0.0161              0.0000     3.4139 r
  U10640/B (sky130_fd_sc_hd__nand4_4)                             0.0792    0.0003 *   3.4142 r
  U10640/Y (sky130_fd_sc_hd__nand4_4)                             0.0815    0.0980     3.5122 f
  n8310 (net)                                   1       0.0087              0.0000     3.5122 f
  U52234/B (sky130_fd_sc_hd__nor2_1)                              0.0815    0.0000 *   3.5123 f
  U52234/Y (sky130_fd_sc_hd__nor2_1)                              0.0749    0.0906     3.6029 r
  n46963 (net)                                  1       0.0024              0.0000     3.6029 r
  U52241/A (sky130_fd_sc_hd__nand2_1)                             0.0749    0.0000 *   3.6029 r
  U52241/Y (sky130_fd_sc_hd__nand2_1)                             0.0475    0.0629     3.6657 f
  n47016 (net)                                  1       0.0046              0.0000     3.6657 f
  U52308/A (sky130_fd_sc_hd__inv_2)                               0.0475    0.0000 *   3.6657 f
  U52308/Y (sky130_fd_sc_hd__inv_2)                               0.1059    0.1021     3.7678 r
  n47015 (net)                                  1       0.0220              0.0000     3.7678 r
  U37640/A (sky130_fd_sc_hd__nand3_2)                             0.1059    0.0012 *   3.7690 r
  U37640/Y (sky130_fd_sc_hd__nand3_2)                             0.0689    0.0820     3.8510 f
  systolic_array_with_skew_inst_ifmap[7] (net)     1    0.0068              0.0000     3.8510 f
  systolic_array_with_skew_inst_systolic_array_inst/ifmap_in[7] (conv_systolic_array_IFMAP_WIDTH8_WEIGHT_WIDTH8_OFMAP_WIDTH32_ARRAY_HEIGHT16_ARRAY_WIDTH16_0)   0.0000   3.8510 f
  systolic_array_with_skew_inst_systolic_array_inst/ifmap_in[7] (net)   0.0068   0.0000   3.8510 f
  systolic_array_with_skew_inst_systolic_array_inst/U64440/A (sky130_fd_sc_hd__buf_8)   0.0689   0.0000 *   3.8510 f
  systolic_array_with_skew_inst_systolic_array_inst/U64440/X (sky130_fd_sc_hd__buf_8)   0.0667   0.1696   4.0206 f
  systolic_array_with_skew_inst_systolic_array_inst/n126665 (net)     5   0.0769   0.0000   4.0206 f
  systolic_array_with_skew_inst_systolic_array_inst/U27443/B (sky130_fd_sc_hd__xnor2_1)   0.0667   0.0079 *   4.0285 f
  systolic_array_with_skew_inst_systolic_array_inst/U27443/Y (sky130_fd_sc_hd__xnor2_1)   0.0966   0.1555   4.1840 f
  systolic_array_with_skew_inst_systolic_array_inst/n8 (net)     2   0.0079   0.0000   4.1840 f
  systolic_array_with_skew_inst_systolic_array_inst/U26400/B2 (sky130_fd_sc_hd__o22ai_1)   0.0966   0.0000 *   4.1840 f
  systolic_array_with_skew_inst_systolic_array_inst/U26400/Y (sky130_fd_sc_hd__o22ai_1)   0.2315   0.1923   4.3763 r
  systolic_array_with_skew_inst_systolic_array_inst/n42 (net)     1   0.0077   0.0000   4.3763 r
  systolic_array_with_skew_inst_systolic_array_inst/U101/B (sky130_fd_sc_hd__fah_1)   0.2315   0.0000 *   4.3763 r
  systolic_array_with_skew_inst_systolic_array_inst/U101/COUT (sky130_fd_sc_hd__fah_1)   0.3400   0.5316   4.9079 r
  systolic_array_with_skew_inst_systolic_array_inst/n319 (net)     2   0.0355   0.0000   4.9079 r
  systolic_array_with_skew_inst_systolic_array_inst/U33/A (sky130_fd_sc_hd__nand2_2)   0.3400   0.0021 *   4.9100 r
  systolic_array_with_skew_inst_systolic_array_inst/U33/Y (sky130_fd_sc_hd__nand2_2)   0.0888   0.0956   5.0056 f
  systolic_array_with_skew_inst_systolic_array_inst/n116426 (net)     2   0.0071   0.0000   5.0056 f
  systolic_array_with_skew_inst_systolic_array_inst/U34/A (sky130_fd_sc_hd__inv_2)   0.0888   0.0000 *   5.0056 f
  systolic_array_with_skew_inst_systolic_array_inst/U34/Y (sky130_fd_sc_hd__inv_2)   0.0521   0.0762   5.0819 r
  systolic_array_with_skew_inst_systolic_array_inst/n535 (net)     2   0.0083   0.0000   5.0819 r
  systolic_array_with_skew_inst_systolic_array_inst/U41/A1 (sky130_fd_sc_hd__a21oi_2)   0.0521   0.0001 *   5.0819 r
  systolic_array_with_skew_inst_systolic_array_inst/U41/Y (sky130_fd_sc_hd__a21oi_2)   0.0613   0.0639   5.1458 f
  systolic_array_with_skew_inst_systolic_array_inst/n572 (net)     2   0.0102   0.0000   5.1458 f
  systolic_array_with_skew_inst_systolic_array_inst/U49/A2 (sky130_fd_sc_hd__o21ai_2)   0.0613   0.0001 *   5.1459 f
  systolic_array_with_skew_inst_systolic_array_inst/U49/Y (sky130_fd_sc_hd__o21ai_2)   0.1612   0.1617   5.3077 r
  systolic_array_with_skew_inst_systolic_array_inst/n448 (net)     3   0.0102   0.0000   5.3077 r
  systolic_array_with_skew_inst_systolic_array_inst/U58/A1 (sky130_fd_sc_hd__a21oi_2)   0.1612   0.0000 *   5.3077 r
  systolic_array_with_skew_inst_systolic_array_inst/U58/Y (sky130_fd_sc_hd__a21oi_2)   0.0614   0.0852   5.3929 f
  systolic_array_with_skew_inst_systolic_array_inst/n501 (net)     3   0.0072   0.0000   5.3929 f
  systolic_array_with_skew_inst_systolic_array_inst/U60/A2 (sky130_fd_sc_hd__o21ai_1)   0.0614   0.0000 *   5.3929 f
  systolic_array_with_skew_inst_systolic_array_inst/U60/Y (sky130_fd_sc_hd__o21ai_1)   0.1342   0.1418   5.5347 r
  systolic_array_with_skew_inst_systolic_array_inst/n22 (net)     1   0.0047   0.0000   5.5347 r
  systolic_array_with_skew_inst_systolic_array_inst/U61/A (sky130_fd_sc_hd__inv_2)   0.1342   0.0000 *   5.5347 r
  systolic_array_with_skew_inst_systolic_array_inst/U61/Y (sky130_fd_sc_hd__inv_2)   0.0372   0.0495   5.5842 f
  systolic_array_with_skew_inst_systolic_array_inst/n322 (net)     2   0.0059   0.0000   5.5842 f
  systolic_array_with_skew_inst_systolic_array_inst/U8584/A (sky130_fd_sc_hd__and2_1)   0.0372   0.0000 *   5.5842 f
  systolic_array_with_skew_inst_systolic_array_inst/U8584/X (sky130_fd_sc_hd__and2_1)   0.0360   0.1285   5.7127 f
  systolic_array_with_skew_inst_systolic_array_inst/n114260 (net)     1   0.0028   0.0000   5.7127 f
  systolic_array_with_skew_inst_systolic_array_inst/U7299/A2 (sky130_fd_sc_hd__a21oi_1)   0.0360   0.0000 *   5.7127 f
  systolic_array_with_skew_inst_systolic_array_inst/U7299/Y (sky130_fd_sc_hd__a21oi_1)   0.1067   0.1311   5.8438 r
  systolic_array_with_skew_inst_systolic_array_inst/n331 (net)     1   0.0028   0.0000   5.8438 r
  systolic_array_with_skew_inst_systolic_array_inst/U64446/A (sky130_fd_sc_hd__nand2_1)   0.1067   0.0000 *   5.8438 r
  systolic_array_with_skew_inst_systolic_array_inst/U64446/Y (sky130_fd_sc_hd__nand2_1)   0.0399   0.0557   5.8995 f
  systolic_array_with_skew_inst_systolic_array_inst/n126511 (net)     1   0.0022   0.0000   5.8995 f
  systolic_array_with_skew_inst_systolic_array_inst/U64445/A (sky130_fd_sc_hd__inv_1)   0.0399   0.0000 *   5.8995 f
  systolic_array_with_skew_inst_systolic_array_inst/U64445/Y (sky130_fd_sc_hd__inv_1)   0.0281   0.0414   5.9410 r
  systolic_array_with_skew_inst_systolic_array_inst/row_0__col_0__mac_inst_N35 (net)     1   0.0019   0.0000   5.9410 r
  systolic_array_with_skew_inst_systolic_array_inst/row_0__col_0__mac_inst_ofmap_r_reg_23_/D (sky130_fd_sc_hd__dfxtp_1)   0.0281   0.0000 *   5.9410 r
  data arrival time                                                                    5.9410

  clock ideal_clock (rise edge)                                             6.0000     6.0000
  clock network delay (ideal)                                               0.0000     6.0000
  systolic_array_with_skew_inst_systolic_array_inst/row_0__col_0__mac_inst_ofmap_r_reg_23_/CLK (sky130_fd_sc_hd__dfxtp_1)   0.0000   6.0000 r
  library setup time                                                       -0.0565     5.9435
  data required time                                                                   5.9435
  -------------------------------------------------------------------------------------------------------------------
  data required time                                                                   5.9435
  data arrival time                                                                   -5.9410
  -------------------------------------------------------------------------------------------------------------------
  slack (MET)                                                                          0.0026


  Startpoint: conv_controller_inst_ic1_fy_fx_r_reg_3_
              (rising edge-triggered flip-flop clocked by ideal_clock)
  Endpoint: conv_controller_inst_ic1_fy_fx_r_reg_24_
            (rising edge-triggered flip-flop clocked by ideal_clock)
  Path Group: ideal_clock
  Path Type: max

Attributes:
    d - dont_touch
    u - dont_use
   mo - map_only
   so - size_only
    i - ideal_net or ideal_network
  inf - infeasible path

  Point                                       Fanout       Cap     Trans      Incr       Path      Attributes
  -------------------------------------------------------------------------------------------------------------------
  clock ideal_clock (rise edge)                                             0.0000     0.0000
  clock network delay (ideal)                                               0.0000     0.0000
  conv_controller_inst_ic1_fy_fx_r_reg_3_/CLK (sky130_fd_sc_hd__dfxtp_4)   0.0000   0.0000   0.0000 r
  conv_controller_inst_ic1_fy_fx_r_reg_3_/Q (sky130_fd_sc_hd__dfxtp_4)   0.5138   0.6644   0.6644 r
  conv_controller_inst_ic1_fy_fx_r[3] (net)    35       0.1837              0.0000     0.6644 r
  U5696/B (sky130_fd_sc_hd__xnor2_1)                              0.5138    0.0001 *   0.6645 r
  U5696/Y (sky130_fd_sc_hd__xnor2_1)                              0.1702    0.1935     0.8580 r
  n46974 (net)                                  1       0.0050              0.0000     0.8580 r
  U52273/A (sky130_fd_sc_hd__buf_6)                               0.1702    0.0000 *   0.8580 r
  U52273/X (sky130_fd_sc_hd__buf_6)                               0.1948    0.2447     1.1027 r
  n3300 (net)                                  30       0.0957              0.0000     1.1027 r
  U5704/B (sky130_fd_sc_hd__nand2_2)                              0.1948    0.0001 *   1.1028 r
  U5704/Y (sky130_fd_sc_hd__nand2_2)                              0.3223    0.3100     1.4128 f
  n3574 (net)                                  28       0.0820              0.0000     1.4128 f
  U6464/B2 (sky130_fd_sc_hd__o22ai_1)                             0.3223    0.0002 *   1.4130 f
  U6464/Y (sky130_fd_sc_hd__o22ai_1)                              0.2337    0.2768     1.6898 r
  n3921 (net)                                   1       0.0072              0.0000     1.6898 r
  U6482/A (sky130_fd_sc_hd__fa_1)                                 0.2337    0.0000 *   1.6898 r
  U6482/SUM (sky130_fd_sc_hd__fa_1)                               0.1007    0.4575     2.1473 f
  n3922 (net)                                   1       0.0071              0.0000     2.1473 f
  U6483/CIN (sky130_fd_sc_hd__fa_1)                               0.1007    0.0001 *   2.1473 f
  U6483/SUM (sky130_fd_sc_hd__fa_1)                               0.0574    0.4942     2.6416 r
  n3916 (net)                                   1       0.0030              0.0000     2.6416 r
  U6481/CI (sky130_fd_sc_hd__fah_1)                               0.0574    0.0000 *   2.6416 r
  U6481/SUM (sky130_fd_sc_hd__fah_1)                              0.0957    0.3119     2.9535 f
  n6372 (net)                                   5       0.0145              0.0000     2.9535 f
  U6468/B (sky130_fd_sc_hd__nor2_1)                               0.0957    0.0000 *   2.9536 f
  U6468/Y (sky130_fd_sc_hd__nor2_1)                               0.1115    0.1237     3.0773 r
  n3907 (net)                                   1       0.0047              0.0000     3.0773 r
  U6469/A (sky130_fd_sc_hd__inv_2)                                0.1115    0.0000 *   3.0773 r
  U6469/Y (sky130_fd_sc_hd__inv_2)                                0.0359    0.0500     3.1273 f
  n4206 (net)                                   3       0.0072              0.0000     3.1273 f
  U6479/A1 (sky130_fd_sc_hd__a21oi_1)                             0.0359    0.0000 *   3.1273 f
  U6479/Y (sky130_fd_sc_hd__a21oi_1)                              0.1383    0.1368     3.2641 r
  n5561 (net)                                   2       0.0044              0.0000     3.2641 r
  U6480/B1 (sky130_fd_sc_hd__o21ai_1)                             0.1383    0.0000 *   3.2641 r
  U6480/Y (sky130_fd_sc_hd__o21ai_1)                              0.0926    0.1158     3.3800 f
  n4181 (net)                                   2       0.0078              0.0000     3.3800 f
  U6493/A1 (sky130_fd_sc_hd__a21oi_1)                             0.0926    0.0000 *   3.3800 f
  U6493/Y (sky130_fd_sc_hd__a21oi_1)                              0.2310    0.2274     3.6074 r
  n4159 (net)                                   2       0.0092              0.0000     3.6074 r
  U6775/A (sky130_fd_sc_hd__inv_1)                                0.2310    0.0000 *   3.6074 r
  U6775/Y (sky130_fd_sc_hd__inv_1)                                0.0793    0.1047     3.7122 f
  n4170 (net)                                   2       0.0083              0.0000     3.7122 f
  U6776/A1 (sky130_fd_sc_hd__a21oi_1)                             0.0793    0.0000 *   3.7122 f
  U6776/Y (sky130_fd_sc_hd__a21oi_1)                              0.1500    0.1631     3.8752 r
  n4162 (net)                                   1       0.0050              0.0000     3.8752 r
  U6778/A (sky130_fd_sc_hd__xor2_1)                               0.1500    0.0000 *   3.8753 r
  U6778/X (sky130_fd_sc_hd__xor2_1)                               0.1547    0.1823     4.0576 r
  n12974 (net)                                  2       0.0050              0.0000     4.0576 r
  U6779/A (sky130_fd_sc_hd__inv_1)                                0.1547    0.0000 *   4.0576 r
  U6779/Y (sky130_fd_sc_hd__inv_1)                                0.0507    0.0695     4.1271 f
  n4171 (net)                                   1       0.0049              0.0000     4.1271 f
  U6789/CIN (sky130_fd_sc_hd__fa_1)                               0.0507    0.0000 *   4.1271 f
  U6789/SUM (sky130_fd_sc_hd__fa_1)                               0.0883    0.4435     4.5706 f
  n4174 (net)                                   1       0.0048              0.0000     4.5706 f
  U6790/B (sky130_fd_sc_hd__xnor2_1)                              0.0883    0.0000 *   4.5706 f
  U6790/Y (sky130_fd_sc_hd__xnor2_1)                              0.0436    0.1335     4.7041 f
  n4176 (net)                                   1       0.0024              0.0000     4.7041 f
  U6791/B (sky130_fd_sc_hd__nor2_1)                               0.0436    0.0000 *   4.7041 f
  U6791/Y (sky130_fd_sc_hd__nor2_1)                               0.0747    0.0781     4.7822 r
  n4305 (net)                                   1       0.0026              0.0000     4.7822 r
  U6923/A (sky130_fd_sc_hd__nand2_1)                              0.0747    0.0000 *   4.7822 r
  U6923/Y (sky130_fd_sc_hd__nand2_1)                              0.0629    0.0762     4.8584 f
  n4306 (net)                                   1       0.0071              0.0000     4.8584 f
  U52309/A (sky130_fd_sc_hd__nor2_1)                              0.0629    0.0001 *   4.8585 f
  U52309/Y (sky130_fd_sc_hd__nor2_1)                              0.1091    0.1257     4.9841 r
  n4310 (net)                                   1       0.0046              0.0000     4.9841 r
  U6927/B (sky130_fd_sc_hd__nand2_1)                              0.1091    0.0000 *   4.9842 r
  U6927/Y (sky130_fd_sc_hd__nand2_1)                              0.0584    0.0785     5.0627 f
  n4312 (net)                                   1       0.0052              0.0000     5.0627 f
  U6928/B (sky130_fd_sc_hd__nor2_1)                               0.0584    0.0001 *   5.0628 f
  U6928/Y (sky130_fd_sc_hd__nor2_1)                               0.0872    0.0925     5.1552 r
  n4433 (net)                                   1       0.0033              0.0000     5.1552 r
  U6107/D (sky130_fd_sc_hd__nand4_1)                              0.0872    0.0000 *   5.1553 r
  U6107/Y (sky130_fd_sc_hd__nand4_1)                              0.0945    0.1150     5.2702 f
  n4435 (net)                                   1       0.0048              0.0000     5.2702 f
  U7028/B (sky130_fd_sc_hd__nor2_2)                               0.0945    0.0000 *   5.2702 f
  U7028/Y (sky130_fd_sc_hd__nor2_2)                               0.1317    0.1397     5.4100 r
  n4697 (net)                                   2       0.0096              0.0000     5.4100 r
  U10758/A (sky130_fd_sc_hd__and2_4)                              0.1317    0.0000 *   5.4100 r
  U10758/X (sky130_fd_sc_hd__and2_4)                              0.0924    0.2046     5.6146 r
  n46678 (net)                                  1       0.0258              0.0000     5.6146 r
  U52239/B (sky130_fd_sc_hd__nor2_8)                              0.0924    0.0007 *   5.6152 r
  U52239/Y (sky130_fd_sc_hd__nor2_8)                              0.0578    0.0657     5.6810 f
  n46503 (net)                                 11       0.0479              0.0000     5.6810 f
  U18867/A1 (sky130_fd_sc_hd__a22o_1)                             0.0578    0.0001 *   5.6811 f
  U18867/X (sky130_fd_sc_hd__a22o_1)                              0.0363    0.1992     5.8802 f
  conv_controller_inst_N2581 (net)              1       0.0019              0.0000     5.8802 f
  conv_controller_inst_ic1_fy_fx_r_reg_24_/D (sky130_fd_sc_hd__dfxtp_1)   0.0363   0.0000 *   5.8802 f
  data arrival time                                                                    5.8802

  clock ideal_clock (rise edge)                                             6.0000     6.0000
  clock network delay (ideal)                                               0.0000     6.0000
  conv_controller_inst_ic1_fy_fx_r_reg_24_/CLK (sky130_fd_sc_hd__dfxtp_1)   0.0000     6.0000 r
  library setup time                                                       -0.1172     5.8828
  data required time                                                                   5.8828
  -------------------------------------------------------------------------------------------------------------------
  data required time                                                                   5.8828
  data arrival time                                                                   -5.8802
  -------------------------------------------------------------------------------------------------------------------
  slack (MET)                                                                          0.0026


  Startpoint: ifmap_double_buffer_inst_ram_genblk1_8__genblk1_0__sram_macro/clk1
              (internal path startpoint clocked by ideal_clock)
  Endpoint: systolic_array_with_skew_inst_systolic_array_inst/row_0__col_0__mac_inst_ofmap_r_reg_17_
            (rising edge-triggered flip-flop clocked by ideal_clock)
  Path Group: ideal_clock
  Path Type: max

Attributes:
    d - dont_touch
    u - dont_use
   mo - map_only
   so - size_only
    i - ideal_net or ideal_network
  inf - infeasible path

  Point                                       Fanout       Cap     Trans      Incr       Path      Attributes
  -------------------------------------------------------------------------------------------------------------------
  clock ideal_clock (fall edge)                                             3.0000     3.0000
  clock network delay (ideal)                                               0.0000     3.0000
  input external delay                                                      0.0000     3.0000 f
  ifmap_double_buffer_inst_ram_genblk1_8__genblk1_0__sram_macro/clk1 (sky130_sram_1kbyte_1rw1r_32x256_8)   0.0000   0.0000 #   3.0000 f d u mo 
  ifmap_double_buffer_inst_ram_genblk1_8__genblk1_0__sram_macro/dout1[5] (sky130_sram_1kbyte_1rw1r_32x256_8)   0.0057   0.3331   3.3331 f d u mo 
  ifmap_double_buffer_inst_ram_dout1[2565] (net)     1   0.0082             0.0000     3.3331 f
  U47721/A (sky130_fd_sc_hd__nand2_2)                             0.0043    0.0002 *   3.3333 f
  U47721/Y (sky130_fd_sc_hd__nand2_2)                             0.0460    0.0292     3.3625 r
  n46878 (net)                                  1       0.0025              0.0000     3.3625 r
  U52198/D (sky130_fd_sc_hd__nand4_1)                             0.0460    0.0000 *   3.3625 r
  U52198/Y (sky130_fd_sc_hd__nand4_1)                             0.1130    0.1232     3.4858 f
  n8411 (net)                                   1       0.0068              0.0000     3.4858 f
  U10741/A (sky130_fd_sc_hd__inv_2)                               0.1130    0.0001 *   3.4858 f
  U10741/Y (sky130_fd_sc_hd__inv_2)                               0.0701    0.1018     3.5876 r
  n8420 (net)                                   1       0.0125              0.0000     3.5876 r
  U47452/B (sky130_fd_sc_hd__nand2_1)                             0.0701    0.0001 *   3.5877 r
  U47452/Y (sky130_fd_sc_hd__nand2_1)                             0.0481    0.0629     3.6506 f
  n46863 (net)                                  1       0.0043              0.0000     3.6506 f
  U41166/A (sky130_fd_sc_hd__inv_2)                               0.0481    0.0000 *   3.6506 f
  U41166/Y (sky130_fd_sc_hd__inv_2)                               0.0512    0.0633     3.7139 r
  n8422 (net)                                   1       0.0095              0.0000     3.7139 r
  U52249/B (sky130_fd_sc_hd__nand3_4)                             0.0512    0.0000 *   3.7140 r
  U52249/Y (sky130_fd_sc_hd__nand3_4)                             0.0667    0.0792     3.7932 f
  systolic_array_with_skew_inst_ifmap[5] (net)     1    0.0126              0.0000     3.7932 f
  systolic_array_with_skew_inst_systolic_array_inst/ifmap_in[5] (conv_systolic_array_IFMAP_WIDTH8_WEIGHT_WIDTH8_OFMAP_WIDTH32_ARRAY_HEIGHT16_ARRAY_WIDTH16_0)   0.0000   3.7932 f
  systolic_array_with_skew_inst_systolic_array_inst/ifmap_in[5] (net)   0.0126   0.0000   3.7932 f
  systolic_array_with_skew_inst_systolic_array_inst/U64964/A (sky130_fd_sc_hd__buf_12)   0.0667   0.0004 *   3.7935 f
  systolic_array_with_skew_inst_systolic_array_inst/U64964/X (sky130_fd_sc_hd__buf_12)   0.0662   0.1735   3.9670 f
  systolic_array_with_skew_inst_systolic_array_inst/n126677 (net)     5   0.1054   0.0000   3.9670 f
  systolic_array_with_skew_inst_systolic_array_inst/U179/B (sky130_fd_sc_hd__xnor2_1)   0.0668   0.0111 *   3.9782 f
  systolic_array_with_skew_inst_systolic_array_inst/U179/Y (sky130_fd_sc_hd__xnor2_1)   0.1842   0.1840   4.1621 r
  systolic_array_with_skew_inst_systolic_array_inst/n121 (net)     2   0.0060   0.0000   4.1621 r
  systolic_array_with_skew_inst_systolic_array_inst/U65016/A (sky130_fd_sc_hd__nand2_1)   0.1842   0.0000 *   4.1622 r
  systolic_array_with_skew_inst_systolic_array_inst/U65016/Y (sky130_fd_sc_hd__nand2_1)   0.0532   0.0670   4.2292 f
  systolic_array_with_skew_inst_systolic_array_inst/n103 (net)     1   0.0023   0.0000   4.2292 f
  systolic_array_with_skew_inst_systolic_array_inst/U183/B1 (sky130_fd_sc_hd__o21ai_1)   0.0532   0.0000 *   4.2292 f
  systolic_array_with_skew_inst_systolic_array_inst/U183/Y (sky130_fd_sc_hd__o21ai_1)   0.2007   0.1235   4.3527 r
  systolic_array_with_skew_inst_systolic_array_inst/n116 (net)     2   0.0085   0.0000   4.3527 r
  systolic_array_with_skew_inst_systolic_array_inst/U184/B1 (sky130_fd_sc_hd__o21ai_1)   0.2007   0.0000 *   4.3527 r
  systolic_array_with_skew_inst_systolic_array_inst/U184/Y (sky130_fd_sc_hd__o21ai_1)   0.0853   0.1169   4.4697 f
  systolic_array_with_skew_inst_systolic_array_inst/n105 (net)     1   0.0055   0.0000   4.4697 f
  systolic_array_with_skew_inst_systolic_array_inst/U15645/A (sky130_fd_sc_hd__nand2_2)   0.0853   0.0000 *   4.4697 f
  systolic_array_with_skew_inst_systolic_array_inst/U15645/Y (sky130_fd_sc_hd__nand2_2)   0.0704   0.0901   4.5598 r
  systolic_array_with_skew_inst_systolic_array_inst/n144 (net)     2   0.0098   0.0000   4.5598 r
  systolic_array_with_skew_inst_systolic_array_inst/U1740/B1 (sky130_fd_sc_hd__o21ai_2)   0.0704   0.0000 *   4.5598 r
  systolic_array_with_skew_inst_systolic_array_inst/U1740/Y (sky130_fd_sc_hd__o21ai_2)   0.0519   0.0557   4.6156 f
  systolic_array_with_skew_inst_systolic_array_inst/n148 (net)     1   0.0044   0.0000   4.6156 f
  systolic_array_with_skew_inst_systolic_array_inst/U226/A (sky130_fd_sc_hd__nand2_2)   0.0519   0.0000 *   4.6156 f
  systolic_array_with_skew_inst_systolic_array_inst/U226/Y (sky130_fd_sc_hd__nand2_2)   0.0737   0.0773   4.6928 r
  systolic_array_with_skew_inst_systolic_array_inst/n292 (net)     3   0.0104   0.0000   4.6928 r
  systolic_array_with_skew_inst_systolic_array_inst/U227/B (sky130_fd_sc_hd__xnor2_1)   0.0737   0.0000 *   4.6928 r
  systolic_array_with_skew_inst_systolic_array_inst/U227/Y (sky130_fd_sc_hd__xnor2_1)   0.1612   0.1292   4.8220 r
  systolic_array_with_skew_inst_systolic_array_inst/n171 (net)     1   0.0049   0.0000   4.8220 r
  systolic_array_with_skew_inst_systolic_array_inst/U64875/B (sky130_fd_sc_hd__xnor2_1)   0.1612   0.0000 *   4.8220 r
  systolic_array_with_skew_inst_systolic_array_inst/U64875/Y (sky130_fd_sc_hd__xnor2_1)   0.1692   0.1539   4.9759 r
  systolic_array_with_skew_inst_systolic_array_inst/n176 (net)     2   0.0053   0.0000   4.9759 r
  systolic_array_with_skew_inst_systolic_array_inst/U11116/A (sky130_fd_sc_hd__inv_1)   0.1692   0.0000 *   4.9759 r
  systolic_array_with_skew_inst_systolic_array_inst/U11116/Y (sky130_fd_sc_hd__inv_1)   0.0514   0.0689   5.0448 f
  systolic_array_with_skew_inst_systolic_array_inst/n126514 (net)     1   0.0043   0.0000   5.0448 f
  systolic_array_with_skew_inst_systolic_array_inst/U64457/A (sky130_fd_sc_hd__nand2_2)   0.0514   0.0000 *   5.0448 f
  systolic_array_with_skew_inst_systolic_array_inst/U64457/Y (sky130_fd_sc_hd__nand2_2)   0.0572   0.0654   5.1103 r
  systolic_array_with_skew_inst_systolic_array_inst/n116359 (net)     2   0.0071   0.0000   5.1103 r
  systolic_array_with_skew_inst_systolic_array_inst/U119989/A (sky130_fd_sc_hd__inv_2)   0.0572   0.0000 *   5.1103 r
  systolic_array_with_skew_inst_systolic_array_inst/U119989/Y (sky130_fd_sc_hd__inv_2)   0.0256   0.0392   5.1495 f
  systolic_array_with_skew_inst_systolic_array_inst/n116360 (net)     2   0.0075   0.0000   5.1495 f
  systolic_array_with_skew_inst_systolic_array_inst/U64881/B (sky130_fd_sc_hd__nor2_2)   0.0256   0.0000 *   5.1495 f
  systolic_array_with_skew_inst_systolic_array_inst/U64881/Y (sky130_fd_sc_hd__nor2_2)   0.0905   0.0837   5.2332 r
  systolic_array_with_skew_inst_systolic_array_inst/n126603 (net)     1   0.0056   0.0000   5.2332 r
  systolic_array_with_skew_inst_systolic_array_inst/U64430/B (sky130_fd_sc_hd__nand2_2)   0.0905   0.0000 *   5.2333 r
  systolic_array_with_skew_inst_systolic_array_inst/U64430/Y (sky130_fd_sc_hd__nand2_2)   0.0428   0.0669   5.3002 f
  systolic_array_with_skew_inst_systolic_array_inst/n126531 (net)     2   0.0070   0.0000   5.3002 f
  systolic_array_with_skew_inst_systolic_array_inst/U64423/A (sky130_fd_sc_hd__nand2_2)   0.0428   0.0000 *   5.3002 f
  systolic_array_with_skew_inst_systolic_array_inst/U64423/Y (sky130_fd_sc_hd__nand2_2)   0.0679   0.0696   5.3698 r
  systolic_array_with_skew_inst_systolic_array_inst/n126606 (net)     1   0.0093   0.0000   5.3698 r
  systolic_array_with_skew_inst_systolic_array_inst/U64884/B (sky130_fd_sc_hd__nand2_4)   0.0679   0.0000 *   5.3698 r
  systolic_array_with_skew_inst_systolic_array_inst/U64884/Y (sky130_fd_sc_hd__nand2_4)   0.0825   0.0920   5.4618 f
  systolic_array_with_skew_inst_systolic_array_inst/n318 (net)     1   0.0338   0.0000   5.4618 f
  systolic_array_with_skew_inst_systolic_array_inst/U384/A (sky130_fd_sc_hd__nand2_8)   0.0825   0.0022 *   5.4640 f
  systolic_array_with_skew_inst_systolic_array_inst/U384/Y (sky130_fd_sc_hd__nand2_8)   0.1810   0.1692   5.6333 r
  systolic_array_with_skew_inst_systolic_array_inst/n116428 (net)    21   0.0981   0.0000   5.6333 r
  systolic_array_with_skew_inst_systolic_array_inst/U65167/A (sky130_fd_sc_hd__nand2_2)   0.1810   0.0026 *   5.6358 r
  systolic_array_with_skew_inst_systolic_array_inst/U65167/Y (sky130_fd_sc_hd__nand2_2)   0.0614   0.0762   5.7121 f
  systolic_array_with_skew_inst_systolic_array_inst/n582 (net)     2   0.0066   0.0000   5.7121 f
  systolic_array_with_skew_inst_systolic_array_inst/U65136/A2 (sky130_fd_sc_hd__o211ai_2)   0.0614   0.0000 *   5.7121 f
  systolic_array_with_skew_inst_systolic_array_inst/U65136/Y (sky130_fd_sc_hd__o211ai_2)   0.1087   0.1273   5.8394 r
  systolic_array_with_skew_inst_systolic_array_inst/n126626 (net)     1   0.0025   0.0000   5.8394 r
  systolic_array_with_skew_inst_systolic_array_inst/U64752/A (sky130_fd_sc_hd__inv_1)   0.1087   0.0000 *   5.8394 r
  systolic_array_with_skew_inst_systolic_array_inst/U64752/Y (sky130_fd_sc_hd__inv_1)   0.0303   0.0434   5.8828 f
  systolic_array_with_skew_inst_systolic_array_inst/row_0__col_0__mac_inst_N29 (net)     1   0.0019   0.0000   5.8828 f
  systolic_array_with_skew_inst_systolic_array_inst/row_0__col_0__mac_inst_ofmap_r_reg_17_/D (sky130_fd_sc_hd__dfxtp_1)   0.0303   0.0000 *   5.8828 f
  data arrival time                                                                    5.8828

  clock ideal_clock (rise edge)                                             6.0000     6.0000
  clock network delay (ideal)                                               0.0000     6.0000
  systolic_array_with_skew_inst_systolic_array_inst/row_0__col_0__mac_inst_ofmap_r_reg_17_/CLK (sky130_fd_sc_hd__dfxtp_1)   0.0000   6.0000 r
  library setup time                                                       -0.1146     5.8854
  data required time                                                                   5.8854
  -------------------------------------------------------------------------------------------------------------------
  data required time                                                                   5.8854
  data arrival time                                                                   -5.8828
  -------------------------------------------------------------------------------------------------------------------
  slack (MET)                                                                          0.0026


  Startpoint: conv_controller_inst_ic1_fy_fx_r_reg_3_
              (rising edge-triggered flip-flop clocked by ideal_clock)
  Endpoint: conv_controller_inst_ic1_fy_fx_r_reg_27_
            (rising edge-triggered flip-flop clocked by ideal_clock)
  Path Group: ideal_clock
  Path Type: max

Attributes:
    d - dont_touch
    u - dont_use
   mo - map_only
   so - size_only
    i - ideal_net or ideal_network
  inf - infeasible path

  Point                                       Fanout       Cap     Trans      Incr       Path      Attributes
  -------------------------------------------------------------------------------------------------------------------
  clock ideal_clock (rise edge)                                             0.0000     0.0000
  clock network delay (ideal)                                               0.0000     0.0000
  conv_controller_inst_ic1_fy_fx_r_reg_3_/CLK (sky130_fd_sc_hd__dfxtp_4)   0.0000   0.0000   0.0000 r
  conv_controller_inst_ic1_fy_fx_r_reg_3_/Q (sky130_fd_sc_hd__dfxtp_4)   0.5138   0.6644   0.6644 r
  conv_controller_inst_ic1_fy_fx_r[3] (net)    35       0.1837              0.0000     0.6644 r
  U5696/B (sky130_fd_sc_hd__xnor2_1)                              0.5138    0.0001 *   0.6645 r
  U5696/Y (sky130_fd_sc_hd__xnor2_1)                              0.1702    0.1935     0.8580 r
  n46974 (net)                                  1       0.0050              0.0000     0.8580 r
  U52273/A (sky130_fd_sc_hd__buf_6)                               0.1702    0.0000 *   0.8580 r
  U52273/X (sky130_fd_sc_hd__buf_6)                               0.1948    0.2447     1.1027 r
  n3300 (net)                                  30       0.0957              0.0000     1.1027 r
  U5704/B (sky130_fd_sc_hd__nand2_2)                              0.1948    0.0001 *   1.1028 r
  U5704/Y (sky130_fd_sc_hd__nand2_2)                              0.3223    0.3100     1.4128 f
  n3574 (net)                                  28       0.0820              0.0000     1.4128 f
  U6279/B2 (sky130_fd_sc_hd__o22ai_1)                             0.3223    0.0002 *   1.4131 f
  U6279/Y (sky130_fd_sc_hd__o22ai_1)                              0.1976    0.2418     1.6549 r
  n3700 (net)                                   1       0.0050              0.0000     1.6549 r
  U6292/CIN (sky130_fd_sc_hd__fa_1)                               0.1976    0.0000 *   1.6549 r
  U6292/SUM (sky130_fd_sc_hd__fa_1)                               0.0922    0.4610     2.1159 f
  n3790 (net)                                   1       0.0055              0.0000     2.1159 f
  U6344/CIN (sky130_fd_sc_hd__fa_1)                               0.0922    0.0000 *   2.1160 f
  U6344/COUT (sky130_fd_sc_hd__fa_1)                              0.0755    0.3770     2.4930 f
  n3763 (net)                                   1       0.0036              0.0000     2.4930 f
  U6326/CI (sky130_fd_sc_hd__fah_1)                               0.0755    0.0000 *   2.4930 f
  U6326/SUM (sky130_fd_sc_hd__fah_1)                              0.0693    0.3091     2.8021 r
  n3805 (net)                                   1       0.0050              0.0000     2.8021 r
  U6358/CIN (sky130_fd_sc_hd__fa_1)                               0.0693    0.0000 *   2.8021 r
  U6358/SUM (sky130_fd_sc_hd__fa_1)                               0.1171    0.4550     3.2572 f
  n6342 (net)                                   4       0.0103              0.0000     3.2572 f
  U6359/B (sky130_fd_sc_hd__nor2_1)                               0.1171    0.0000 *   3.2572 f
  U6359/Y (sky130_fd_sc_hd__nor2_1)                               0.1159    0.1346     3.3918 r
  n3808 (net)                                   1       0.0049              0.0000     3.3918 r
  U6360/A (sky130_fd_sc_hd__inv_2)                                0.1159    0.0000 *   3.3918 r
  U6360/Y (sky130_fd_sc_hd__inv_2)                                0.0368    0.0510     3.4427 f
  n4161 (net)                                   3       0.0072              0.0000     3.4427 f
  U6498/A1 (sky130_fd_sc_hd__a21oi_1)                             0.0368    0.0000 *   3.4428 f
  U6498/Y (sky130_fd_sc_hd__a21oi_1)                              0.1870    0.1729     3.6156 r
  n5565 (net)                                   2       0.0070              0.0000     3.6156 r
  U6499/B1 (sky130_fd_sc_hd__o21ai_2)                             0.1870    0.0000 *   3.6157 r
  U6499/Y (sky130_fd_sc_hd__o21ai_2)                              0.0884    0.1166     3.7322 f
  n4078 (net)                                   2       0.0142              0.0000     3.7322 f
  U6511/A2 (sky130_fd_sc_hd__a21oi_2)                             0.0884    0.0002 *   3.7324 f
  U6511/Y (sky130_fd_sc_hd__a21oi_2)                              0.1806    0.2128     3.9452 r
  n4084 (net)                                   2       0.0122              0.0000     3.9452 r
  U6518/A2 (sky130_fd_sc_hd__o21ai_2)                             0.1806    0.0002 *   3.9453 r
  U6518/Y (sky130_fd_sc_hd__o21ai_2)                              0.0822    0.0957     4.0410 f
  n4132 (net)                                   3       0.0106              0.0000     4.0410 f
  U6711/A (sky130_fd_sc_hd__inv_2)                                0.0822    0.0001 *   4.0410 f
  U6711/Y (sky130_fd_sc_hd__inv_2)                                0.0614    0.0830     4.1241 r
  n4318 (net)                                   3       0.0111              0.0000     4.1241 r
  U6932/A2 (sky130_fd_sc_hd__o21ai_1)                             0.0614    0.0000 *   4.1241 r
  U6932/Y (sky130_fd_sc_hd__o21ai_1)                              0.0800    0.0683     4.1923 f
  n4319 (net)                                   1       0.0050              0.0000     4.1923 f
  U6933/B (sky130_fd_sc_hd__xnor2_1)                              0.0800    0.0000 *   4.1923 f
  U6933/Y (sky130_fd_sc_hd__xnor2_1)                              0.2146    0.2119     4.4042 r
  n12894 (net)                                  2       0.0075              0.0000     4.4042 r
  U6934/A (sky130_fd_sc_hd__inv_2)                                0.2146    0.0000 *   4.4042 r
  U6934/Y (sky130_fd_sc_hd__inv_2)                                0.0386    0.0406     4.4448 f
  n4349 (net)                                   1       0.0027              0.0000     4.4448 f
  U6952/CI (sky130_fd_sc_hd__fah_1)                               0.0386    0.0000 *   4.4448 f
  U6952/SUM (sky130_fd_sc_hd__fah_1)                              0.0714    0.2944     4.7393 r
  n4352 (net)                                   1       0.0052              0.0000     4.7393 r
  U52118/B (sky130_fd_sc_hd__xor2_1)                              0.0714    0.0000 *   4.7393 r
  U52118/X (sky130_fd_sc_hd__xor2_1)                              0.1278    0.1519     4.8912 r
  n46621 (net)                                  1       0.0036              0.0000     4.8912 r
  U6955/B (sky130_fd_sc_hd__nand2_1)                              0.1278    0.0000 *   4.8912 r
  U6955/Y (sky130_fd_sc_hd__nand2_1)                              0.0517    0.0799     4.9711 f
  n4357 (net)                                   1       0.0047              0.0000     4.9711 f
  U6956/B (sky130_fd_sc_hd__nor2_1)                               0.0517    0.0001 *   4.9712 f
  U6956/Y (sky130_fd_sc_hd__nor2_1)                               0.0871    0.0900     5.0612 r
  n4432 (net)                                   1       0.0033              0.0000     5.0612 r
  U10767/B (sky130_fd_sc_hd__and2_1)                              0.0871    0.0000 *   5.0613 r
  U10767/X (sky130_fd_sc_hd__and2_1)                              0.0456    0.1245     5.1858 r
  n46655 (net)                                  1       0.0025              0.0000     5.1858 r
  U6107/A (sky130_fd_sc_hd__nand4_1)                              0.0456    0.0000 *   5.1858 r
  U6107/Y (sky130_fd_sc_hd__nand4_1)                              0.0945    0.0846     5.2703 f
  n4435 (net)                                   1       0.0048              0.0000     5.2703 f
  U7028/B (sky130_fd_sc_hd__nor2_2)                               0.0945    0.0000 *   5.2703 f
  U7028/Y (sky130_fd_sc_hd__nor2_2)                               0.1317    0.1397     5.4101 r
  n4697 (net)                                   2       0.0096              0.0000     5.4101 r
  U10758/A (sky130_fd_sc_hd__and2_4)                              0.1317    0.0000 *   5.4101 r
  U10758/X (sky130_fd_sc_hd__and2_4)                              0.0924    0.2046     5.6147 r
  n46678 (net)                                  1       0.0258              0.0000     5.6147 r
  U52239/B (sky130_fd_sc_hd__nor2_8)                              0.0924    0.0007 *   5.6153 r
  U52239/Y (sky130_fd_sc_hd__nor2_8)                              0.0578    0.0657     5.6810 f
  n46503 (net)                                 11       0.0479              0.0000     5.6810 f
  U18865/A1 (sky130_fd_sc_hd__a22o_1)                             0.0578    0.0000 *   5.6811 f
  U18865/X (sky130_fd_sc_hd__a22o_1)                              0.0356    0.1983     5.8794 f
  conv_controller_inst_N2584 (net)              1       0.0017              0.0000     5.8794 f
  conv_controller_inst_ic1_fy_fx_r_reg_27_/D (sky130_fd_sc_hd__dfxtp_4)   0.0356   0.0000 *   5.8794 f
  data arrival time                                                                    5.8794

  clock ideal_clock (rise edge)                                             6.0000     6.0000
  clock network delay (ideal)                                               0.0000     6.0000
  conv_controller_inst_ic1_fy_fx_r_reg_27_/CLK (sky130_fd_sc_hd__dfxtp_4)   0.0000     6.0000 r
  library setup time                                                       -0.1180     5.8820
  data required time                                                                   5.8820
  -------------------------------------------------------------------------------------------------------------------
  data required time                                                                   5.8820
  data arrival time                                                                   -5.8794
  -------------------------------------------------------------------------------------------------------------------
  slack (MET)                                                                          0.0026


  Startpoint: ifmap_double_buffer_inst_ram_genblk1_26__genblk1_0__sram_macro/clk1
              (internal path startpoint clocked by ideal_clock)
  Endpoint: systolic_array_with_skew_inst_systolic_array_inst/row_0__col_0__mac_inst_ofmap_r_reg_30_
            (rising edge-triggered flip-flop clocked by ideal_clock)
  Path Group: ideal_clock
  Path Type: max

Attributes:
    d - dont_touch
    u - dont_use
   mo - map_only
   so - size_only
    i - ideal_net or ideal_network
  inf - infeasible path

  Point                                       Fanout       Cap     Trans      Incr       Path      Attributes
  -------------------------------------------------------------------------------------------------------------------
  clock ideal_clock (fall edge)                                             3.0000     3.0000
  clock network delay (ideal)                                               0.0000     3.0000
  input external delay                                                      0.0000     3.0000 f
  ifmap_double_buffer_inst_ram_genblk1_26__genblk1_0__sram_macro/clk1 (sky130_sram_1kbyte_1rw1r_32x256_8)   0.0000   0.0000 #   3.0000 f d u mo 
  ifmap_double_buffer_inst_ram_genblk1_26__genblk1_0__sram_macro/dout1[4] (sky130_sram_1kbyte_1rw1r_32x256_8)   0.0074   0.3510   3.3510 f d u mo 
  ifmap_double_buffer_inst_ram_dout1[772] (net)     1   0.0113              0.0000     3.3510 f
  U8222/A (sky130_fd_sc_hd__nand2_4)                              0.0055    0.0002 *   3.3512 f
  U8222/Y (sky130_fd_sc_hd__nand2_4)                              0.0842    0.0458     3.3971 r
  n6836 (net)                                   1       0.0112              0.0000     3.3971 r
  U9333/B (sky130_fd_sc_hd__nand4_1)                              0.0842    0.0004 *   3.3975 r
  U9333/Y (sky130_fd_sc_hd__nand4_1)                              0.1173    0.1278     3.5253 f
  n6838 (net)                                   1       0.0072              0.0000     3.5253 f
  U52180/B (sky130_fd_sc_hd__nor2_1)                              0.1173    0.0001 *   3.5254 f
  U52180/Y (sky130_fd_sc_hd__nor2_1)                              0.0794    0.1054     3.6307 r
  n46862 (net)                                  1       0.0025              0.0000     3.6307 r
  U52179/C (sky130_fd_sc_hd__nand4_1)                             0.0794    0.0000 *   3.6307 r
  U52179/Y (sky130_fd_sc_hd__nand4_1)                             0.0874    0.1077     3.7384 f
  systolic_array_with_skew_inst_ifmap[4] (net)     1    0.0045              0.0000     3.7384 f
  systolic_array_with_skew_inst_systolic_array_inst/ifmap_in[4] (conv_systolic_array_IFMAP_WIDTH8_WEIGHT_WIDTH8_OFMAP_WIDTH32_ARRAY_HEIGHT16_ARRAY_WIDTH16_0)   0.0000   3.7384 f
  systolic_array_with_skew_inst_systolic_array_inst/ifmap_in[4] (net)   0.0045   0.0000   3.7384 f
  systolic_array_with_skew_inst_systolic_array_inst/U65250/A (sky130_fd_sc_hd__buf_6)   0.0874   0.0000 *   3.7384 f
  systolic_array_with_skew_inst_systolic_array_inst/U65250/X (sky130_fd_sc_hd__buf_6)   0.0935   0.2009   3.9394 f
  systolic_array_with_skew_inst_systolic_array_inst/n126675 (net)     5   0.1003   0.0000   3.9394 f
  systolic_array_with_skew_inst_systolic_array_inst/U201/B (sky130_fd_sc_hd__xnor2_2)   0.0935   0.0140 *   3.9534 f
  systolic_array_with_skew_inst_systolic_array_inst/U201/Y (sky130_fd_sc_hd__xnor2_2)   0.0700   0.1570   4.1104 f
  systolic_array_with_skew_inst_systolic_array_inst/n181 (net)     2   0.0076   0.0000   4.1104 f
  systolic_array_with_skew_inst_systolic_array_inst/U64479/A2 (sky130_fd_sc_hd__o22ai_1)   0.0700   0.0000 *   4.1104 f
  systolic_array_with_skew_inst_systolic_array_inst/U64479/Y (sky130_fd_sc_hd__o22ai_1)   0.2555   0.2375   4.3479 r
  systolic_array_with_skew_inst_systolic_array_inst/n126534 (net)     2   0.0092   0.0000   4.3479 r
  systolic_array_with_skew_inst_systolic_array_inst/U64476/A (sky130_fd_sc_hd__nand2_1)   0.2555   0.0000 *   4.3479 r
  systolic_array_with_skew_inst_systolic_array_inst/U64476/Y (sky130_fd_sc_hd__nand2_1)   0.0685   0.0809   4.4288 f
  systolic_array_with_skew_inst_systolic_array_inst/n182 (net)     1   0.0027   0.0000   4.4288 f
  systolic_array_with_skew_inst_systolic_array_inst/U262/B1 (sky130_fd_sc_hd__o21ai_1)   0.0685   0.0000 *   4.4288 f
  systolic_array_with_skew_inst_systolic_array_inst/U262/Y (sky130_fd_sc_hd__o21ai_1)   0.2406   0.1512   4.5800 r
  systolic_array_with_skew_inst_systolic_array_inst/n244 (net)     3   0.0107   0.0000   4.5800 r
  systolic_array_with_skew_inst_systolic_array_inst/U64482/B (sky130_fd_sc_hd__xnor2_1)   0.2406   0.0000 *   4.5800 r
  systolic_array_with_skew_inst_systolic_array_inst/U64482/Y (sky130_fd_sc_hd__xnor2_1)   0.1591   0.1640   4.7441 r
  systolic_array_with_skew_inst_systolic_array_inst/n126536 (net)     1   0.0048   0.0000   4.7441 r
  systolic_array_with_skew_inst_systolic_array_inst/U64480/A (sky130_fd_sc_hd__xnor2_1)   0.1591   0.0000 *   4.7441 r
  systolic_array_with_skew_inst_systolic_array_inst/U64480/Y (sky130_fd_sc_hd__xnor2_1)   0.1137   0.1310   4.8750 r
  systolic_array_with_skew_inst_systolic_array_inst/n126535 (net)     1   0.0026   0.0000   4.8750 r
  systolic_array_with_skew_inst_systolic_array_inst/U1603/A (sky130_fd_sc_hd__inv_1)   0.1137   0.0000 *   4.8750 r
  systolic_array_with_skew_inst_systolic_array_inst/U1603/Y (sky130_fd_sc_hd__inv_1)   0.0442   0.0636   4.9386 f
  systolic_array_with_skew_inst_systolic_array_inst/n251 (net)     2   0.0052   0.0000   4.9386 f
  systolic_array_with_skew_inst_systolic_array_inst/U1529/A (sky130_fd_sc_hd__nand2_1)   0.0442   0.0000 *   4.9386 f
  systolic_array_with_skew_inst_systolic_array_inst/U1529/Y (sky130_fd_sc_hd__nand2_1)   0.0870   0.0836   5.0222 r
  systolic_array_with_skew_inst_systolic_array_inst/n116338 (net)     2   0.0076   0.0000   5.0222 r
  systolic_array_with_skew_inst_systolic_array_inst/U64483/A (sky130_fd_sc_hd__inv_2)   0.0870   0.0000 *   5.0223 r
  systolic_array_with_skew_inst_systolic_array_inst/U64483/Y (sky130_fd_sc_hd__inv_2)   0.0279   0.0408   5.0631 f
  systolic_array_with_skew_inst_systolic_array_inst/n116349 (net)     2   0.0055   0.0000   5.0631 f
  systolic_array_with_skew_inst_systolic_array_inst/U65135/B (sky130_fd_sc_hd__nand2_1)   0.0279   0.0000 *   5.0631 f
  systolic_array_with_skew_inst_systolic_array_inst/U65135/Y (sky130_fd_sc_hd__nand2_1)   0.0851   0.0827   5.1458 r
  systolic_array_with_skew_inst_systolic_array_inst/n254 (net)     1   0.0075   0.0000   5.1458 r
  systolic_array_with_skew_inst_systolic_array_inst/U64766/B (sky130_fd_sc_hd__nand3_2)   0.0851   0.0001 *   5.1459 r
  systolic_array_with_skew_inst_systolic_array_inst/U64766/Y (sky130_fd_sc_hd__nand3_2)   0.0625   0.0857   5.2316 f
  systolic_array_with_skew_inst_systolic_array_inst/n116344 (net)     2   0.0064   0.0000   5.2316 f
  systolic_array_with_skew_inst_systolic_array_inst/U64430/A (sky130_fd_sc_hd__nand2_2)   0.0625   0.0000 *   5.2316 f
  systolic_array_with_skew_inst_systolic_array_inst/U64430/Y (sky130_fd_sc_hd__nand2_2)   0.0583   0.0711   5.3027 r
  systolic_array_with_skew_inst_systolic_array_inst/n126531 (net)     2   0.0073   0.0000   5.3027 r
  systolic_array_with_skew_inst_systolic_array_inst/U64423/A (sky130_fd_sc_hd__nand2_2)   0.0583   0.0000 *   5.3027 r
  systolic_array_with_skew_inst_systolic_array_inst/U64423/Y (sky130_fd_sc_hd__nand2_2)   0.0467   0.0576   5.3603 f
  systolic_array_with_skew_inst_systolic_array_inst/n126606 (net)     1   0.0084   0.0000   5.3603 f
  systolic_array_with_skew_inst_systolic_array_inst/U64884/B (sky130_fd_sc_hd__nand2_4)   0.0467   0.0000 *   5.3603 f
  systolic_array_with_skew_inst_systolic_array_inst/U64884/Y (sky130_fd_sc_hd__nand2_4)   0.1197   0.1189   5.4792 r
  systolic_array_with_skew_inst_systolic_array_inst/n318 (net)     1   0.0348   0.0000   5.4792 r
  systolic_array_with_skew_inst_systolic_array_inst/U384/A (sky130_fd_sc_hd__nand2_8)   0.1197   0.0022 *   5.4815 r
  systolic_array_with_skew_inst_systolic_array_inst/U384/Y (sky130_fd_sc_hd__nand2_8)   0.1347   0.1426   5.6241 f
  systolic_array_with_skew_inst_systolic_array_inst/n116428 (net)    21   0.0947   0.0000   5.6241 f
  systolic_array_with_skew_inst_systolic_array_inst/U451/A (sky130_fd_sc_hd__nand2_2)   0.1347   0.0018 *   5.6258 f
  systolic_array_with_skew_inst_systolic_array_inst/U451/Y (sky130_fd_sc_hd__nand2_2)   0.0546   0.0913   5.7172 r
  systolic_array_with_skew_inst_systolic_array_inst/n384 (net)     2   0.0049   0.0000   5.7172 r
  systolic_array_with_skew_inst_systolic_array_inst/U467/A (sky130_fd_sc_hd__nand3_1)   0.0546   0.0000 *   5.7172 r
  systolic_array_with_skew_inst_systolic_array_inst/U467/Y (sky130_fd_sc_hd__nand3_1)   0.0512   0.0596   5.7767 f
  systolic_array_with_skew_inst_systolic_array_inst/n385 (net)     1   0.0025   0.0000   5.7767 f
  systolic_array_with_skew_inst_systolic_array_inst/U65092/C (sky130_fd_sc_hd__nand3_1)   0.0512   0.0000 *   5.7768 f
  systolic_array_with_skew_inst_systolic_array_inst/U65092/Y (sky130_fd_sc_hd__nand3_1)   0.0568   0.0757   5.8525 r
  systolic_array_with_skew_inst_systolic_array_inst/n126617 (net)     1   0.0024   0.0000   5.8525 r
  systolic_array_with_skew_inst_systolic_array_inst/U65091/A (sky130_fd_sc_hd__inv_1)   0.0568   0.0000 *   5.8525 r
  systolic_array_with_skew_inst_systolic_array_inst/U65091/Y (sky130_fd_sc_hd__inv_1)   0.0211   0.0343   5.8868 f
  systolic_array_with_skew_inst_systolic_array_inst/row_0__col_0__mac_inst_N42 (net)     1   0.0020   0.0000   5.8868 f
  systolic_array_with_skew_inst_systolic_array_inst/row_0__col_0__mac_inst_ofmap_r_reg_30_/D (sky130_fd_sc_hd__dfxtp_1)   0.0211   0.0000 *   5.8868 f
  data arrival time                                                                    5.8868

  clock ideal_clock (rise edge)                                             6.0000     6.0000
  clock network delay (ideal)                                               0.0000     6.0000
  systolic_array_with_skew_inst_systolic_array_inst/row_0__col_0__mac_inst_ofmap_r_reg_30_/CLK (sky130_fd_sc_hd__dfxtp_1)   0.0000   6.0000 r
  library setup time                                                       -0.1105     5.8895
  data required time                                                                   5.8895
  -------------------------------------------------------------------------------------------------------------------
  data required time                                                                   5.8895
  data arrival time                                                                   -5.8868
  -------------------------------------------------------------------------------------------------------------------
  slack (MET)                                                                          0.0027


  Startpoint: conv_controller_inst_ic1_fy_fx_r_reg_3_
              (rising edge-triggered flip-flop clocked by ideal_clock)
  Endpoint: conv_controller_inst_ic1_fy_fx_r_reg_27_
            (rising edge-triggered flip-flop clocked by ideal_clock)
  Path Group: ideal_clock
  Path Type: max

Attributes:
    d - dont_touch
    u - dont_use
   mo - map_only
   so - size_only
    i - ideal_net or ideal_network
  inf - infeasible path

  Point                                       Fanout       Cap     Trans      Incr       Path      Attributes
  -------------------------------------------------------------------------------------------------------------------
  clock ideal_clock (rise edge)                                             0.0000     0.0000
  clock network delay (ideal)                                               0.0000     0.0000
  conv_controller_inst_ic1_fy_fx_r_reg_3_/CLK (sky130_fd_sc_hd__dfxtp_4)   0.0000   0.0000   0.0000 r
  conv_controller_inst_ic1_fy_fx_r_reg_3_/Q (sky130_fd_sc_hd__dfxtp_4)   0.5138   0.6644   0.6644 r
  conv_controller_inst_ic1_fy_fx_r[3] (net)    35       0.1837              0.0000     0.6644 r
  U5696/B (sky130_fd_sc_hd__xnor2_1)                              0.5138    0.0001 *   0.6645 r
  U5696/Y (sky130_fd_sc_hd__xnor2_1)                              0.1702    0.1935     0.8580 r
  n46974 (net)                                  1       0.0050              0.0000     0.8580 r
  U52273/A (sky130_fd_sc_hd__buf_6)                               0.1702    0.0000 *   0.8580 r
  U52273/X (sky130_fd_sc_hd__buf_6)                               0.1948    0.2447     1.1027 r
  n3300 (net)                                  30       0.0957              0.0000     1.1027 r
  U5704/B (sky130_fd_sc_hd__nand2_2)                              0.1948    0.0001 *   1.1028 r
  U5704/Y (sky130_fd_sc_hd__nand2_2)                              0.3223    0.3100     1.4128 f
  n3574 (net)                                  28       0.0820              0.0000     1.4128 f
  U6464/B2 (sky130_fd_sc_hd__o22ai_1)                             0.3223    0.0002 *   1.4130 f
  U6464/Y (sky130_fd_sc_hd__o22ai_1)                              0.2337    0.2768     1.6898 r
  n3921 (net)                                   1       0.0072              0.0000     1.6898 r
  U6482/A (sky130_fd_sc_hd__fa_1)                                 0.2337    0.0000 *   1.6898 r
  U6482/SUM (sky130_fd_sc_hd__fa_1)                               0.1007    0.4575     2.1473 f
  n3922 (net)                                   1       0.0071              0.0000     2.1473 f
  U6483/CIN (sky130_fd_sc_hd__fa_1)                               0.1007    0.0001 *   2.1473 f
  U6483/SUM (sky130_fd_sc_hd__fa_1)                               0.0574    0.4942     2.6416 r
  n3916 (net)                                   1       0.0030              0.0000     2.6416 r
  U6481/CI (sky130_fd_sc_hd__fah_1)                               0.0574    0.0000 *   2.6416 r
  U6481/SUM (sky130_fd_sc_hd__fah_1)                              0.0957    0.3119     2.9535 f
  n6372 (net)                                   5       0.0145              0.0000     2.9535 f
  U6468/B (sky130_fd_sc_hd__nor2_1)                               0.0957    0.0000 *   2.9536 f
  U6468/Y (sky130_fd_sc_hd__nor2_1)                               0.1115    0.1237     3.0773 r
  n3907 (net)                                   1       0.0047              0.0000     3.0773 r
  U6469/A (sky130_fd_sc_hd__inv_2)                                0.1115    0.0000 *   3.0773 r
  U6469/Y (sky130_fd_sc_hd__inv_2)                                0.0359    0.0500     3.1273 f
  n4206 (net)                                   3       0.0072              0.0000     3.1273 f
  U6479/A1 (sky130_fd_sc_hd__a21oi_1)                             0.0359    0.0000 *   3.1273 f
  U6479/Y (sky130_fd_sc_hd__a21oi_1)                              0.1383    0.1368     3.2641 r
  n5561 (net)                                   2       0.0044              0.0000     3.2641 r
  U6480/B1 (sky130_fd_sc_hd__o21ai_1)                             0.1383    0.0000 *   3.2641 r
  U6480/Y (sky130_fd_sc_hd__o21ai_1)                              0.0926    0.1158     3.3800 f
  n4181 (net)                                   2       0.0078              0.0000     3.3800 f
  U6493/A1 (sky130_fd_sc_hd__a21oi_1)                             0.0926    0.0000 *   3.3800 f
  U6493/Y (sky130_fd_sc_hd__a21oi_1)                              0.2310    0.2274     3.6074 r
  n4159 (net)                                   2       0.0092              0.0000     3.6074 r
  U6775/A (sky130_fd_sc_hd__inv_1)                                0.2310    0.0000 *   3.6074 r
  U6775/Y (sky130_fd_sc_hd__inv_1)                                0.0793    0.1047     3.7122 f
  n4170 (net)                                   2       0.0083              0.0000     3.7122 f
  U6776/A1 (sky130_fd_sc_hd__a21oi_1)                             0.0793    0.0000 *   3.7122 f
  U6776/Y (sky130_fd_sc_hd__a21oi_1)                              0.1500    0.1631     3.8752 r
  n4162 (net)                                   1       0.0050              0.0000     3.8752 r
  U6778/A (sky130_fd_sc_hd__xor2_1)                               0.1500    0.0000 *   3.8753 r
  U6778/X (sky130_fd_sc_hd__xor2_1)                               0.1547    0.1823     4.0576 r
  n12974 (net)                                  2       0.0050              0.0000     4.0576 r
  U6779/A (sky130_fd_sc_hd__inv_1)                                0.1547    0.0000 *   4.0576 r
  U6779/Y (sky130_fd_sc_hd__inv_1)                                0.0507    0.0695     4.1271 f
  n4171 (net)                                   1       0.0049              0.0000     4.1271 f
  U6789/CIN (sky130_fd_sc_hd__fa_1)                               0.0507    0.0000 *   4.1271 f
  U6789/SUM (sky130_fd_sc_hd__fa_1)                               0.0883    0.4435     4.5706 f
  n4174 (net)                                   1       0.0048              0.0000     4.5706 f
  U6790/B (sky130_fd_sc_hd__xnor2_1)                              0.0883    0.0000 *   4.5706 f
  U6790/Y (sky130_fd_sc_hd__xnor2_1)                              0.0436    0.1335     4.7041 f
  n4176 (net)                                   1       0.0024              0.0000     4.7041 f
  U6791/B (sky130_fd_sc_hd__nor2_1)                               0.0436    0.0000 *   4.7041 f
  U6791/Y (sky130_fd_sc_hd__nor2_1)                               0.0747    0.0781     4.7822 r
  n4305 (net)                                   1       0.0026              0.0000     4.7822 r
  U6923/A (sky130_fd_sc_hd__nand2_1)                              0.0747    0.0000 *   4.7822 r
  U6923/Y (sky130_fd_sc_hd__nand2_1)                              0.0629    0.0762     4.8584 f
  n4306 (net)                                   1       0.0071              0.0000     4.8584 f
  U52309/A (sky130_fd_sc_hd__nor2_1)                              0.0629    0.0001 *   4.8585 f
  U52309/Y (sky130_fd_sc_hd__nor2_1)                              0.1091    0.1257     4.9841 r
  n4310 (net)                                   1       0.0046              0.0000     4.9841 r
  U6927/B (sky130_fd_sc_hd__nand2_1)                              0.1091    0.0000 *   4.9842 r
  U6927/Y (sky130_fd_sc_hd__nand2_1)                              0.0584    0.0785     5.0627 f
  n4312 (net)                                   1       0.0052              0.0000     5.0627 f
  U6928/B (sky130_fd_sc_hd__nor2_1)                               0.0584    0.0001 *   5.0628 f
  U6928/Y (sky130_fd_sc_hd__nor2_1)                               0.0872    0.0925     5.1552 r
  n4433 (net)                                   1       0.0033              0.0000     5.1552 r
  U6107/D (sky130_fd_sc_hd__nand4_1)                              0.0872    0.0000 *   5.1553 r
  U6107/Y (sky130_fd_sc_hd__nand4_1)                              0.0945    0.1150     5.2702 f
  n4435 (net)                                   1       0.0048              0.0000     5.2702 f
  U7028/B (sky130_fd_sc_hd__nor2_2)                               0.0945    0.0000 *   5.2702 f
  U7028/Y (sky130_fd_sc_hd__nor2_2)                               0.1317    0.1397     5.4100 r
  n4697 (net)                                   2       0.0096              0.0000     5.4100 r
  U10758/A (sky130_fd_sc_hd__and2_4)                              0.1317    0.0000 *   5.4100 r
  U10758/X (sky130_fd_sc_hd__and2_4)                              0.0924    0.2046     5.6146 r
  n46678 (net)                                  1       0.0258              0.0000     5.6146 r
  U52239/B (sky130_fd_sc_hd__nor2_8)                              0.0924    0.0007 *   5.6152 r
  U52239/Y (sky130_fd_sc_hd__nor2_8)                              0.0578    0.0657     5.6810 f
  n46503 (net)                                 11       0.0479              0.0000     5.6810 f
  U18865/A1 (sky130_fd_sc_hd__a22o_1)                             0.0578    0.0000 *   5.6810 f
  U18865/X (sky130_fd_sc_hd__a22o_1)                              0.0356    0.1983     5.8793 f
  conv_controller_inst_N2584 (net)              1       0.0017              0.0000     5.8793 f
  conv_controller_inst_ic1_fy_fx_r_reg_27_/D (sky130_fd_sc_hd__dfxtp_4)   0.0356   0.0000 *   5.8793 f
  data arrival time                                                                    5.8793

  clock ideal_clock (rise edge)                                             6.0000     6.0000
  clock network delay (ideal)                                               0.0000     6.0000
  conv_controller_inst_ic1_fy_fx_r_reg_27_/CLK (sky130_fd_sc_hd__dfxtp_4)   0.0000     6.0000 r
  library setup time                                                       -0.1180     5.8820
  data required time                                                                   5.8820
  -------------------------------------------------------------------------------------------------------------------
  data required time                                                                   5.8820
  data arrival time                                                                   -5.8793
  -------------------------------------------------------------------------------------------------------------------
  slack (MET)                                                                          0.0027


  Startpoint: ifmap_double_buffer_inst_ram_genblk1_26__genblk1_0__sram_macro/clk1
              (internal path startpoint clocked by ideal_clock)
  Endpoint: systolic_array_with_skew_inst_systolic_array_inst/row_0__col_0__mac_inst_ofmap_r_reg_30_
            (rising edge-triggered flip-flop clocked by ideal_clock)
  Path Group: ideal_clock
  Path Type: max

Attributes:
    d - dont_touch
    u - dont_use
   mo - map_only
   so - size_only
    i - ideal_net or ideal_network
  inf - infeasible path

  Point                                       Fanout       Cap     Trans      Incr       Path      Attributes
  -------------------------------------------------------------------------------------------------------------------
  clock ideal_clock (fall edge)                                             3.0000     3.0000
  clock network delay (ideal)                                               0.0000     3.0000
  input external delay                                                      0.0000     3.0000 f
  ifmap_double_buffer_inst_ram_genblk1_26__genblk1_0__sram_macro/clk1 (sky130_sram_1kbyte_1rw1r_32x256_8)   0.0000   0.0000 #   3.0000 f d u mo 
  ifmap_double_buffer_inst_ram_genblk1_26__genblk1_0__sram_macro/dout1[4] (sky130_sram_1kbyte_1rw1r_32x256_8)   0.0074   0.3510   3.3510 f d u mo 
  ifmap_double_buffer_inst_ram_dout1[772] (net)     1   0.0113              0.0000     3.3510 f
  U8222/A (sky130_fd_sc_hd__nand2_4)                              0.0055    0.0002 *   3.3512 f
  U8222/Y (sky130_fd_sc_hd__nand2_4)                              0.0842    0.0458     3.3971 r
  n6836 (net)                                   1       0.0112              0.0000     3.3971 r
  U9333/B (sky130_fd_sc_hd__nand4_1)                              0.0842    0.0004 *   3.3975 r
  U9333/Y (sky130_fd_sc_hd__nand4_1)                              0.1173    0.1278     3.5253 f
  n6838 (net)                                   1       0.0072              0.0000     3.5253 f
  U52180/B (sky130_fd_sc_hd__nor2_1)                              0.1173    0.0001 *   3.5254 f
  U52180/Y (sky130_fd_sc_hd__nor2_1)                              0.0794    0.1054     3.6307 r
  n46862 (net)                                  1       0.0025              0.0000     3.6307 r
  U52179/C (sky130_fd_sc_hd__nand4_1)                             0.0794    0.0000 *   3.6307 r
  U52179/Y (sky130_fd_sc_hd__nand4_1)                             0.0874    0.1077     3.7384 f
  systolic_array_with_skew_inst_ifmap[4] (net)     1    0.0045              0.0000     3.7384 f
  systolic_array_with_skew_inst_systolic_array_inst/ifmap_in[4] (conv_systolic_array_IFMAP_WIDTH8_WEIGHT_WIDTH8_OFMAP_WIDTH32_ARRAY_HEIGHT16_ARRAY_WIDTH16_0)   0.0000   3.7384 f
  systolic_array_with_skew_inst_systolic_array_inst/ifmap_in[4] (net)   0.0045   0.0000   3.7384 f
  systolic_array_with_skew_inst_systolic_array_inst/U65250/A (sky130_fd_sc_hd__buf_6)   0.0874   0.0000 *   3.7384 f
  systolic_array_with_skew_inst_systolic_array_inst/U65250/X (sky130_fd_sc_hd__buf_6)   0.0935   0.2009   3.9394 f
  systolic_array_with_skew_inst_systolic_array_inst/n126675 (net)     5   0.1003   0.0000   3.9394 f
  systolic_array_with_skew_inst_systolic_array_inst/U201/B (sky130_fd_sc_hd__xnor2_2)   0.0935   0.0140 *   3.9534 f
  systolic_array_with_skew_inst_systolic_array_inst/U201/Y (sky130_fd_sc_hd__xnor2_2)   0.0700   0.1570   4.1104 f
  systolic_array_with_skew_inst_systolic_array_inst/n181 (net)     2   0.0076   0.0000   4.1104 f
  systolic_array_with_skew_inst_systolic_array_inst/U64479/A2 (sky130_fd_sc_hd__o22ai_1)   0.0700   0.0000 *   4.1104 f
  systolic_array_with_skew_inst_systolic_array_inst/U64479/Y (sky130_fd_sc_hd__o22ai_1)   0.2555   0.2375   4.3479 r
  systolic_array_with_skew_inst_systolic_array_inst/n126534 (net)     2   0.0092   0.0000   4.3479 r
  systolic_array_with_skew_inst_systolic_array_inst/U64478/A (sky130_fd_sc_hd__xnor2_1)   0.2555   0.0000 *   4.3479 r
  systolic_array_with_skew_inst_systolic_array_inst/U64478/Y (sky130_fd_sc_hd__xnor2_1)   0.1325   0.1549   4.5028 r
  systolic_array_with_skew_inst_systolic_array_inst/n222 (net)     1   0.0035   0.0000   4.5028 r
  systolic_array_with_skew_inst_systolic_array_inst/U308/CI (sky130_fd_sc_hd__fah_1)   0.1325   0.0000 *   4.5028 r
  systolic_array_with_skew_inst_systolic_array_inst/U308/SUM (sky130_fd_sc_hd__fah_1)   0.0673   0.3086   4.8114 f
  systolic_array_with_skew_inst_systolic_array_inst/n237 (net)     2   0.0070   0.0000   4.8114 f
  systolic_array_with_skew_inst_systolic_array_inst/U309/A (sky130_fd_sc_hd__inv_2)   0.0673   0.0000 *   4.8114 f
  systolic_array_with_skew_inst_systolic_array_inst/U309/Y (sky130_fd_sc_hd__inv_2)   0.0345   0.0558   4.8672 r
  systolic_array_with_skew_inst_systolic_array_inst/n231 (net)     1   0.0047   0.0000   4.8672 r
  systolic_array_with_skew_inst_systolic_array_inst/U314/A (sky130_fd_sc_hd__nand2_2)   0.0345   0.0000 *   4.8672 r
  systolic_array_with_skew_inst_systolic_array_inst/U314/Y (sky130_fd_sc_hd__nand2_2)   0.0497   0.0549   4.9220 f
  systolic_array_with_skew_inst_systolic_array_inst/n116328 (net)     3   0.0101   0.0000   4.9220 f
  systolic_array_with_skew_inst_systolic_array_inst/U318/A (sky130_fd_sc_hd__nand2_1)   0.0497   0.0000 *   4.9221 f
  systolic_array_with_skew_inst_systolic_array_inst/U318/Y (sky130_fd_sc_hd__nand2_1)   0.0709   0.0750   4.9970 r
  systolic_array_with_skew_inst_systolic_array_inst/n238 (net)     1   0.0059   0.0000   4.9970 r
  systolic_array_with_skew_inst_systolic_array_inst/U64848/B (sky130_fd_sc_hd__nand3_2)   0.0709   0.0001 *   4.9971 r
  systolic_array_with_skew_inst_systolic_array_inst/U64848/Y (sky130_fd_sc_hd__nand3_2)   0.0697   0.0885   5.0856 f
  systolic_array_with_skew_inst_systolic_array_inst/n116339 (net)     2   0.0079   0.0000   5.0856 f
  systolic_array_with_skew_inst_systolic_array_inst/U64842/A (sky130_fd_sc_hd__nand3_2)   0.0697   0.0000 *   5.0856 f
  systolic_array_with_skew_inst_systolic_array_inst/U64842/Y (sky130_fd_sc_hd__nand3_2)   0.0679   0.0766   5.1621 r
  systolic_array_with_skew_inst_systolic_array_inst/n255 (net)     1   0.0072   0.0000   5.1621 r
  systolic_array_with_skew_inst_systolic_array_inst/U64766/A (sky130_fd_sc_hd__nand3_2)   0.0679   0.0001 *   5.1623 r
  systolic_array_with_skew_inst_systolic_array_inst/U64766/Y (sky130_fd_sc_hd__nand3_2)   0.0625   0.0693   5.2315 f
  systolic_array_with_skew_inst_systolic_array_inst/n116344 (net)     2   0.0064   0.0000   5.2315 f
  systolic_array_with_skew_inst_systolic_array_inst/U64430/A (sky130_fd_sc_hd__nand2_2)   0.0625   0.0000 *   5.2315 f
  systolic_array_with_skew_inst_systolic_array_inst/U64430/Y (sky130_fd_sc_hd__nand2_2)   0.0583   0.0711   5.3026 r
  systolic_array_with_skew_inst_systolic_array_inst/n126531 (net)     2   0.0073   0.0000   5.3026 r
  systolic_array_with_skew_inst_systolic_array_inst/U64423/A (sky130_fd_sc_hd__nand2_2)   0.0583   0.0000 *   5.3026 r
  systolic_array_with_skew_inst_systolic_array_inst/U64423/Y (sky130_fd_sc_hd__nand2_2)   0.0467   0.0576   5.3602 f
  systolic_array_with_skew_inst_systolic_array_inst/n126606 (net)     1   0.0084   0.0000   5.3602 f
  systolic_array_with_skew_inst_systolic_array_inst/U64884/B (sky130_fd_sc_hd__nand2_4)   0.0467   0.0000 *   5.3602 f
  systolic_array_with_skew_inst_systolic_array_inst/U64884/Y (sky130_fd_sc_hd__nand2_4)   0.1197   0.1189   5.4792 r
  systolic_array_with_skew_inst_systolic_array_inst/n318 (net)     1   0.0348   0.0000   5.4792 r
  systolic_array_with_skew_inst_systolic_array_inst/U384/A (sky130_fd_sc_hd__nand2_8)   0.1197   0.0022 *   5.4814 r
  systolic_array_with_skew_inst_systolic_array_inst/U384/Y (sky130_fd_sc_hd__nand2_8)   0.1347   0.1426   5.6240 f
  systolic_array_with_skew_inst_systolic_array_inst/n116428 (net)    21   0.0947   0.0000   5.6240 f
  systolic_array_with_skew_inst_systolic_array_inst/U451/A (sky130_fd_sc_hd__nand2_2)   0.1347   0.0018 *   5.6258 f
  systolic_array_with_skew_inst_systolic_array_inst/U451/Y (sky130_fd_sc_hd__nand2_2)   0.0546   0.0913   5.7171 r
  systolic_array_with_skew_inst_systolic_array_inst/n384 (net)     2   0.0049   0.0000   5.7171 r
  systolic_array_with_skew_inst_systolic_array_inst/U467/A (sky130_fd_sc_hd__nand3_1)   0.0546   0.0000 *   5.7171 r
  systolic_array_with_skew_inst_systolic_array_inst/U467/Y (sky130_fd_sc_hd__nand3_1)   0.0512   0.0596   5.7767 f
  systolic_array_with_skew_inst_systolic_array_inst/n385 (net)     1   0.0025   0.0000   5.7767 f
  systolic_array_with_skew_inst_systolic_array_inst/U65092/C (sky130_fd_sc_hd__nand3_1)   0.0512   0.0000 *   5.7767 f
  systolic_array_with_skew_inst_systolic_array_inst/U65092/Y (sky130_fd_sc_hd__nand3_1)   0.0568   0.0757   5.8524 r
  systolic_array_with_skew_inst_systolic_array_inst/n126617 (net)     1   0.0024   0.0000   5.8524 r
  systolic_array_with_skew_inst_systolic_array_inst/U65091/A (sky130_fd_sc_hd__inv_1)   0.0568   0.0000 *   5.8524 r
  systolic_array_with_skew_inst_systolic_array_inst/U65091/Y (sky130_fd_sc_hd__inv_1)   0.0211   0.0343   5.8867 f
  systolic_array_with_skew_inst_systolic_array_inst/row_0__col_0__mac_inst_N42 (net)     1   0.0020   0.0000   5.8867 f
  systolic_array_with_skew_inst_systolic_array_inst/row_0__col_0__mac_inst_ofmap_r_reg_30_/D (sky130_fd_sc_hd__dfxtp_1)   0.0211   0.0000 *   5.8867 f
  data arrival time                                                                    5.8867

  clock ideal_clock (rise edge)                                             6.0000     6.0000
  clock network delay (ideal)                                               0.0000     6.0000
  systolic_array_with_skew_inst_systolic_array_inst/row_0__col_0__mac_inst_ofmap_r_reg_30_/CLK (sky130_fd_sc_hd__dfxtp_1)   0.0000   6.0000 r
  library setup time                                                       -0.1105     5.8895
  data required time                                                                   5.8895
  -------------------------------------------------------------------------------------------------------------------
  data required time                                                                   5.8895
  data arrival time                                                                   -5.8867
  -------------------------------------------------------------------------------------------------------------------
  slack (MET)                                                                          0.0028


  Startpoint: conv_controller_inst_ic1_fy_fx_r_reg_3_
              (rising edge-triggered flip-flop clocked by ideal_clock)
  Endpoint: conv_controller_inst_ic1_fy_fx_r_reg_22_
            (rising edge-triggered flip-flop clocked by ideal_clock)
  Path Group: ideal_clock
  Path Type: max

Attributes:
    d - dont_touch
    u - dont_use
   mo - map_only
   so - size_only
    i - ideal_net or ideal_network
  inf - infeasible path

  Point                                       Fanout       Cap     Trans      Incr       Path      Attributes
  -------------------------------------------------------------------------------------------------------------------
  clock ideal_clock (rise edge)                                             0.0000     0.0000
  clock network delay (ideal)                                               0.0000     0.0000
  conv_controller_inst_ic1_fy_fx_r_reg_3_/CLK (sky130_fd_sc_hd__dfxtp_4)   0.0000   0.0000   0.0000 r
  conv_controller_inst_ic1_fy_fx_r_reg_3_/Q (sky130_fd_sc_hd__dfxtp_4)   0.5138   0.6644   0.6644 r
  conv_controller_inst_ic1_fy_fx_r[3] (net)    35       0.1837              0.0000     0.6644 r
  U5696/B (sky130_fd_sc_hd__xnor2_1)                              0.5138    0.0001 *   0.6645 r
  U5696/Y (sky130_fd_sc_hd__xnor2_1)                              0.1702    0.1935     0.8580 r
  n46974 (net)                                  1       0.0050              0.0000     0.8580 r
  U52273/A (sky130_fd_sc_hd__buf_6)                               0.1702    0.0000 *   0.8580 r
  U52273/X (sky130_fd_sc_hd__buf_6)                               0.1948    0.2447     1.1027 r
  n3300 (net)                                  30       0.0957              0.0000     1.1027 r
  U5704/B (sky130_fd_sc_hd__nand2_2)                              0.1948    0.0001 *   1.1028 r
  U5704/Y (sky130_fd_sc_hd__nand2_2)                              0.3223    0.3100     1.4128 f
  n3574 (net)                                  28       0.0820              0.0000     1.4128 f
  U6279/B2 (sky130_fd_sc_hd__o22ai_1)                             0.3223    0.0002 *   1.4131 f
  U6279/Y (sky130_fd_sc_hd__o22ai_1)                              0.1976    0.2418     1.6549 r
  n3700 (net)                                   1       0.0050              0.0000     1.6549 r
  U6292/CIN (sky130_fd_sc_hd__fa_1)                               0.1976    0.0000 *   1.6549 r
  U6292/SUM (sky130_fd_sc_hd__fa_1)                               0.0922    0.4610     2.1159 f
  n3790 (net)                                   1       0.0055              0.0000     2.1159 f
  U6344/CIN (sky130_fd_sc_hd__fa_1)                               0.0922    0.0000 *   2.1160 f
  U6344/COUT (sky130_fd_sc_hd__fa_1)                              0.0755    0.3770     2.4930 f
  n3763 (net)                                   1       0.0036              0.0000     2.4930 f
  U6326/CI (sky130_fd_sc_hd__fah_1)                               0.0755    0.0000 *   2.4930 f
  U6326/SUM (sky130_fd_sc_hd__fah_1)                              0.0693    0.3091     2.8021 r
  n3805 (net)                                   1       0.0050              0.0000     2.8021 r
  U6358/CIN (sky130_fd_sc_hd__fa_1)                               0.0693    0.0000 *   2.8021 r
  U6358/SUM (sky130_fd_sc_hd__fa_1)                               0.1171    0.4550     3.2572 f
  n6342 (net)                                   4       0.0103              0.0000     3.2572 f
  U6359/B (sky130_fd_sc_hd__nor2_1)                               0.1171    0.0000 *   3.2572 f
  U6359/Y (sky130_fd_sc_hd__nor2_1)                               0.1159    0.1346     3.3918 r
  n3808 (net)                                   1       0.0049              0.0000     3.3918 r
  U6360/A (sky130_fd_sc_hd__inv_2)                                0.1159    0.0000 *   3.3918 r
  U6360/Y (sky130_fd_sc_hd__inv_2)                                0.0368    0.0510     3.4427 f
  n4161 (net)                                   3       0.0072              0.0000     3.4427 f
  U6498/A1 (sky130_fd_sc_hd__a21oi_1)                             0.0368    0.0000 *   3.4428 f
  U6498/Y (sky130_fd_sc_hd__a21oi_1)                              0.1870    0.1729     3.6156 r
  n5565 (net)                                   2       0.0070              0.0000     3.6156 r
  U6499/B1 (sky130_fd_sc_hd__o21ai_2)                             0.1870    0.0000 *   3.6157 r
  U6499/Y (sky130_fd_sc_hd__o21ai_2)                              0.0884    0.1166     3.7322 f
  n4078 (net)                                   2       0.0142              0.0000     3.7322 f
  U6511/A2 (sky130_fd_sc_hd__a21oi_2)                             0.0884    0.0002 *   3.7324 f
  U6511/Y (sky130_fd_sc_hd__a21oi_2)                              0.1806    0.2128     3.9452 r
  n4084 (net)                                   2       0.0122              0.0000     3.9452 r
  U6518/A2 (sky130_fd_sc_hd__o21ai_2)                             0.1806    0.0002 *   3.9453 r
  U6518/Y (sky130_fd_sc_hd__o21ai_2)                              0.0822    0.0957     4.0410 f
  n4132 (net)                                   3       0.0106              0.0000     4.0410 f
  U6711/A (sky130_fd_sc_hd__inv_2)                                0.0822    0.0001 *   4.0410 f
  U6711/Y (sky130_fd_sc_hd__inv_2)                                0.0614    0.0830     4.1241 r
  n4318 (net)                                   3       0.0111              0.0000     4.1241 r
  U6932/A2 (sky130_fd_sc_hd__o21ai_1)                             0.0614    0.0000 *   4.1241 r
  U6932/Y (sky130_fd_sc_hd__o21ai_1)                              0.0800    0.0683     4.1923 f
  n4319 (net)                                   1       0.0050              0.0000     4.1923 f
  U6933/B (sky130_fd_sc_hd__xnor2_1)                              0.0800    0.0000 *   4.1923 f
  U6933/Y (sky130_fd_sc_hd__xnor2_1)                              0.2146    0.2119     4.4042 r
  n12894 (net)                                  2       0.0075              0.0000     4.4042 r
  U6934/A (sky130_fd_sc_hd__inv_2)                                0.2146    0.0000 *   4.4042 r
  U6934/Y (sky130_fd_sc_hd__inv_2)                                0.0386    0.0406     4.4448 f
  n4349 (net)                                   1       0.0027              0.0000     4.4448 f
  U6952/CI (sky130_fd_sc_hd__fah_1)                               0.0386    0.0000 *   4.4448 f
  U6952/SUM (sky130_fd_sc_hd__fah_1)                              0.0714    0.2944     4.7393 r
  n4352 (net)                                   1       0.0052              0.0000     4.7393 r
  U52118/B (sky130_fd_sc_hd__xor2_1)                              0.0714    0.0000 *   4.7393 r
  U52118/X (sky130_fd_sc_hd__xor2_1)                              0.1278    0.1519     4.8912 r
  n46621 (net)                                  1       0.0036              0.0000     4.8912 r
  U6955/B (sky130_fd_sc_hd__nand2_1)                              0.1278    0.0000 *   4.8912 r
  U6955/Y (sky130_fd_sc_hd__nand2_1)                              0.0517    0.0799     4.9711 f
  n4357 (net)                                   1       0.0047              0.0000     4.9711 f
  U6956/B (sky130_fd_sc_hd__nor2_1)                               0.0517    0.0001 *   4.9712 f
  U6956/Y (sky130_fd_sc_hd__nor2_1)                               0.0871    0.0900     5.0612 r
  n4432 (net)                                   1       0.0033              0.0000     5.0612 r
  U10767/B (sky130_fd_sc_hd__and2_1)                              0.0871    0.0000 *   5.0613 r
  U10767/X (sky130_fd_sc_hd__and2_1)                              0.0456    0.1245     5.1858 r
  n46655 (net)                                  1       0.0025              0.0000     5.1858 r
  U6107/A (sky130_fd_sc_hd__nand4_1)                              0.0456    0.0000 *   5.1858 r
  U6107/Y (sky130_fd_sc_hd__nand4_1)                              0.0945    0.0846     5.2703 f
  n4435 (net)                                   1       0.0048              0.0000     5.2703 f
  U7028/B (sky130_fd_sc_hd__nor2_2)                               0.0945    0.0000 *   5.2703 f
  U7028/Y (sky130_fd_sc_hd__nor2_2)                               0.1317    0.1397     5.4101 r
  n4697 (net)                                   2       0.0096              0.0000     5.4101 r
  U10758/A (sky130_fd_sc_hd__and2_4)                              0.1317    0.0000 *   5.4101 r
  U10758/X (sky130_fd_sc_hd__and2_4)                              0.0924    0.2046     5.6147 r
  n46678 (net)                                  1       0.0258              0.0000     5.6147 r
  U52239/B (sky130_fd_sc_hd__nor2_8)                              0.0924    0.0007 *   5.6153 r
  U52239/Y (sky130_fd_sc_hd__nor2_8)                              0.0578    0.0657     5.6810 f
  n46503 (net)                                 11       0.0479              0.0000     5.6810 f
  U18869/A1 (sky130_fd_sc_hd__a22o_1)                             0.0578    0.0002 *   5.6812 f
  U18869/X (sky130_fd_sc_hd__a22o_1)                              0.0360    0.1988     5.8801 f
  conv_controller_inst_N2579 (net)              1       0.0018              0.0000     5.8801 f
  conv_controller_inst_ic1_fy_fx_r_reg_22_/D (sky130_fd_sc_hd__dfxtp_1)   0.0360   0.0000 *   5.8801 f
  data arrival time                                                                    5.8801

  clock ideal_clock (rise edge)                                             6.0000     6.0000
  clock network delay (ideal)                                               0.0000     6.0000
  conv_controller_inst_ic1_fy_fx_r_reg_22_/CLK (sky130_fd_sc_hd__dfxtp_1)   0.0000     6.0000 r
  library setup time                                                       -0.1171     5.8829
  data required time                                                                   5.8829
  -------------------------------------------------------------------------------------------------------------------
  data required time                                                                   5.8829
  data arrival time                                                                   -5.8801
  -------------------------------------------------------------------------------------------------------------------
  slack (MET)                                                                          0.0028


  Startpoint: conv_controller_inst_ic1_fy_fx_r_reg_3_
              (rising edge-triggered flip-flop clocked by ideal_clock)
  Endpoint: conv_controller_inst_systolic_array_weight_wen_reg_2_
            (rising edge-triggered flip-flop clocked by ideal_clock)
  Path Group: ideal_clock
  Path Type: max

Attributes:
    d - dont_touch
    u - dont_use
   mo - map_only
   so - size_only
    i - ideal_net or ideal_network
  inf - infeasible path

  Point                                       Fanout       Cap     Trans      Incr       Path      Attributes
  -------------------------------------------------------------------------------------------------------------------
  clock ideal_clock (rise edge)                                             0.0000     0.0000
  clock network delay (ideal)                                               0.0000     0.0000
  conv_controller_inst_ic1_fy_fx_r_reg_3_/CLK (sky130_fd_sc_hd__dfxtp_4)   0.0000   0.0000   0.0000 r
  conv_controller_inst_ic1_fy_fx_r_reg_3_/Q (sky130_fd_sc_hd__dfxtp_4)   0.5138   0.6644   0.6644 r
  conv_controller_inst_ic1_fy_fx_r[3] (net)    35       0.1837              0.0000     0.6644 r
  U5696/B (sky130_fd_sc_hd__xnor2_1)                              0.5138    0.0001 *   0.6645 r
  U5696/Y (sky130_fd_sc_hd__xnor2_1)                              0.1702    0.1935     0.8580 r
  n46974 (net)                                  1       0.0050              0.0000     0.8580 r
  U52273/A (sky130_fd_sc_hd__buf_6)                               0.1702    0.0000 *   0.8580 r
  U52273/X (sky130_fd_sc_hd__buf_6)                               0.1948    0.2447     1.1027 r
  n3300 (net)                                  30       0.0957              0.0000     1.1027 r
  U5704/B (sky130_fd_sc_hd__nand2_2)                              0.1948    0.0001 *   1.1028 r
  U5704/Y (sky130_fd_sc_hd__nand2_2)                              0.3223    0.3100     1.4128 f
  n3574 (net)                                  28       0.0820              0.0000     1.4128 f
  U7158/B2 (sky130_fd_sc_hd__o22ai_1)                             0.3223    0.0006 *   1.4134 f
  U7158/Y (sky130_fd_sc_hd__o22ai_1)                              0.2424    0.2841     1.6976 r
  n4650 (net)                                   1       0.0077              0.0000     1.6976 r
  U7159/CIN (sky130_fd_sc_hd__fa_1)                               0.2424    0.0001 *   1.6977 r
  U7159/SUM (sky130_fd_sc_hd__fa_1)                               0.1321    0.5191     2.2168 f
  n4661 (net)                                   1       0.0137              0.0000     2.2168 f
  U7162/A (sky130_fd_sc_hd__fa_2)                                 0.1321    0.0004 *   2.2172 f
  U7162/SUM (sky130_fd_sc_hd__fa_2)                               0.0656    0.5983     2.8155 r
  n4666 (net)                                   1       0.0061              0.0000     2.8155 r
  U7164/CIN (sky130_fd_sc_hd__fa_2)                               0.0656    0.0000 *   2.8156 r
  U7164/SUM (sky130_fd_sc_hd__fa_2)                               0.0847    0.4403     3.2559 f
  n4672 (net)                                   1       0.0065              0.0000     3.2559 f
  U7166/B (sky130_fd_sc_hd__fa_1)                                 0.0847    0.0000 *   3.2559 f
  U7166/SUM (sky130_fd_sc_hd__fa_1)                               0.0605    0.5139     3.7698 r
  n4674 (net)                                   1       0.0034              0.0000     3.7698 r
  U7167/CI (sky130_fd_sc_hd__fah_1)                               0.0605    0.0000 *   3.7698 r
  U7167/SUM (sky130_fd_sc_hd__fah_1)                              0.0544    0.2640     4.0338 f
  n4677 (net)                                   1       0.0037              0.0000     4.0338 f
  U7168/CI (sky130_fd_sc_hd__fah_1)                               0.0544    0.0000 *   4.0338 f
  U7168/SUM (sky130_fd_sc_hd__fah_1)                              0.1018    0.3028     4.3367 f
  n6799 (net)                                   3       0.0161              0.0000     4.3367 f
  U7169/B (sky130_fd_sc_hd__xnor2_2)                              0.1018    0.0001 *   4.3367 f
  U7169/Y (sky130_fd_sc_hd__xnor2_2)                              0.2915    0.2692     4.6059 r
  n5607 (net)                                   5       0.0194              0.0000     4.6059 r
  U8188/B (sky130_fd_sc_hd__nor2_1)                               0.2915    0.0000 *   4.6059 r
  U8188/Y (sky130_fd_sc_hd__nor2_1)                               0.0627    0.0696     4.6755 f
  n5603 (net)                                   1       0.0026              0.0000     4.6755 f
  U10987/A1 (sky130_fd_sc_hd__a22oi_1)                            0.0627    0.0000 *   4.6755 f
  U10987/Y (sky130_fd_sc_hd__a22oi_1)                             0.2005    0.2064     4.8819 r
  n5713 (net)                                   2       0.0055              0.0000     4.8819 r
  U8195/A (sky130_fd_sc_hd__nand3_1)                              0.2005    0.0000 *   4.8819 r
  U8195/Y (sky130_fd_sc_hd__nand3_1)                              0.1202    0.1403     5.0222 f
  n5721 (net)                                   3       0.0078              0.0000     5.0222 f
  U8205/B (sky130_fd_sc_hd__nand3_1)                              0.1202    0.0000 *   5.0222 f
  U8205/Y (sky130_fd_sc_hd__nand3_1)                              0.0883    0.1282     5.1505 r
  n5729 (net)                                   2       0.0055              0.0000     5.1505 r
  U8206/B (sky130_fd_sc_hd__nor2_1)                               0.0883    0.0000 *   5.1505 r
  U8206/Y (sky130_fd_sc_hd__nor2_1)                               0.0324    0.0491     5.1996 f
  n5741 (net)                                   2       0.0034              0.0000     5.1996 f
  U10772/A (sky130_fd_sc_hd__and2_1)                              0.0324    0.0000 *   5.1996 f
  U10772/X (sky130_fd_sc_hd__and2_1)                              0.0348    0.1250     5.3245 f
  n46654 (net)                                  1       0.0025              0.0000     5.3245 f
  U8278/A (sky130_fd_sc_hd__nor2_1)                               0.0348    0.0000 *   5.3245 f
  U8278/Y (sky130_fd_sc_hd__nor2_1)                               0.1565    0.1501     5.4746 r
  n6239 (net)                                   2       0.0075              0.0000     5.4746 r
  U8811/B (sky130_fd_sc_hd__nand2_2)                              0.1565    0.0000 *   5.4746 r
  U8811/Y (sky130_fd_sc_hd__nand2_2)                              0.0685    0.0998     5.5744 f
  n8135 (net)                                   3       0.0123              0.0000     5.5744 f
  U10372/A (sky130_fd_sc_hd__inv_1)                               0.0685    0.0000 *   5.5744 f
  U10372/Y (sky130_fd_sc_hd__inv_1)                               0.0729    0.0852     5.6596 r
  n8063 (net)                                   2       0.0074              0.0000     5.6596 r
  U10373/A (sky130_fd_sc_hd__inv_2)                               0.0729    0.0000 *   5.6596 r
  U10373/Y (sky130_fd_sc_hd__inv_2)                               0.0236    0.0361     5.6957 f
  n8054 (net)                                   1       0.0045              0.0000     5.6957 f
  U10374/A (sky130_fd_sc_hd__nand2_2)                             0.0236    0.0000 *   5.6957 f
  U10374/Y (sky130_fd_sc_hd__nand2_2)                             0.0429    0.0377     5.7334 r
  n8056 (net)                                   1       0.0028              0.0000     5.7334 r
  U10376/A (sky130_fd_sc_hd__nor2_1)                              0.0429    0.0000 *   5.7334 r
  U10376/Y (sky130_fd_sc_hd__nor2_1)                              0.0333    0.0465     5.7799 f
  n8059 (net)                                   1       0.0049              0.0000     5.7799 f
  U10380/A (sky130_fd_sc_hd__nand2_2)                             0.0333    0.0000 *   5.7799 f
  U10380/Y (sky130_fd_sc_hd__nand2_2)                             0.0621    0.0614     5.8413 r
  n13538 (net)                                  3       0.0081              0.0000     5.8413 r
  U10381/B (sky130_fd_sc_hd__nor2_1)                              0.0621    0.0000 *   5.8413 r
  U10381/Y (sky130_fd_sc_hd__nor2_1)                              0.0403    0.0369     5.8782 f
  conv_controller_inst_N2592 (net)              1       0.0020              0.0000     5.8782 f
  conv_controller_inst_systolic_array_weight_wen_reg_2_/D (sky130_fd_sc_hd__dfxtp_1)   0.0403   0.0000 *   5.8782 f
  data arrival time                                                                    5.8782

  clock ideal_clock (rise edge)                                             6.0000     6.0000
  clock network delay (ideal)                                               0.0000     6.0000
  conv_controller_inst_systolic_array_weight_wen_reg_2_/CLK (sky130_fd_sc_hd__dfxtp_1)   0.0000   6.0000 r
  library setup time                                                       -0.1190     5.8810
  data required time                                                                   5.8810
  -------------------------------------------------------------------------------------------------------------------
  data required time                                                                   5.8810
  data arrival time                                                                   -5.8782
  -------------------------------------------------------------------------------------------------------------------
  slack (MET)                                                                          0.0028


  Startpoint: ifmap_double_buffer_inst_ram_genblk1_15__genblk1_0__sram_macro/clk1
              (internal path startpoint clocked by ideal_clock)
  Endpoint: systolic_array_with_skew_inst_systolic_array_inst/row_0__col_0__mac_inst_ofmap_r_reg_23_
            (rising edge-triggered flip-flop clocked by ideal_clock)
  Path Group: ideal_clock
  Path Type: max

Attributes:
    d - dont_touch
    u - dont_use
   mo - map_only
   so - size_only
    i - ideal_net or ideal_network
  inf - infeasible path

  Point                                       Fanout       Cap     Trans      Incr       Path      Attributes
  -------------------------------------------------------------------------------------------------------------------
  clock ideal_clock (fall edge)                                             3.0000     3.0000
  clock network delay (ideal)                                               0.0000     3.0000
  input external delay                                                      0.0000     3.0000 f
  ifmap_double_buffer_inst_ram_genblk1_15__genblk1_0__sram_macro/clk1 (sky130_sram_1kbyte_1rw1r_32x256_8)   0.0000   0.0000 #   3.0000 f d u mo 
  ifmap_double_buffer_inst_ram_genblk1_15__genblk1_0__sram_macro/dout1[7] (sky130_sram_1kbyte_1rw1r_32x256_8)   0.0071   0.3481   3.3481 f d u mo 
  ifmap_double_buffer_inst_ram_dout1[2439] (net)     1   0.0108             0.0000     3.3481 f
  U10653/A (sky130_fd_sc_hd__nand2_2)                             0.0053    0.0004 *   3.3485 f
  U10653/Y (sky130_fd_sc_hd__nand2_2)                             0.0586    0.0322     3.3807 r
  n8325 (net)                                   1       0.0032              0.0000     3.3807 r
  U10657/A (sky130_fd_sc_hd__nand4_1)                             0.0586    0.0000 *   3.3808 r
  U10657/Y (sky130_fd_sc_hd__nand4_1)                             0.0993    0.0958     3.4766 f
  n8326 (net)                                   1       0.0056              0.0000     3.4766 f
  U10658/A (sky130_fd_sc_hd__inv_2)                               0.0993    0.0000 *   3.4766 f
  U10658/Y (sky130_fd_sc_hd__inv_2)                               0.0991    0.1184     3.5950 r
  n8333 (net)                                   1       0.0197              0.0000     3.5950 r
  U47457/B (sky130_fd_sc_hd__nand2_2)                             0.0991    0.0004 *   3.5954 r
  U47457/Y (sky130_fd_sc_hd__nand2_2)                             0.0368    0.0623     3.6577 f
  n47018 (net)                                  1       0.0049              0.0000     3.6577 f
  U8170/A (sky130_fd_sc_hd__inv_2)                                0.0368    0.0000 *   3.6577 f
  U8170/Y (sky130_fd_sc_hd__inv_2)                                0.1071    0.0985     3.7562 r
  n47017 (net)                                  1       0.0222              0.0000     3.7562 r
  U37640/B (sky130_fd_sc_hd__nand3_2)                             0.1071    0.0012 *   3.7574 r
  U37640/Y (sky130_fd_sc_hd__nand3_2)                             0.0689    0.0933     3.8507 f
  systolic_array_with_skew_inst_ifmap[7] (net)     1    0.0068              0.0000     3.8507 f
  systolic_array_with_skew_inst_systolic_array_inst/ifmap_in[7] (conv_systolic_array_IFMAP_WIDTH8_WEIGHT_WIDTH8_OFMAP_WIDTH32_ARRAY_HEIGHT16_ARRAY_WIDTH16_0)   0.0000   3.8507 f
  systolic_array_with_skew_inst_systolic_array_inst/ifmap_in[7] (net)   0.0068   0.0000   3.8507 f
  systolic_array_with_skew_inst_systolic_array_inst/U64440/A (sky130_fd_sc_hd__buf_8)   0.0689   0.0000 *   3.8507 f
  systolic_array_with_skew_inst_systolic_array_inst/U64440/X (sky130_fd_sc_hd__buf_8)   0.0667   0.1696   4.0203 f
  systolic_array_with_skew_inst_systolic_array_inst/n126665 (net)     5   0.0769   0.0000   4.0203 f
  systolic_array_with_skew_inst_systolic_array_inst/U27443/B (sky130_fd_sc_hd__xnor2_1)   0.0667   0.0079 *   4.0282 f
  systolic_array_with_skew_inst_systolic_array_inst/U27443/Y (sky130_fd_sc_hd__xnor2_1)   0.0966   0.1555   4.1837 f
  systolic_array_with_skew_inst_systolic_array_inst/n8 (net)     2   0.0079   0.0000   4.1837 f
  systolic_array_with_skew_inst_systolic_array_inst/U26400/B2 (sky130_fd_sc_hd__o22ai_1)   0.0966   0.0000 *   4.1837 f
  systolic_array_with_skew_inst_systolic_array_inst/U26400/Y (sky130_fd_sc_hd__o22ai_1)   0.2315   0.1923   4.3760 r
  systolic_array_with_skew_inst_systolic_array_inst/n42 (net)     1   0.0077   0.0000   4.3760 r
  systolic_array_with_skew_inst_systolic_array_inst/U101/B (sky130_fd_sc_hd__fah_1)   0.2315   0.0000 *   4.3760 r
  systolic_array_with_skew_inst_systolic_array_inst/U101/COUT (sky130_fd_sc_hd__fah_1)   0.3400   0.5316   4.9076 r
  systolic_array_with_skew_inst_systolic_array_inst/n319 (net)     2   0.0355   0.0000   4.9076 r
  systolic_array_with_skew_inst_systolic_array_inst/U33/A (sky130_fd_sc_hd__nand2_2)   0.3400   0.0021 *   4.9097 r
  systolic_array_with_skew_inst_systolic_array_inst/U33/Y (sky130_fd_sc_hd__nand2_2)   0.0888   0.0956   5.0053 f
  systolic_array_with_skew_inst_systolic_array_inst/n116426 (net)     2   0.0071   0.0000   5.0053 f
  systolic_array_with_skew_inst_systolic_array_inst/U34/A (sky130_fd_sc_hd__inv_2)   0.0888   0.0000 *   5.0053 f
  systolic_array_with_skew_inst_systolic_array_inst/U34/Y (sky130_fd_sc_hd__inv_2)   0.0521   0.0762   5.0816 r
  systolic_array_with_skew_inst_systolic_array_inst/n535 (net)     2   0.0083   0.0000   5.0816 r
  systolic_array_with_skew_inst_systolic_array_inst/U41/A1 (sky130_fd_sc_hd__a21oi_2)   0.0521   0.0001 *   5.0816 r
  systolic_array_with_skew_inst_systolic_array_inst/U41/Y (sky130_fd_sc_hd__a21oi_2)   0.0613   0.0639   5.1455 f
  systolic_array_with_skew_inst_systolic_array_inst/n572 (net)     2   0.0102   0.0000   5.1455 f
  systolic_array_with_skew_inst_systolic_array_inst/U49/A2 (sky130_fd_sc_hd__o21ai_2)   0.0613   0.0001 *   5.1456 f
  systolic_array_with_skew_inst_systolic_array_inst/U49/Y (sky130_fd_sc_hd__o21ai_2)   0.1612   0.1617   5.3074 r
  systolic_array_with_skew_inst_systolic_array_inst/n448 (net)     3   0.0102   0.0000   5.3074 r
  systolic_array_with_skew_inst_systolic_array_inst/U58/A1 (sky130_fd_sc_hd__a21oi_2)   0.1612   0.0000 *   5.3074 r
  systolic_array_with_skew_inst_systolic_array_inst/U58/Y (sky130_fd_sc_hd__a21oi_2)   0.0614   0.0852   5.3926 f
  systolic_array_with_skew_inst_systolic_array_inst/n501 (net)     3   0.0072   0.0000   5.3926 f
  systolic_array_with_skew_inst_systolic_array_inst/U60/A2 (sky130_fd_sc_hd__o21ai_1)   0.0614   0.0000 *   5.3926 f
  systolic_array_with_skew_inst_systolic_array_inst/U60/Y (sky130_fd_sc_hd__o21ai_1)   0.1342   0.1418   5.5344 r
  systolic_array_with_skew_inst_systolic_array_inst/n22 (net)     1   0.0047   0.0000   5.5344 r
  systolic_array_with_skew_inst_systolic_array_inst/U61/A (sky130_fd_sc_hd__inv_2)   0.1342   0.0000 *   5.5344 r
  systolic_array_with_skew_inst_systolic_array_inst/U61/Y (sky130_fd_sc_hd__inv_2)   0.0372   0.0495   5.5839 f
  systolic_array_with_skew_inst_systolic_array_inst/n322 (net)     2   0.0059   0.0000   5.5839 f
  systolic_array_with_skew_inst_systolic_array_inst/U8584/A (sky130_fd_sc_hd__and2_1)   0.0372   0.0000 *   5.5839 f
  systolic_array_with_skew_inst_systolic_array_inst/U8584/X (sky130_fd_sc_hd__and2_1)   0.0360   0.1285   5.7124 f
  systolic_array_with_skew_inst_systolic_array_inst/n114260 (net)     1   0.0028   0.0000   5.7124 f
  systolic_array_with_skew_inst_systolic_array_inst/U7299/A2 (sky130_fd_sc_hd__a21oi_1)   0.0360   0.0000 *   5.7124 f
  systolic_array_with_skew_inst_systolic_array_inst/U7299/Y (sky130_fd_sc_hd__a21oi_1)   0.1067   0.1311   5.8435 r
  systolic_array_with_skew_inst_systolic_array_inst/n331 (net)     1   0.0028   0.0000   5.8435 r
  systolic_array_with_skew_inst_systolic_array_inst/U64446/A (sky130_fd_sc_hd__nand2_1)   0.1067   0.0000 *   5.8435 r
  systolic_array_with_skew_inst_systolic_array_inst/U64446/Y (sky130_fd_sc_hd__nand2_1)   0.0399   0.0557   5.8992 f
  systolic_array_with_skew_inst_systolic_array_inst/n126511 (net)     1   0.0022   0.0000   5.8992 f
  systolic_array_with_skew_inst_systolic_array_inst/U64445/A (sky130_fd_sc_hd__inv_1)   0.0399   0.0000 *   5.8992 f
  systolic_array_with_skew_inst_systolic_array_inst/U64445/Y (sky130_fd_sc_hd__inv_1)   0.0281   0.0414   5.9407 r
  systolic_array_with_skew_inst_systolic_array_inst/row_0__col_0__mac_inst_N35 (net)     1   0.0019   0.0000   5.9407 r
  systolic_array_with_skew_inst_systolic_array_inst/row_0__col_0__mac_inst_ofmap_r_reg_23_/D (sky130_fd_sc_hd__dfxtp_1)   0.0281   0.0000 *   5.9407 r
  data arrival time                                                                    5.9407

  clock ideal_clock (rise edge)                                             6.0000     6.0000
  clock network delay (ideal)                                               0.0000     6.0000
  systolic_array_with_skew_inst_systolic_array_inst/row_0__col_0__mac_inst_ofmap_r_reg_23_/CLK (sky130_fd_sc_hd__dfxtp_1)   0.0000   6.0000 r
  library setup time                                                       -0.0565     5.9435
  data required time                                                                   5.9435
  -------------------------------------------------------------------------------------------------------------------
  data required time                                                                   5.9435
  data arrival time                                                                   -5.9407
  -------------------------------------------------------------------------------------------------------------------
  slack (MET)                                                                          0.0029


1
